{"gradients/fc1.weight":{"bins":[-0.15199553966522217,-0.14824670553207397,-0.1444978564977646,-0.1407490223646164,-0.1370001882314682,-0.1332513391971588,-0.12950250506401062,-0.12575367093086243,-0.12200482189655304,-0.11825598776340485,-0.11450714617967606,-0.11075830459594727,-0.10700947046279907,-0.10326062142848969,-0.09951178729534149,-0.0957629457116127,-0.09201410412788391,-0.08826526999473572,-0.08451642841100693,-0.08076758682727814,-0.07701875269412994,-0.07326991111040115,-0.06952106952667236,-0.06577222794294357,-0.06202339380979538,-0.05827455222606659,-0.0545257106423378,-0.050776876509189606,-0.047028034925460815,-0.043279193341732025,-0.039530351758003235,-0.03578151762485504,-0.03203267604112625,-0.02828383445739746,-0.024535000324249268,-0.020786158740520477,-0.017037317156791687,-0.013288475573062897,-0.009539641439914703,-0.005790799856185913,-0.002041958272457123,0.0017068758606910706,0.005455717444419861,0.009204559028148651,0.012953400611877441,0.016702234745025635,0.020451076328754425,0.024199917912483215,0.027948755770921707,0.0316975936293602,0.03544643521308899,0.03919527307152748,0.04294411465525627,0.04669295251369476,0.05044179409742355,0.054190631955862045,0.05793946981430054,0.06168831139802933,0.06543715298175812,0.06918598711490631,0.0729348286986351,0.07668367028236389,0.08043251186609268,0.08418134599924088,0.08793018758296967],"_type":"histogram","values":[1,0,0,0,0,0,0,0,0,0,0,1,0,1,0,1,0,1,0,0,1,1,1,3,2,5,1,4,9,6,9,10,14,16,19,33,38,42,43,55,52,49,42,41,42,21,22,30,18,13,12,11,9,4,5,5,1,3,1,2,0,2,1,1]},"_step":100,"gradients/fc1.bias":{"values":[3,1,1,0,1,2,0,0,1,0,1,0,0,2,0,3,2,2,1,4,3,0,1,3,1,2,1,3,2,3,1,4,4,3,2,0,1,2,1,0,0,0,0,0,1,0,0,0,0,0,1,0,0,0,0,0,0,0,0,0,0,0,0,1],"bins":[-0.05261417105793953,-0.05045075714588165,-0.048287343233823776,-0.0461239293217659,-0.043960511684417725,-0.04179709777235985,-0.03963368386030197,-0.037470269948244095,-0.03530685603618622,-0.03314343839883804,-0.030980024486780167,-0.02881661057472229,-0.026653196662664413,-0.024489780887961388,-0.02232636697590351,-0.020162951201200485,-0.01799953728914261,-0.015836123377084732,-0.013672709465026855,-0.01150929182767868,-0.009345877915620804,-0.007182464003562927,-0.005019050091505051,-0.002855636179447174,-0.0006922222673892975,0.0014711953699588776,0.003634609282016754,0.005798023194074631,0.007961437106132507,0.010124851018190384,0.012288268655538559,0.014451678842306137,0.016615092754364014,0.01877851039171219,0.020941920578479767,0.023105338215827942,0.02526875212788582,0.027432166039943695,0.02959557995200157,0.03175899386405945,0.03392241150140762,0.0360858254134655,0.038249239325523376,0.04041265323758125,0.04257606714963913,0.044739481061697006,0.04690289869904518,0.04906631261110306,0.051229726523160934,0.05339314043521881,0.055556558072566986,0.057719968259334564,0.05988338589668274,0.062046799808740616,0.06421021372079849,0.06637363135814667,0.06853704154491425,0.07070045918226242,0.0728638768196106,0.07502728700637817,0.07719070464372635,0.07935411483049393,0.0815175324678421,0.08368094265460968,0.08584436029195786],"_type":"histogram"},"confusion_matrix":[[0,0,4,2,0,0],[0,1,74,19,1,1],[0,1,32,58,8,0],[0,0,0,11,15,0],[0,0,0,0,2,0],[0,0,0,0,0,0]],"epoch":100,"parameters/fc1.weight":{"bins":[-0.6908790469169617,-0.6721064448356628,-0.6533339023590088,-0.63456130027771,-0.6157886981964111,-0.5970161557197571,-0.5782435536384583,-0.5594710111618042,-0.5406984090805054,-0.5219258069992065,-0.5031532049179077,-0.48438066244125366,-0.46560806035995483,-0.4468354880809784,-0.42806291580200195,-0.4092903137207031,-0.3905177414417267,-0.37174516916275024,-0.3529725670814514,-0.334199994802475,-0.31542742252349854,-0.2966548204421997,-0.27788224816322327,-0.2591096758842468,-0.240337073802948,-0.22156450152397156,-0.20279192924499512,-0.1840193271636963,-0.16524678468704224,-0.1464741826057434,-0.12770158052444458,-0.10892903804779053,-0.0901564359664917,-0.07138383388519287,-0.05261129140853882,-0.03383868932723999,-0.015066087245941162,0.0037064552307128906,0.02247905731201172,0.04125162959098816,0.0600242018699646,0.07879680395126343,0.09756937623023987,0.11634194850921631,0.13511455059051514,0.15388712286949158,0.17265969514846802,0.19143229722976685,0.2102048695087433,0.22897744178771973,0.24775004386901855,0.266522616147995,0.28529518842697144,0.30406779050827026,0.3228403627872467,0.34161293506622314,0.360385537147522,0.3791581094264984,0.39793068170547485,0.4167032837867737,0.4354758560657501,0.45424842834472656,0.473021000623703,0.49179360270500183,0.5105661749839783],"_type":"histogram","values":[1,0,0,0,3,1,0,2,1,3,3,2,0,7,9,9,9,14,17,12,15,12,20,12,12,11,14,17,19,17,6,13,11,16,23,8,20,16,21,14,17,23,14,21,21,22,22,26,13,23,16,13,5,19,9,11,10,4,7,2,4,2,8,2]},"_timestamp":1.7328773482089992e+09,"parameters/fc3.weight":{"bins":[-1.2516610622406006,-1.2206710577011108,-1.189681053161621,-1.1586910486221313,-1.1277010440826416,-1.0967110395431519,-1.065721035003662,-1.0347310304641724,-1.0037410259246826,-0.9727510213851929,-0.9417610168457031,-0.9107710123062134,-0.8797810673713684,-0.8487910628318787,-0.8178010582923889,-0.7868110537528992,-0.7558210492134094,-0.7248310446739197,-0.6938410401344299,-0.6628510355949402,-0.6318610310554504,-0.6008710265159607,-0.569881021976471,-0.5388910174369812,-0.5079010725021362,-0.4769110679626465,-0.44592106342315674,-0.414931058883667,-0.38394105434417725,-0.3529510498046875,-0.32196104526519775,-0.290971040725708,-0.25998109579086304,-0.2289910912513733,-0.19800108671188354,-0.1670110821723938,-0.13602107763290405,-0.1050310730934143,-0.07404106855392456,-0.043051064014434814,-0.012061059474945068,0.018928885459899902,0.04991888999938965,0.0809088945388794,0.11189889907836914,0.1428889036178589,0.17387890815734863,0.20486891269683838,0.23585891723632812,0.26684892177581787,0.2978389263153076,0.32882893085479736,0.3598189353942871,0.39080891013145447,0.4217989146709442,0.45278891921043396,0.4837789237499237,0.5147689580917358,0.5457589626312256,0.5767489075660706,0.6077389121055603,0.63872891664505,0.6697189211845398,0.7007089257240295,0.7316989302635193],"_type":"histogram","values":[1,0,0,0,0,0,0,0,0,0,1,0,4,0,1,0,2,4,4,1,2,3,3,2,7,3,3,4,5,6,14,11,14,7,10,22,13,21,17,12,18,20,19,22,22,20,20,14,6,7,4,5,1,4,1,0,0,1,0,2,0,0,0,1]},"gradients/fc3.weight":{"_type":"histogram","values":[2,0,0,0,0,1,0,1,0,0,0,0,1,2,1,0,2,0,0,3,2,2,1,2,1,5,5,1,2,3,3,5,8,10,3,7,9,12,12,26,75,28,26,25,21,20,13,10,10,3,1,4,1,4,0,1,3,2,1,1,0,1,1,1],"bins":[-0.10137251764535904,-0.09883564710617065,-0.09629877656698227,-0.09376190602779388,-0.0912250354886055,-0.08868816494941711,-0.08615130186080933,-0.08361443132162094,-0.08107756078243256,-0.07854069024324417,-0.07600381970405579,-0.0734669491648674,-0.07093007862567902,-0.06839320808649063,-0.06585633754730225,-0.06331947445869446,-0.060782600194215775,-0.05824572965502739,-0.055708859115839005,-0.05317199230194092,-0.05063512176275253,-0.04809825122356415,-0.04556138068437576,-0.04302451014518738,-0.04048763960599899,-0.03795076906681061,-0.03541389852762222,-0.032877035439014435,-0.03034016489982605,-0.027803294360637665,-0.02526642382144928,-0.022729553282260895,-0.02019267901778221,-0.017655808478593826,-0.015118937939405441,-0.012582067400217056,-0.010045196861028671,-0.007508326321840286,-0.004971463233232498,-0.002434592694044113,0.00010227784514427185,0.002639148384332657,0.005176018923521042,0.007712889462709427,0.010249760001897812,0.012786630541086197,0.015323497354984283,0.01786036789417267,0.020397238433361053,0.02293410897254944,0.025470979511737823,0.02800784632563591,0.030544716864824295,0.03308158740401268,0.035618457943201065,0.03815532475709915,0.04069219529628754,0.04322906583547592,0.04576593637466431,0.04830280691385269,0.05083967745304108,0.05337654799222946,0.05591341480612755,0.05845028534531593,0.06098715588450432]},"accuracy":0.8293216630196937,