{"parameters/graph_1fc1.weight":{"values":[3,2,4,19,15,19,25,17,22,27,24,21,28,25,20,23,26,21,31,21,26,26,21,18,25,20,28,25,36,22,21,25,25,27,28,32,18,22,26,23,31,27,25,30,22,16,30,19,30,18,26,23,25,23,29,30,18,21,15,18,17,14,11,3],"bins":[-0.3600568473339081,-0.34910833835601807,-0.33815985918045044,-0.3272113800048828,-0.3162628710269928,-0.3053143620491028,-0.29436588287353516,-0.28341740369796753,-0.2724688947200775,-0.2615203857421875,-0.2505719065666199,-0.23962341248989105,-0.22867491841316223,-0.2177264243364334,-0.2067779302597046,-0.19582943618297577,-0.18488094210624695,-0.17393244802951813,-0.1629839539527893,-0.15203545987606049,-0.14108696579933167,-0.13013847172260284,-0.11918997764587402,-0.10824146866798401,-0.09729298949241638,-0.08634451031684875,-0.07539600133895874,-0.06444749236106873,-0.0534990131855011,-0.04255053400993347,-0.03160202503204346,-0.020653516054153442,-0.009705066680908203,0.0012434124946594238,0.012191921472549438,0.023140430450439453,0.03408890962600708,0.04503738880157471,0.05598589777946472,0.06693440675735474,0.07788288593292236,0.08883136510848999,0.09977987408638,0.11072836816310883,0.12167686223983765,0.13262535631656647,0.1435738503932953,0.1545223444700241,0.16547083854675293,0.17641933262348175,0.18736782670021057,0.1983163207769394,0.2092648148536682,0.22021330893039703,0.23116180300712585,0.24211029708385468,0.2530587911605835,0.2640072703361511,0.27495577931404114,0.28590428829193115,0.2968527674674988,0.3078012466430664,0.3187497556209564,0.32969826459884644,0.34064674377441406],"_type":"histogram"},"gradients/graph_1fc2.bias":{"values":[1,0,1,1,0,2,0,0,2,1,1,0,4,2,1,4,3,1,2,0,2,1,1,2,2,8,0,3,1,4,3,6,4,7,3,6,3,2,3,3,6,5,3,2,3,3,2,2,3,1,0,3,1,1,1,0,0,1,0,0,0,0,0,1],"bins":[-0.016976159065961838,-0.01649254932999611,-0.01600893959403038,-0.015525330789387226,-0.015041721053421497,-0.014558112248778343,-0.014074502512812614,-0.013590892776846886,-0.013107283040881157,-0.012623674236238003,-0.012140064500272274,-0.01165645569562912,-0.011172845959663391,-0.010689236223697662,-0.010205626487731934,-0.009722016751766205,-0.00923840794712305,-0.008754798211157322,-0.008271189406514168,-0.007787579670548439,-0.00730396993458271,-0.006820361129939556,-0.006336751393973827,-0.005853141658008099,-0.0053695328533649445,-0.004885923117399216,-0.004402313381433487,-0.003918703645467758,-0.003435094840824604,-0.0029514851048588753,-0.0024678753688931465,-0.0019842665642499924,-0.0015006568282842636,-0.0010170470923185349,-0.0005334382876753807,-4.982855170965195e-05,0.0004337811842560768,0.000917389988899231,0.0014009997248649597,0.0018846094608306885,0.0023682191967964172,0.0028518280014395714,0.0033354377374053,0.003819047473371029,0.004302656278014183,0.004786266013979912,0.0052698757499456406,0.005753484554588795,0.0062370942905545235,0.006720703560858965,0.007204313296824694,0.007687922567129135,0.008171532303094864,0.008655142039060593,0.009138750843703747,0.009622360579669476,0.01010596938431263,0.010589579120278358,0.011073188856244087,0.011556798592209816,0.01204040739685297,0.012524017132818699,0.013007626868784428,0.013491235673427582,0.01397484540939331],"_type":"histogram"},"gradients/graph_1fc3.weight":{"bins":[-0.09363504499197006,-0.0913168340921402,-0.08899863064289093,-0.08668041974306107,-0.0843622162938118,-0.08204400539398193,-0.07972580194473267,-0.0774075910449028,-0.07508938759565353,-0.07277117669582367,-0.0704529732465744,-0.06813476234674454,-0.06581655144691467,-0.0634983479976654,-0.06118014082312584,-0.05886193364858627,-0.05654372647404671,-0.05422551929950714,-0.051907312124967575,-0.04958910495042801,-0.04727089777588844,-0.04495269060134888,-0.04263448342680931,-0.040316276252269745,-0.03799806535243988,-0.035679858177900314,-0.03336165100336075,-0.03104344755411148,-0.028725236654281616,-0.02640703320503235,-0.024088822305202484,-0.021770618855953217,-0.019452404230833054,-0.01713419333100319,-0.014815989881753922,-0.012497778981924057,-0.01017957553267479,-0.007861364632844925,-0.005543161183595657,-0.0032249540090560913,-0.0009067468345165253,0.0014114640653133392,0.0037296712398529053,0.006047878414392471,0.008366085588932037,0.010684292763471603,0.01300249993801117,0.015320707112550735,0.0176389142870903,0.019957121461629868,0.022275328636169434,0.024593535810709,0.026911742985248566,0.02922995202243328,0.0315481573343277,0.03386636823415756,0.03618457168340683,0.038502782583236694,0.04082098603248596,0.043139196932315826,0.04545740410685539,0.04777561128139496,0.050093818455934525,0.05241202563047409,0.05473023280501366],"_type":"histogram","values":[3,1,1,2,1,1,3,0,2,1,1,2,3,8,4,4,4,1,3,2,2,2,6,7,2,4,5,2,2,1,2,3,5,0,2,5,7,22,37,55,174,102,67,29,11,15,12,11,16,15,22,15,8,10,12,9,6,5,3,3,2,2,0,1]},"val_accuracy":0.5901639344262295,"parameters/graph_1fc2.weight":{"_type":"histogram","values":[1,8,10,18,23,40,54,99,106,147,183,225,251,268,286,284,320,352,393,396,373,351,401,382,378,391,387,390,396,400,416,390,399,380,413,402,378,405,383,384,394,389,393,392,373,379,407,352,321,299,281,210,207,167,146,148,91,68,45,22,18,11,5,3],"bins":[-0.1285277158021927,-0.1242932677268982,-0.1200588271021843,-0.1158243790268898,-0.1115899384021759,-0.10735549032688141,-0.10312104225158691,-0.09888659417629242,-0.09465215355157852,-0.09041771292686462,-0.08618326485157013,-0.08194881677627563,-0.07771436870098114,-0.07347992807626724,-0.06924548000097275,-0.06501103937625885,-0.060776591300964355,-0.05654214322566986,-0.05230770260095596,-0.04807325452566147,-0.04383881390094757,-0.039604365825653076,-0.03536991775035858,-0.031135477125644684,-0.02690102905035019,-0.022666580975055695,-0.018432140350341797,-0.014197692275047302,-0.009963244199752808,-0.00572880357503891,-0.0014943629503250122,0.0027400851249694824,0.006974518299102783,0.011208966374397278,0.015443414449691772,0.01967785507440567,0.023912295699119568,0.028146743774414062,0.03238119184970856,0.036615632474422455,0.04085008054971695,0.045084528625011444,0.04931896924972534,0.053553417325019836,0.05778786540031433,0.06202230602502823,0.06625675410032272,0.07049119472503662,0.07472564280033112,0.07896009087562561,0.08319453150033951,0.087428979575634,0.0916634202003479,0.0958978682756424,0.10013231635093689,0.10436676442623138,0.10860120505094528,0.11283564567565918,0.11707009375095367,0.12130454182624817,0.12553898990154266,0.12977343797683716,0.13400787115097046,0.13824231922626495,0.14247676730155945]},"gradients/graph_1fc1.weight":{"values":[1,0,0,0,1,0,2,2,1,0,1,1,3,2,9,6,6,9,9,15,22,24,37,41,55,53,76,73,97,102,106,111,88,82,48,80,52,37,36,28,7,21,8,15,8,5,5,6,2,4,4,3,1,1,0,0,0,0,1,0,0,0,0,1],