{"_runtime":27.899887,"val_accuracy":0.8599137931034483,"val_loss":0.42145881007115044,"_timestamp":1.7328913367880204e+09,"epoch":250,"parameters/graph_3fc1.weight":{"_type":"histogram","values":[1,0,0,0,0,2,3,1,3,3,1,4,8,7,11,15,10,14,14,21,20,23,36,21,33,40,45,54,48,55,45,51,45,64,50,59,59,51,54,55,52,47,50,48,30,29,34,16,20,12,14,8,7,6,2,1,1,3,1,0,0,0,0,1],"bins":[-1.910657525062561,-1.8548874855041504,-1.7991175651550293,-1.7433475255966187,-1.687577486038208,-1.6318074464797974,-1.5760374069213867,-1.5202674865722656,-1.464497447013855,-1.4087274074554443,-1.3529574871063232,-1.2971874475479126,-1.241417407989502,-1.1856473684310913,-1.1298773288726807,-1.0741074085235596,-1.018337368965149,-0.9625673294067383,-0.9067972898483276,-0.8510273694992065,-0.7952573299407959,-0.7394872903823853,-0.6837173700332642,-0.6279473304748535,-0.5721772909164429,-0.5164072513580322,-0.4606372117996216,-0.4048672914505005,-0.34909725189208984,-0.2933272123336792,-0.2375572919845581,-0.18178725242614746,-0.12601721286773682,-0.07024717330932617,-0.014477133750915527,0.041292786598205566,0.09706282615661621,0.15283286571502686,0.20860278606414795,0.2643728256225586,0.32014286518096924,0.3759129047393799,0.4316829442977905,0.4874528646469116,0.5432229042053223,0.5989929437637329,0.654762864112854,0.7105329036712646,0.7663029432296753,0.8220729827880859,0.8778429627418518,0.9336129426956177,0.9893829822540283,1.045153021812439,1.1009230613708496,1.1566929817199707,1.2124630212783813,1.268233060836792,1.324002981185913,1.3797730207443237,1.4355430603027344,1.491313099861145,1.5470831394195557,1.6028530597686768,1.6586230993270874]},"parameters/graph_3fc2.bias":{"bins":[-0.19571013748645782,-0.18959654867649078,-0.18348295986652374,-0.1773693710565567,-0.17125578224658966,-0.16514219343662262,-0.15902860462665558,-0.15291501581668854,-0.1468014270067215,-0.14068783819675446,-0.13457424938678741,-0.12846066057682037,-0.12234707176685333,-0.11623348295688629,-0.11011989414691925,-0.10400630533695221,-0.09789271652698517,-0.09177912771701813,-0.08566553890705109,-0.07955195009708405,-0.073438361287117,-0.06732477247714996,-0.06121118366718292,-0.05509759485721588,-0.04898400604724884,-0.0428704172372818,-0.03675682842731476,-0.030643239617347717,-0.024529650807380676,-0.018416061997413635,-0.012302473187446594,-0.006188884377479553,-7.528066635131836e-05,0.006038308143615723,0.012151896953582764,0.018265485763549805,0.024379074573516846,0.030492663383483887,0.03660625219345093,0.04271984100341797,0.04883342981338501,0.05494701862335205,0.06106060743331909,0.06717419624328613,0.07328778505325317,0.07940137386322021,0.08551496267318726,0.0916285514831543,0.09774214029312134,0.10385572910308838,0.10996931791305542,0.11608290672302246,0.1221964955329895,0.12831008434295654,0.13442367315292358,0.14053726196289062,0.14665085077285767,0.1527644395828247,0.15887802839279175,0.1649916172027588,0.17110520601272583,0.17721879482269287,0.1833323836326599,0.18944597244262695,0.195559561252594],"_type":"histogram","values":[1,0,0,0,0,1,0,0,0,0,0,0,0,0,0,0,0,0,0,0,0,0,0,0,0,0,2,0,0,0,0,0,0,0,0,0,0,0,0,1,0,0,0,0,0,0,0,0,0,0,0,0,0,0,0,0,0,0,0,0,0,0,0,1]},"parameters/graph_3fc2.weight":{"_type":"histogram","values":[4,0,0,2,2,1,2,1,1,5,2,2,5,0,3,1,8,5,3,2,4,4,4,3,9,7,8,9,11,6,10,10,2,18,19,21,28,26,33,33,65,51,56,54,52,48,26,20,20,13,6,10,6,6,3,5,3,4,0,0,3,0,2,1],"bins":[-3.6631739139556885,-3.5737369060516357,-3.484299898147583,-3.394862651824951,-3.3054256439208984,-3.2159886360168457,-3.126551628112793,-3.0371146202087402,-2.9476776123046875,-2.8582403659820557,-2.768803358078003,-2.67936635017395,-2.5899293422698975,-2.5004920959472656,-2.411055088043213,-2.32161808013916,-2.2321810722351074,-2.1427440643310547,-2.053307056427002,-1.9638699293136597,-1.8744328022003174,-1.7849957942962646,-1.695558786392212,-1.6061217784881592,-1.5166847705841064,-1.4272475242614746,-1.3378105163574219,-1.2483735084533691,-1.1589365005493164,-1.0694994926452637,-0.9800622463226318,-0.8906252384185791,-0.8011884689331055,-0.7117514610290527,-0.622314453125,-0.5328772068023682,-0.44344019889831543,-0.3540031909942627,-0.26456618309020996,-0.17512917518615723,-0.08569192886352539,0.0037450790405273438,0.09318208694458008,0.1826190948486328,0.27205610275268555,0.36149322986602783,0.45093023777008057,0.5403673648834229,0.6298043727874756,0.7192413806915283,0.8086785078048706,0.8981155157089233,0.9875526428222656,1.0769896507263184,1.166426658630371,1.2558636665344238,1.3453007936477661,1.4347379207611084,1.5241749286651611,1.6136119365692139,1.7030489444732666,1.7924860715866089,1.8819230794906616,1.971360206604004,2.0607972145080566]},"test_classification_report":"              precision    recall  f1-score   support\n\n           0       1.00      1.00      1.00        91\n           1       0.90      1.00      0.95        98\n           2       0.73      0.65      0.69        93\n           3       0.63      0.53      0.58       101\n           4       0.85      0.94      0.89       109\n           5       0.96      1.00      0.98        88\n\n    accuracy                           0.85       580\n   macro avg       0.84      0.85      0.85       580\nweighted avg       0.84      0.85      0.84       580\n","train_accuracy":0.9509169363538296,"test_confusion_matrix":[[91,0,0,0,0,0],[0,98,0,0,0,0],[0,7,60,26,0,0],[0,4,22,54,18,3],[0,0,0,6,102,1],[0,0,0,0,0,88]],"gradients/graph_3fc2.bias":{"values":[1,0,0,0,0,0,0,0,0,0,0,0,0,0,0,0,0,0,0,0,0,1,0,0,0,0,1,2,0,0,0,0,0,0,0,0,0,0,0,0,0,0,0,0,0,0,0,0,0,0,0,0,0,0,0,0,0,0,0,0,0,0,0,1],"bins":[-0.0531616136431694,-0.051262497901916504,-0.0493633858859539,-0.047464270144701004,-0.0455651581287384,-0.043666042387485504,-0.041766926646232605,-0.039867810904979706,-0.037968698889017105,-0.036069586873054504,-0.034170471131801605,-0.032271355390548706,-0.030372241511940956,-0.028473127633333206,-0.026574011892080307,-0.024674898013472557,-0.022775784134864807,-0.020876668393611908,-0.018977556377649307,-0.017078440636396408,-0.015179328620433807,-0.013280212879180908,-0.011381097137928009,-0.009481985121965408,-0.007582869380712509,-0.00568375363945961,-0.0037846416234970093,-0.00188552588224411,1.3589859008789062e-05,0.0019127018749713898,0.003811817616224289,0.00571092963218689,0.007610045373439789,0.009509161114692688,0.011408273130655289,0.013307388871908188,0.015206500887870789,0.017105616629123688,0.019004732370376587,0.020903844386339188,0.022802960127592087,0.024702075868844986,0.026601187884807587,0.028500303626060486,0.030399419367313385,0.032298531383275986,0.034197647124528885,0.036096759140491486,0.037995874881744385,0.039894990622997284,0.041794102638959885,0.043693218380212784,0.045592330396175385,0.047491446137428284,0.04939056187868118,0.05128967761993408,0.05318878963589668,0.05508790165185928,0.05698701739311218,0.05888613313436508,0.06078524887561798,0.06268436461687088,0.06458347290754318,0.06648258864879608,0.06838170439004898],"_type":"histogram"},"_wandb":{"runtime":27},"train_loss":0.1522567544517846,"_step":250,"test_accuracy":0.85,"gradients/graph_3fc1.weight":{"_type":"histogram","values":[1,0,0,0,0,0,1,0,0,0,0,0,1,1,1,2,0,2,2,2,3,2,4,6,5,10,5,10,21,22,28,41,49,63,98,129,177,188,140,96,70,57,42,23,22,16,24,8,8,3,8,4,2,4,2,2,1,0,1,0,0,0,0,1],