{"parameters/graph_2fc1.bias":{"bins":[-0.30589357018470764,-0.29307320713996887,-0.2802528440952301,-0.26743248105049133,-0.25461211800575256,-0.2417917549610138,-0.22897137701511383,-0.21615101397037506,-0.2033306509256363,-0.19051028788089752,-0.17768992483615875,-0.16486956179141998,-0.15204918384552002,-0.13922882080078125,-0.12640845775604248,-0.11358809471130371,-0.10076773166656494,-0.08794736862182617,-0.0751270055770874,-0.06230664253234863,-0.04948627948760986,-0.036665916442871094,-0.023845553398132324,-0.011025190353393555,0.0017952024936676025,0.014615565538406372,0.02743592858314514,0.04025629162788391,0.05307665467262268,0.06589701771736145,0.07871738076210022,0.09153774380683899,0.10435813665390015,0.11717849969863892,0.12999886274337769,0.14281922578811646,0.15563958883285522,0.168459951877594,0.18128031492233276,0.19410067796707153,0.2069210410118103,0.21974143385887146,0.23256179690361023,0.245382159948349,0.25820252299308777,0.27102288603782654,0.2838432490825653,0.2966636121273041,0.30948397517204285,0.3223043382167816,0.3351247012615204,0.34794506430625916,0.3607654273509979,0.3735858201980591,0.38640618324279785,0.3992265462875366,0.4120469093322754,0.42486727237701416,0.43768763542175293,0.4505079984664917,0.46332836151123047,0.47614872455596924,0.488969087600708,0.5017894506454468,0.5146098136901855],"_type":"histogram","values":[2,2,0,1,1,1,0,1,1,3,0,2,1,3,3,0,3,4,2,1,1,0,4,5,0,1,3,1,3,6,0,1,4,3,4,3,3,6,5,5,3,3,5,2,0,3,1,3,4,0,2,0,1,0,2,1,2,2,2,1,0,1,0,1]},"test_confusion_matrix":[[91,0,0,0,0,0],[6,72,16,3,1,0],[2,11,60,18,2,0],[1,12,21,35,26,6],[0,1,4,25,63,16],[0,0,0,0,0,88]],"_timestamp":1.7328912978909466e+09,"test_classification_report":"              precision    recall  f1-score   support\n\n           0       0.91      1.00      0.95        91\n           1       0.75      0.73      0.74        98\n           2       0.59      0.65      0.62        93\n           3       0.43      0.35      0.38       101\n           4       0.68      0.58      0.63       109\n           5       0.80      1.00      0.89        88\n\n    accuracy                           0.71       580\n   macro avg       0.70      0.72      0.70       580\nweighted avg       0.69      0.71      0.69       580\n","train_loss":0.6632223057335821,"_step":250,"_runtime":20.325313,"train_accuracy":0.7529665587918015,"val_accuracy":0.7521551724137931,"parameters/graph_2fc2.weight":{"values":[1,0,0,0,0,2,2,3,3,6,6,4,6,2,7,9,3,5,3,11,9,4,10,9,12,10,7,8,9,12,15,19,19,21,18,37,33,20,24,32,40,31,26,40,32,32,28,25,22,21,24,7,7,12,3,5,5,2,3,1,0,0,0,1],"bins":[-0.6244690418243408,-0.6086365580558777,-0.5928040742874146,-0.5769716501235962,-0.5611391663551331,-0.5453066825866699,-0.5294742584228516,-0.5136417746543884,-0.4978092908859253,-0.48197680711746216,-0.4661443531513214,-0.45031189918518066,-0.43447941541671753,-0.4186469316482544,-0.40281447768211365,-0.3869820237159729,-0.37114953994750977,-0.35531705617904663,-0.3394846022129059,-0.32365214824676514,-0.307819664478302,-0.29198718070983887,-0.2761547267436981,-0.2603222727775574,-0.24448978900909424,-0.2286573052406311,-0.21282485127449036,-0.1969923973083496,-0.18115991353988647,-0.16532742977142334,-0.1494949758052826,-0.13366252183914185,-0.11783009767532349,-0.10199761390686035,-0.0861651599407196,-0.07033270597457886,-0.05450022220611572,-0.03866773843765259,-0.02283528447151184,-0.007002830505371094,0.008829653263092041,0.024662137031555176,0.04049459099769592,0.05632704496383667,0.0721595287322998,0.08799201250076294,0.10382446646690369,0.11965692043304443,0.13548940420150757,0.1513218730688095,0.16715434193611145,0.1829868108034134,0.19881927967071533,0.21465174853801727,0.2304842174053192,0.24631668627262115,0.2621491551399231,0.27798163890838623,0.293814092874527,0.3096465468406677,0.32547903060913086,0.341311514377594,0.35714396834373474,0.3729764223098755,0.3888089060783386],"_type":"histogram"},"parameters/graph_2fc1.weight":{"_type":"histogram","values":[2,1,0,1,0,1,2,6,6,9,8,13,12,13,8,12,17,18,31,31,34,36,41,24,31,30,43,37,41,36,32,34,34,36,36,40,48,54,31,39,41,45,38,36,37,43,42,31,33,17,17,24,16,16,16,15,2,2,4,0,0,3,1,1],"bins":[-0.745988667011261,-0.7243654727935791,-0.7027422189712524,-0.6811190247535706,-0.6594958305358887,-0.637872576713562,-0.6162493824958801,-0.5946261882781982,-0.5730029344558716,-0.5513796806335449,-0.529756486415863,-0.5081332921981812,-0.4865100681781769,-0.4648868441581726,-0.4432636499404907,-0.42164042592048645,-0.4000172019004822,-0.3783939778804779,-0.35677075386047363,-0.33514755964279175,-0.3135243356227875,-0.2919011116027832,-0.2702779173851013,-0.24865469336509705,-0.22703146934509277,-0.2054082751274109,-0.18378502130508423,-0.16216182708740234,-0.14053863286972046,-0.1189153790473938,-0.09729218482971191,-0.07566893100738525,-0.054045677185058594,-0.03242248296737671,-0.010799229145050049,0.010823965072631836,0.032447218894958496,0.05407041311264038,0.07569360733032227,0.09731686115264893,0.11894005537033081,0.14056327939033508,0.16218650341033936,0.18380969762802124,0.2054329216480255,0.22705614566802979,0.24867933988571167,0.27030256390571594,0.2919257879257202,0.3135490119457245,0.33517223596572876,0.35679543018341064,0.3784186542034149,0.4000418782234192,0.4216650724411011,0.44328829646110535,0.4649115204811096,0.4865347445011139,0.5081579685211182,0.5297811627388,0.5514043569564819,0.5730276107788086,0.5946508049964905,0.6162740588188171,0.637897253036499]},"gradients/graph_2fc2.bias":{"values":[1,0,0,0,0,0,0,0,0,0,0,0,0,0,0,0,0,1,0,1,0,0,0,0,0,0,0,0,0,0,0,0,0,1,0,0,0,0,0,0,0,0,0,0,0,0,0,0,0,0,0,0,0,0,0,0,0,0,0,0,1,0,0,1],"bins":[-0.03373788669705391,-0.032697342336177826,-0.03165680170059204,-0.030616259202361107,-0.029575716704130173,-0.02853517420589924,-0.027494631707668304,-0.02645408734679222,-0.025413546711206436,-0.024373002350330353,-0.023332461714744568,-0.022291917353868484,-0.02125137485563755,-0.020210832357406616,-0.019170289859175682,-0.018129747360944748,-0.017089204862713814,-0.01604866236448288,-0.015008119866251945,-0.013967577368021011,-0.012927034869790077,-0.011886492371559143,-0.010845949873328209,-0.009805407375097275,-0.008764863014221191,-0.007724320515990257,-0.006683778017759323,-0.005643235519528389,-0.004602693021297455,-0.0035621505230665207,-0.0025216080248355865,-0.0014810673892498016,-0.00044052302837371826,0.0006000213325023651,0.00164056196808815,0.002681104466319084,0.0037216469645500183,0.0047621894627809525,0.005802731961011887,0.006843274459242821,0.007883816957473755,0.008924361318349838,0.009964903816580772,0.011005446314811707,0.01204598881304264,0.013086531311273575,0.014127073809504509,0.015167616307735443,0.016208158805966377,0.01724870130419731,0.018289243802428246,0.01932978630065918,0.020370328798890114,0.021410871297121048,0.02245141565799713,0.023491956293582916,0.024532500654459,0.025573041290044785,0.026613585650920868,0.027654128149151802,0.028694670647382736,0.02973521314561367,0.030775755643844604,0.03181629627943039,0.03285684064030647],"_type":"histogram"},"test_accuracy":0.7051724137931035,"gradients/graph_2fc1.bias":{"_type":"histogram","values":[1,0,0,0,2,0,0,2,1,3,2,2,2,4,5,5,2,2,7,2,5,1,6,9,5,7,2,4,3,4,2,2,5,3,0,5,2,3,4,0,2,2,0,1,0,1,0,0,1,0,3,2,0,1,0,0,0,0,0,0,0,0,0,1],