{"val_loss":0.42981424431006116,"parameters/graph_2fc3.weight":{"_type":"histogram","values":[2,0,0,1,0,1,1,0,0,0,0,0,0,0,2,1,2,2,4,4,4,7,3,9,9,6,10,10,12,10,16,14,20,16,20,29,23,30,13,25,27,24,51,90,107,56,37,22,12,6,11,3,1,5,1,0,1,0,2,0,3,0,1,2],"bins":[-1.310471534729004,-1.2793653011322021,-1.2482590675354004,-1.2171529531478882,-1.1860467195510864,-1.1549404859542847,-1.123834252357483,-1.0927281379699707,-1.061621904373169,-1.0305156707763672,-0.9994094371795654,-0.9683032631874084,-0.9371970295906067,-0.9060908555984497,-0.874984622001648,-0.8438783884048462,-0.8127722144126892,-0.7816659808158875,-0.7505598068237305,-0.7194535732269287,-0.6883473992347717,-0.65724116563797,-0.626134991645813,-0.5950287580490112,-0.5639225244522095,-0.5328163504600525,-0.5017101168632507,-0.47060394287109375,-0.439497709274292,-0.408391535282135,-0.37728530168533325,-0.34617912769317627,-0.31507283449172974,-0.283966600894928,-0.252860426902771,-0.22175419330596924,-0.19064801931381226,-0.1595417857170105,-0.12843561172485352,-0.09732937812805176,-0.06622320413589478,-0.03511697053909302,-0.00401073694229126,0.027095437049865723,0.05820167064666748,0.08930784463882446,0.12041407823562622,0.1515202522277832,0.18262648582458496,0.21373268961906433,0.2448388934135437,0.27594509720802307,0.30705130100250244,0.3381575345993042,0.36926373839378357,0.40036994218826294,0.4314761459827423,0.4625823497772217,0.49368855357170105,0.5247947573661804,0.5559009909629822,0.5870071649551392,0.6181133985519409,0.6492195725440979,0.6803258061408997]},"test_confusion_matrix":[[91,0,0,0,0,0],[0,98,0,0,0,0],[0,6,60,25,2,0],[0,8,17,45,30,1],[0,0,2,7,99,1],[0,0,0,0,0,88]],"test_classification_report":"              precision    recall  f1-score   support\n\n           0       1.00      1.00      1.00        91\n           1       0.88      1.00      0.93        98\n           2       0.76      0.65      0.70        93\n           3       0.58      0.45      0.51       101\n           4       0.76      0.91      0.82       109\n           5       0.98      1.00      0.99        88\n\n    accuracy                           0.83       580\n   macro avg       0.83      0.83      0.83       580\nweighted avg       0.82      0.83      0.82       580\n","test_accuracy":0.8293103448275863,"epoch":100,"parameters/graph_2fc2.weight":{"_type":"histogram","values":[3,0,2,2,2,2,3,4,6,11,21,18,35,44,53,72,65,94,125,144,186,234,289,321,438,583,750,908,1205,1583,1976,1845,1484,1100,733,552,386,242,201,147,101,75,64,50,43,46,29,18,22,17,12,7,7,7,5,4,1,1,2,2,0,0,0,2],"bins":[-0.8872426748275757,-0.8581898808479309,-0.8291371464729309,-0.8000843524932861,-0.7710316181182861,-0.7419788241386414,-0.7129260301589966,-0.6838732957839966,-0.6548205018043518,-0.625767707824707,-0.596714973449707,-0.5676621794700623,-0.5386093854904175,-0.5095566511154175,-0.4805038571357727,-0.4514510929584503,-0.42239832878112793,-0.39334556460380554,-0.36429280042648315,-0.3352400064468384,-0.3061872720718384,-0.2771344780921936,-0.24808168411254883,-0.21902894973754883,-0.18997615575790405,-0.16092336177825928,-0.13187062740325928,-0.1028178334236145,-0.07376503944396973,-0.04471230506896973,-0.01565951108932495,0.013393223285675049,0.04244595766067505,0.07149875164031982,0.10055148601531982,0.1296042799949646,0.1586570143699646,0.18770980834960938,0.21676260232925415,0.24581533670425415,0.2748681306838989,0.3039209246635437,0.3329736590385437,0.3620264530181885,0.39107924699783325,0.42013198137283325,0.449184775352478,0.4782375395298004,0.5072903037071228,0.5363430976867676,0.5653958320617676,0.5944486260414124,0.6235014200210571,0.6525541543960571,0.6816069483757019,0.7106597423553467,0.7397124767303467,0.7687652111053467,0.7978180050849915,0.8268707990646362,0.8559235334396362,0.884976327419281,0.9140291213989258,0.9430818557739258,0.9721346497535706]},"gradients/graph_2fc3.weight":{"_type":"histogram","values":[1,0,0,0,0,0,0,0,1,0,0,1,0,0,0,0,0,0,0,2,2,1,1,1,2,0,1,1,0,2,2,6,0,6,7,12,16,34,65,348,111,53,20,16,12,7,6,6,5,3,3,2,3,3,0,1,0,0,2,1,0,1,0,1],"bins":[-0.4218218922615051,-0.4112398624420166,-0.4006578326225281,-0.39007580280303955,-0.379493772983551,-0.3689117431640625,-0.358329713344574,-0.34774768352508545,-0.3371656537055969,-0.3265836238861084,-0.3160015940666199,-0.30541953444480896,-0.29483750462532043,-0.2842554748058319,-0.2736734449863434,-0.26309141516685486,-0.25250938534736633,-0.2419273555278778,-0.23134532570838928,-0.22076329588890076,-0.21018126606941223,-0.1995992213487625,-0.189017191529274,-0.17843516170978546,-0.16785311698913574,-0.15727108716964722,-0.1466890573501587,-0.13610702753067017,-0.12552499771118164,-0.11494296789169312,-0.10436093807220459,-0.09377890825271606,-0.08319687843322754,-0.07261484861373901,-0.06203281879425049,-0.05145078897476196,-0.04086875915527344,-0.030286729335784912,-0.019704699516296387,-0.009122669696807861,0.001459360122680664,0.012041404843330383,0.02262343466281891,0.033205464482307434,0.04378750920295715,0.05436953902244568,0.0649515688419342,0.07553359866142273,0.08611562848091125,0.09669765830039978,0.1072796881198883,0.11786171793937683,0.12844374775886536,0.13902577757835388,0.1496078222990036,0.16018985211849213,0.17077188193798065,0.18135391175746918,0.1919359415769577,0.20251798629760742,0.21310001611709595,0.22368204593658447,0.234264075756073,0.24484610557556152,0.25542813539505005]},"gradients/graph_2fc2.bias":{"bins":[-0.08035681396722794,-0.07825322449207306,-0.07614963501691818,-0.0740460455417633,-0.07194245606660843,-0.06983886659145355,-0.06773528456687927,-0.0656316950917244,-0.06352810561656952,-0.06142451614141464,-0.059320926666259766,-0.05721733719110489,-0.05511374771595001,-0.053010158240795135,-0.05090656876564026,-0.04880298301577568,-0.046699393540620804,-0.04459580406546593,-0.04249221459031105,-0.04038862884044647,-0.038285039365291595,-0.03618144989013672,-0.03407786041498184,-0.031974270939826965,-0.02987068146467209,-0.02776709571480751,-0.025663506239652634,-0.023559916764497757,-0.02145632728934288,-0.019352737814188004,-0.017249152064323425,-0.015145562589168549,-0.013041973114013672,-0.010938383638858795,-0.008834794163703918,-0.00673120841383934,-0.0046276189386844635,-0.002524029463529587,-0.0004204399883747101,0.0016831494867801666,0.003786735236644745,0.005890324711799622,0.007993914186954498,0.010097503662109375,0.012201093137264252,0.014304682612419128,0.016408268362283707,0.018511857837438583,0.02061544731259346,0.022719036787748337,0.024822624400258064,0.02692621387541294,0.02902980148792267,0.031133390963077545,0.03323698043823242,0.0353405699133873,0.037444159388542175,0.039547745138406754,0.04165133461356163,0.04375492408871651,0.045858513563871384,0.04796209931373596,0.05006568878889084,0.052169278264045715,0.05427286773920059],"_type":"histogram","values":[1,0,0,0,0,0,0,0,0,0,0,0,0,0,0,0,0,0,1,0,1,0,0,1,1,0,0,1,2,1,2,2,1,2,0,7,12,29,10,12,8,7,3,3,2,3,2,3,2,2,0,0,0,0,1,0,0,1,0,0,2,0,0,3]},"gradients/graph_2fc1.bias":{"values":[1,0,0,0,0,0,0,0,0,0,0,0,0,0,0,0,0,0,1,1,0,0,0,0,0,0,0,0,0,0,0,0,0,0,0,0,0,0,1,0,0,1,0,1,1,1,1,1,0,2,5,6,18,38,18,6,6,3,5,1,5,1,2,2],