{"test_accuracy":0.46379310344827585,"test_classification_report":"              precision    recall  f1-score   support\n\n           0       0.48      1.00      0.65        91\n           1       0.40      0.21      0.28        98\n           2       0.56      0.44      0.49        93\n           3       0.40      0.17      0.24       101\n           4       0.50      0.10      0.17       109\n           5       0.44      1.00      0.61        88\n\n    accuracy                           0.46       580\n   macro avg       0.46      0.49      0.41       580\nweighted avg       0.46      0.46      0.39       580\n","gradients/graph_3fc2.bias":{"bins":[-0.03778308257460594,-0.03646780923008919,-0.035152535885572433,-0.03383726254105568,-0.032521989196538925,-0.03120671585202217,-0.029891444370150566,-0.028576171025633812,-0.027260897681117058,-0.025945624336600304,-0.02463035099208355,-0.023315079510211945,-0.02199980616569519,-0.020684532821178436,-0.019369259476661682,-0.018053986132144928,-0.016738712787628174,-0.01542343944311142,-0.014108166098594666,-0.012792892754077911,-0.011477619409561157,-0.010162347927689552,-0.008847074583172798,-0.007531801238656044,-0.006216529756784439,-0.004901256412267685,-0.003585983067750931,-0.0022707097232341766,-0.0009554363787174225,0.00035983696579933167,0.0016751103103160858,0.00299038365483284,0.004305653274059296,0.00562092661857605,0.006936199963092804,0.008251473307609558,0.009566746652126312,0.010882019996643066,0.01219729334115982,0.013512566685676575,0.014827840030193329,0.016143111512064934,0.017458384856581688,0.018773658201098442,0.020088929682970047,0.0214042030274868,0.022719476372003555,0.02403474971652031,0.025350023061037064,0.026665296405553818,0.027980569750070572,0.029295843094587326,0.03061111643910408,0.031926389783620834,0.03324165940284729,0.034556932747364044,0.0358722060918808,0.03718747943639755,0.03850275278091431,0.03981802612543106,0.041133299469947815,0.04244857281446457,0.04376384615898132,0.04507911950349808,0.04639439284801483],"_type":"histogram","values":[1,0,0,0,1,0,0,0,0,0,1,0,0,1,1,0,1,1,3,3,2,4,0,4,3,1,1,2,3,2,5,5,1,6,2,2,1,0,0,0,1,1,3,0,0,0,0,0,0,0,0,1,0,0,0,0,0,0,0,0,0,0,0,1]},"train_loss":1.309760839774691,"parameters/graph_3fc3.weight":{"_type":"histogram","values":[1,0,3,2,2,1,2,0,1,4,4,2,2,2,3,4,2,7,6,5,6,5,5,12,18,2,9,11,8,7,4,10,8,6,5,11,16,11,11,8,7,7,8,8,11,12,7,10,9,8,10,4,3,10,10,7,4,8,5,4,2,1,2,1],"bins":[-0.23763689398765564,-0.23125481605529785,-0.22487273812294006,-0.21849066019058228,-0.2121085822582245,-0.2057265043258667,-0.1993444263935089,-0.19296234846115112,-0.18658027052879333,-0.18019819259643555,-0.17381611466407776,-0.16743403673171997,-0.16105195879936218,-0.1546698808670044,-0.1482878029346466,-0.14190572500228882,-0.13552364706993103,-0.12914156913757324,-0.12275948375463486,-0.11637740582227707,-0.10999532043933868,-0.1036132425069809,-0.09723116457462311,-0.09084908664226532,-0.08446700870990753,-0.07808493077754974,-0.07170285284519196,-0.06532077491283417,-0.05893869698047638,-0.05255661904811859,-0.0461745411157608,-0.039792463183403015,-0.03341038525104523,-0.02702830731868744,-0.02064622938632965,-0.014264151453971863,-0.007882073521614075,-0.0014999955892562866,0.0048820823431015015,0.01126416027545929,0.017646238207817078,0.024028316140174866,0.030410394072532654,0.03679247200489044,0.04317454993724823,0.049556635320186615,0.0559387132525444,0.06232079118490219,0.06870286911725998,0.07508494704961777,0.08146702498197556,0.08784910291433334,0.09423118084669113,0.10061325877904892,0.10699533671140671,0.11337742209434509,0.11975950002670288,0.12614157795906067,0.13252365589141846,0.13890573382377625,0.14528781175613403,0.15166988968849182,0.1580519676208496,0.1644340455532074,0.17081612348556519]},"gradients/graph_3fc2.weight":{"_type":"histogram","values":[1,0,0,1,1,0,1,1,3,0,0,1,4,4,4,5,11,12,12,17,28,34,53,69,90,101,165,221,337,535,1283,292,192,177,111,73,46,39,28,35,20,19,13,8,4,9,8,3,2,7,2,2,2,2,2,0,1,2,0,1,0,0,1,1],"bins":[-0.05682830512523651,-0.05493895336985588,-0.05304959788918495,-0.05116024613380432,-0.04927089065313339,-0.04738153889775276,-0.04549218714237213,-0.0436028316617012,-0.04171347990632057,-0.03982412815093994,-0.03793477267026901,-0.036045417189598083,-0.03415606543421745,-0.03226671367883682,-0.030377360060811043,-0.028488006442785263,-0.026598652824759483,-0.024709299206733704,-0.022819947451353073,-0.020930591970682144,-0.019041240215301514,-0.017151884734630585,-0.015262532979249954,-0.013373181223869324,-0.011483825743198395,-0.009594473987817764,-0.007705118507146835,-0.005815766751766205,-0.003926414996385574,-0.0020370595157146454,-0.0001477077603340149,0.001741647720336914,0.0036309994757175446,0.005520351231098175,0.007409706711769104,0.009299058467149734,0.011188413947820663,0.013077765703201294,0.014967117458581924,0.016856472939252853,0.018745824694633484,0.020635180175304413,0.022524531930685043,0.024413883686065674,0.026303239166736603,0.028192590922117233,0.030081946402788162,0.03197129815816879,0.03386065363883972,0.03575000539422035,0.03763935714960098,0.03952871263027191,0.04141806438565254,0.04330741614103317,0.0451967716217041,0.04708612710237503,0.04897547885775566,0.05086483061313629,0.05275418609380722,0.05464353784918785,0.05653288960456848,0.05842224508523941,0.06031159684062004,0.06220095232129097,0.0640903040766716]},"parameters/graph_3fc1.bias":{"values":[1,0,1,1,1,1,1,2,1,1,1,0,2,1,3,1,2,0,1,3,0,1,0,0,2,0,2,0,2,0,1,0,0,1,1,0,1,0,3,4,1,0,1,0,0,2,1,2,0,1,1,0,1,1,1,0,2,1,2,1,0,1,0,3],"bins":[-0.2823578119277954,-0.27275142073631287,-0.2631450593471527,-0.25353866815567017,-0.24393227696418762,-0.23432590067386627,-0.22471952438354492,-0.21511313319206238,-0.20550675690174103,-0.19590038061141968,-0.18629398941993713,-0.17668761312961578,-0.16708123683929443,-0.1574748456478119,-0.14786846935749054,-0.138262078166008,-0.12865570187568665,-0.1190493255853653,-0.10944293439388275,-0.0998365581035614,-0.09023016691207886,-0.08062379062175751,-0.07101741433143616,-0.06141102313995361,-0.05180464684963226,-0.04219827055931091,-0.03259187936782837,-0.022985488176345825,-0.013379126787185669,-0.003772735595703125,0.005833655595779419,0.015440016984939575,0.02504640817642212,0.03465279936790466,0.04425916075706482,0.05386555194854736,0.06347194314002991,0.07307830452919006,0.08268469572067261,0.09229108691215515,0.1018974632024765,0.11150383949279785,0.1211102306842804,0.13071660697460175,0.1403229832649231,0.14992937445640564,0.159535750746727,0.16914214193820953,0.17874851822853088,0.18835489451885223,0.19796128571033478,0.20756766200065613,0.21717405319213867,0.22678042948246002,0.23638680577278137,0.24599319696426392,0.2555995583534241,0.2652059495449066,0.27481234073638916,0.2844187021255493,0.29402509331703186,0.3036314845085144,0.31323787569999695,0.3228442370891571,0.33245062828063965],"_type":"histogram"},"parameters/graph_3fc2.bias":{"_type":"histogram","values":[1,0,0,1,1,0,1,1,0,0,0,2,2,0,1,2,0,2,0,0,1,4,0,0,2,2,1,0,2,0,0,4,1,2,1,2,0,0,1,1,1,0,2,3,2,0,3,1,1,2,3,0,0,1,1,0,0,1,1,0,2,0,1,1],