{"parameters/fc1.bias":{"values":[2,1,1,0,0,2,2,2,3,1,3,2,4,1,2,0,6,3,1,2,0,1,5,3,5,4,5,2,3,6,1,2,4,4,2,2,2,2,3,5,2,1,5,1,6,1,0,2,1,2,1,1,1,0,0,0,1,1,0,1,0,1,0,1],"bins":[-0.7482864856719971,-0.7342533469200134,-0.7202202677726746,-0.7061871290206909,-0.692154049873352,-0.6781209111213684,-0.6640878319740295,-0.6500546932220459,-0.636021614074707,-0.6219884753227234,-0.6079553961753845,-0.5939222574234009,-0.579889178276062,-0.5658560395240784,-0.5518229007720947,-0.5377898216247559,-0.523756742477417,-0.5097236037254333,-0.4956904947757721,-0.48165738582611084,-0.4676242768764496,-0.45359116792678833,-0.4395580589771271,-0.4255249500274658,-0.4114918112754822,-0.3974587023258209,-0.38342559337615967,-0.3693924844264984,-0.35535937547683716,-0.3413262665271759,-0.32729315757751465,-0.3132600486278534,-0.2992269694805145,-0.28519386053085327,-0.271160751581192,-0.25712764263153076,-0.2430945336818695,-0.22906142473220825,-0.215028315782547,-0.20099520683288574,-0.1869620978832245,-0.17292895913124084,-0.1588958501815796,-0.14486274123191833,-0.13082963228225708,-0.11679652333259583,-0.10276341438293457,-0.08873030543327332,-0.07469719648361206,-0.060664087533950806,-0.04663097858428955,-0.032597869634628296,-0.01856476068496704,-0.004531636834144592,0.009501472115516663,0.023534581065177917,0.03756769001483917,0.05160079896450043,0.06563390791416168,0.07966702431440353,0.09370013326406479,0.10773324221372604,0.1217663586139679,0.13579946756362915,0.1498325765132904],"_type":"histogram"},"test_confusion_matrix":[[91,0,0,0,0,0],[0,98,0,0,0,0],[0,2,70,21,0,0],[0,4,23,49,24,1],[0,0,1,2,106,0],[0,0,0,0,0,88]],"epoch":250,"gradients/fc1.bias":{"_type":"histogram","values":[1,0,0,0,0,0,0,0,0,0,0,0,0,0,0,0,0,0,0,1,0,0,0,0,0,0,0,0,0,0,0,0,0,0,1,0,0,1,1,3,1,1,0,0,1,2,2,3,4,5,67,4,2,7,6,4,1,3,1,2,0,1,0,3],"bins":[-0.5501170754432678,-0.5392835736274719,-0.528450071811676,-0.5176165103912354,-0.5067830085754395,-0.49594950675964355,-0.48511600494384766,-0.47428250312805176,-0.46344900131225586,-0.4526154696941376,-0.4417819678783417,-0.4309484362602234,-0.4201149344444275,-0.4092814326286316,-0.3984479308128357,-0.3876144289970398,-0.3767808973789215,-0.3659473657608032,-0.3551138639450073,-0.3442803621292114,-0.3334468603134155,-0.32261335849761963,-0.31177982687950134,-0.30094632506370544,-0.29011279344558716,-0.27927929162979126,-0.26844578981399536,-0.25761228799819946,-0.24677875638008118,-0.23594525456428528,-0.22511175274848938,-0.2142782211303711,-0.203444704413414,-0.1926112025976181,-0.18177767097949982,-0.17094416916370392,-0.16011066734790802,-0.14927713572978973,-0.13844363391399384,-0.12761013209819794,-0.11677663028240204,-0.10594309866428375,-0.09510959684848785,-0.08427608013153076,-0.07344256341457367,-0.06260906159877777,-0.05177554488182068,-0.04094204306602478,-0.030108526349067688,-0.019275009632110596,-0.008441507816314697,0.002392008900642395,0.013225510716438293,0.024059027433395386,0.03489254415035248,0.04572605341672897,0.05655956268310547,0.06739307194948196,0.07822658121585846,0.08906009793281555,0.09989360719919205,0.11072711646556854,0.12156063318252563,0.13239413499832153,0.14322765171527863]},"gradients/fc1.weight":{"_type":"histogram","values":[1,0,0,0,0,1,0,1,0,0,0,0,0,0,0,0,0,0,0,0,0,0,0,0,0,0,1,1,1,5,1,1,6,10,20,31,100,958,146,47,23,16,15,9,4,3,1,0,0,1,0,0,0,0,1,1,0,2,0,0,0,0,0,1],"bins":[-1.0805574655532837,-1.0519689321517944,-1.0233805179595947,-0.9947919845581055,-0.9662034511566162,-0.9376149773597717,-0.9090265035629272,-0.880437970161438,-0.8518494367599487,-0.8232609629631042,-0.7946724891662598,-0.7660839557647705,-0.737495481967926,-0.7089070081710815,-0.6803184747695923,-0.651729941368103,-0.6231414675712585,-0.5945529937744141,-0.5659644603729248,-0.5373759865760803,-0.5087874531745911,-0.4801989793777466,-0.4516104459762573,-0.42302197217941284,-0.39443349838256836,-0.3658449649810791,-0.3372564911842346,-0.30866795778274536,-0.2800794839859009,-0.2514909505844116,-0.22290247678756714,-0.19431394338607788,-0.16572552919387817,-0.1371370553970337,-0.10854852199554443,-0.07996004819869995,-0.05137151479721069,-0.02278304100036621,0.005805492401123047,0.03439396619796753,0.06298249959945679,0.09157097339630127,0.12015944719314575,0.148747980594635,0.1773364543914795,0.20592498779296875,0.23451346158981323,0.2631019651889801,0.291690468788147,0.32027897238731384,0.3488674759864807,0.3774559795856476,0.40604448318481445,0.43463295698165894,0.4632214605808258,0.4918099641799927,0.5203984975814819,0.5489869713783264,0.5775754451751709,0.6061639785766602,0.6347524523735046,0.6633409857749939,0.6919294595718384,0.7205179929733276,0.7491064667701721]},"gradients/fc2.weight":{"values":[1,0,0,0,0,1,0,0,0,0,0,0,0,1,0,0,1,2,0,0,2,0,0,0,1,2,0,1,2,0,0,1,1,4,2,3,1,6,2,11,5,14,23,29,40,59,76,111,15528,245,65,52,19,24,9,8,10,4,5,1,5,3,1,3],"bins":[-0.4126710295677185,-0.40418627858161926,-0.39570152759552,-0.38721680641174316,-0.3787320554256439,-0.3702473044395447,-0.3617625832557678,-0.3532778322696686,-0.34479308128356934,-0.3363083302974701,-0.32782357931137085,-0.319338858127594,-0.31085410714149475,-0.3023693561553955,-0.29388463497161865,-0.2853998839855194,-0.27691513299942017,-0.2684303820133209,-0.2599456310272217,-0.2514609098434448,-0.24297615885734558,-0.23449140787124634,-0.2260066717863083,-0.21752193570137024,-0.209037184715271,-0.20055243372917175,-0.1920676976442337,-0.18358296155929565,-0.1750982105731964,-0.16661345958709717,-0.1581287384033203,-0.14964398741722107,-0.14115925133228302,-0.13267450034618378,-0.12418974936008453,-0.11570502817630768,-0.10722027719020844,-0.09873552620410919,-0.09025079011917114,-0.0817660540342331,-0.07328130304813385,-0.0647965520620346,-0.05631181597709656,-0.04782707989215851,-0.039342328906059265,-0.030857577919960022,-0.022372841835021973,-0.013888105750083923,-0.00540335476398468,0.003081396222114563,0.011566132307052612,0.02005087584257126,0.028535619378089905,0.03702036291360855,0.0455051064491272,0.053989849984645844,0.06247459352016449,0.07095933705568314,0.07944408059120178,0.08792882412672043,0.09641356766223907,0.10489831119775772,0.11338305473327637,0.12186779826879501,0.13035254180431366],"_type":"histogram"},"train_loss":0.3622358629865379,"gradients/fc3.bias":{"_type":"histogram","values":[1,0,0,0,0,0,0,0,0,0,0,0,0,0,0,0,0,0,0,0,0,0,0,0,0,0,1,0,0,0,0,0,0,0,0,0,0,1,0,0,0,0,0,0,0,0,0,0,0,1,1,0,0,0,0,0,0,0,0,0,0,0,0,1],"bins":[-0.07219693064689636,-0.0702984407544136,-0.06839995086193085,-0.06650146096944809,-0.06460297107696533,-0.06270448863506317,-0.060805995017290115,-0.05890750512480736,-0.0570090189576149,-0.05511052906513214,-0.053212039172649384,-0.051313549280166626,-0.04941505938768387,-0.04751656949520111,-0.04561807960271835,-0.043719593435525894,-0.04182110354304314,-0.03992261365056038,-0.03802412375807762,-0.03612563759088516,-0.034227147698402405,-0.03232865780591965,-0.03043016791343689,-0.028531678020954132,-0.026633188128471375,-0.024734701961278915,-0.022836212068796158,-0.0209377221763134,-0.019039232283830643,-0.017140742391347885,-0.015242256224155426,-0.013343766331672668,-0.011445272713899612,-0.009546782821416855,-0.007648292928934097,-0.005749806761741638,-0.0038513168692588806,-0.001952826976776123,-5.433708429336548e-05,0.001844152808189392,0.003742638975381851,0.005641128867864609,0.007539618760347366,0.009438108652830124,0.011336598545312881,0.013235088437795639,0.015133574604988098,0.017032064497470856,0.018930554389953613,0.02082904428243637,0.02272753231227398,0.024626022204756737,0.026524510234594345,0.028423000127077103,0.03032149001955986,0.03221997618675232,0.03411846607923508,0.036016955971717834,0.03791544586420059,0.03981393575668335,0.04171242564916611,0.043610915541648865,0.045509401708841324,0.04740789160132408,0.04930638149380684]},"parameters/fc2.bias":{"values":[1,0,0,0,2,0,0,2,1,1,0,0,0,0,1,0,0,1,0,0,1,0,0,2,2,1,2,1,1,2,1,2,3,8,8,9,1,7,7,3,6,3,4,9,2,3,5,5,1,2,5,2,2,2,0,0,2,0,4,0,0,0,0,1],