{"test_accuracy":0.45689655172413796,"test_confusion_matrix":[[91,0,0,0,0,0],[58,17,9,9,3,2],[35,6,30,10,1,11],[22,7,14,17,13,28],[4,5,1,18,27,54],[0,0,0,0,5,83]],"gradients/graph_1fc2.bias":{"_type":"histogram","values":[2,0,0,0,0,0,0,0,0,0,0,0,0,0,0,0,0,0,0,0,0,0,0,0,0,0,0,0,1,0,0,0,1,0,1,0,0,0,0,0,0,0,0,0,0,0,0,0,0,0,0,0,0,0,0,0,0,0,0,0,0,0,0,1],"bins":[-0.08080641180276871,-0.07778145372867584,-0.07475650310516357,-0.0717315524816513,-0.06870659440755844,-0.06568163633346558,-0.06265668570995331,-0.05963173136115074,-0.056606777012348175,-0.05358182266354561,-0.05055686831474304,-0.047531913965940475,-0.04450695961713791,-0.04148200526833534,-0.038457050919532776,-0.03543209657073021,-0.03240714222192764,-0.029382187873125076,-0.02635723352432251,-0.023332279175519943,-0.020307324826717377,-0.01728237420320511,-0.014257416129112244,-0.011232458055019379,-0.00820750743150711,-0.0051825568079948425,-0.0021575987339019775,0.0008673593401908875,0.0038923099637031555,0.006917260587215424,0.009942218661308289,0.012967176735401154,0.01599213480949402,0.019017085433006287,0.02204204350709915,0.025067001581192017,0.028091952204704285,0.031116902828216553,0.03414186090230942,0.03716681897640228,0.04019176959991455,0.04321672022342682,0.046241678297519684,0.04926663637161255,0.05229158699512482,0.05531654134392738,0.05834149569272995,0.061366450041532516,0.06439140439033508,0.06741635501384735,0.07044131308794022,0.07346627116203308,0.07649122178554535,0.07951617240905762,0.08254113048315048,0.08556608855724335,0.08859103918075562,0.09161598980426788,0.09464094787836075,0.09766590595245361,0.10069085657596588,0.10371580719947815,0.10674076527357101,0.10976572334766388,0.11279067397117615]},"train_loss":1.3309680757851436,"_step":100,"parameters/graph_1fc1.weight":{"values":[3,4,1,7,9,7,6,11,8,8,10,12,16,13,18,15,19,11,15,18,10,11,12,16,10,16,12,14,12,17,16,13,9,13,14,13,13,8,18,14,17,13,13,12,16,17,17,9,11,13,13,11,10,12,6,6,10,4,13,4,2,1,1,1],"bins":[-0.36910495162010193,-0.35736578702926636,-0.3456266522407532,-0.3338874876499176,-0.3221483528614044,-0.31040918827056885,-0.29867005348205566,-0.2869308888912201,-0.2751917541027069,-0.26345258951187134,-0.25171345472335815,-0.23997429013252258,-0.2282351404428482,-0.21649599075317383,-0.20475684106349945,-0.19301769137382507,-0.1812785416841507,-0.16953939199447632,-0.15780024230480194,-0.14606109261512756,-0.13432194292545319,-0.12258279323577881,-0.11084362864494324,-0.09910449385643005,-0.08736532926559448,-0.0756261944770813,-0.06388702988624573,-0.052147895097732544,-0.04040873050689697,-0.02866959571838379,-0.016930431127548218,-0.005191296339035034,0.006547868251800537,0.01828703284263611,0.030026167631149292,0.04176533222198486,0.05350446701049805,0.06524363160133362,0.0769827663898468,0.08872193098068237,0.10046106576919556,0.11220023036003113,0.12393936514854431,0.13567852973937988,0.14741767942905426,0.15915682911872864,0.17089597880840302,0.1826351284980774,0.19437427818775177,0.20611342787742615,0.21785257756710052,0.2295917272567749,0.24133087694644928,0.25307002663612366,0.26480919122695923,0.2765483260154724,0.288287490606308,0.30002662539482117,0.31176578998565674,0.3235049247741699,0.3352440893650055,0.3469832241535187,0.35872238874435425,0.37046152353286743,0.382200688123703],"_type":"histogram"},"val_accuracy":0.5258620689655172,"parameters/graph_1fc1.bias":{"_type":"histogram","values":[1,1,1,1,1,0,2,2,2,1,3,2,1,2,1,0,4,0,1,1,0,0,1,0,0,0,0,0,2,1,2,0,2,2,2,1,0,0,0,2,0,1,3,0,0,2,0,0,3,2,0,1,1,1,0,0,1,2,1,0,0,1,1,2],"bins":[-0.3070872724056244,-0.29680031538009644,-0.2865133583545685,-0.2762264013290405,-0.2659394443035126,-0.2556524872779846,-0.24536551535129547,-0.23507855832576752,-0.22479160130023956,-0.2145046442747116,-0.20421768724918365,-0.1939307153224945,-0.18364375829696655,-0.1733568012714386,-0.16306984424591064,-0.1527828872203827,-0.14249593019485474,-0.13220897316932678,-0.12192201614379883,-0.11163505911827087,-0.10134810209274292,-0.09106113016605377,-0.08077417314052582,-0.07048721611499786,-0.06020025908946991,-0.04991328716278076,-0.03962633013725281,-0.029339373111724854,-0.0190524160861969,-0.008765459060668945,0.0015214979648590088,0.011808454990386963,0.022095412015914917,0.03238236904144287,0.042669326066970825,0.05295628309249878,0.06324324011802673,0.07353019714355469,0.08381715416908264,0.0941041111946106,0.10439108312129974,0.1146780401468277,0.12496499717235565,0.1352519541978836,0.14553892612457275,0.1558258831501007,0.16611284017562866,0.17639979720115662,0.18668675422668457,0.19697371125221252,0.20726066827774048,0.21754762530326843,0.2278345823287964,0.23812153935432434,0.2484085112810135,0.25869548320770264,0.2689824104309082,0.27926939725875854,0.2895563542842865,0.29984331130981445,0.3101302683353424,0.32041722536087036,0.3307041823863983,0.34099113941192627,0.3512780964374542]},"test_classification_report":"              precision    recall  f1-score   support\n\n           0       0.43      1.00      0.60        91\n           1       0.49      0.17      0.26        98\n           2       0.56      0.32      0.41        93\n           3       0.31      0.17      0.22       101\n           4       0.55      0.25      0.34       109\n           5       0.47      0.94      0.62        88\n\n    accuracy                           0.46       580\n   macro avg       0.47      0.48      0.41       580\nweighted avg       0.47      0.46      0.40       580\n","parameters/graph_1fc2.weight":{"values":[2,1,3,1,3,4,6,4,5,3,6,5,0,4,2,7,4,9,6,8,6,15,5,7,9,8,14,9,6,4,8,13,10,5,4,3,5,9,9,9,7,4,15,11,9,9,7,6,2,8,11,5,9,6,1,4,7,4,9,2,3,1,0,3],"bins":[-0.20481057465076447,-0.1990155130624771,-0.19322045147418976,-0.1874253898859024,-0.18163032829761505,-0.1758352667093277,-0.17004022002220154,-0.16424515843391418,-0.15845009684562683,-0.15265503525733948,-0.14685997366905212,-0.14106491208076477,-0.13526985049247742,-0.12947478890419006,-0.12367972731590271,-0.11788466572761536,-0.112089604139328,-0.10629454255104065,-0.1004994809627533,-0.09470441937446594,-0.08890935778617859,-0.08311430364847183,-0.07731923460960388,-0.07152417302131653,-0.06572912633419037,-0.059934064745903015,-0.05413900315761566,-0.04834394156932831,-0.042548879981040955,-0.0367538183927536,-0.030958756804466248,-0.025163695216178894,-0.01936863362789154,-0.013573572039604187,-0.0077785104513168335,-0.00198344886302948,0.0038116127252578735,0.009606674313545227,0.01540173590183258,0.021196797490119934,0.026991859078407288,0.03278690576553345,0.0385819673538208,0.04437703639268875,0.05017209053039551,0.05596715211868286,0.061762213706970215,0.06755727529525757,0.07335233688354492,0.07914739847183228,0.08494246006011963,0.09073752164840698,0.09653258323669434,0.10232763737440109,0.10812269896268845,0.1139177605509758,0.11971282213926315,0.1255078911781311,0.13130295276641846,0.13709799945354462,0.14289306104183197,0.14868812263011932,0.15448318421840668,0.16027824580669403,0.16607330739498138],"_type":"histogram"},"gradients/graph_1fc2.weight":{"_type":"histogram","values":[1,0,0,0,0,0,0,1,1,1,1,0,1,0,1,4,1,2,2,3,4,2,4,1,2,3,7,5,4,4,10,11,5,9,5,13,12,11,16,20,36,29,27,14,20,14,14,16,7,12,6,4,4,2,1,0,0,2,0,3,0,3,2,1],