{"gradients/fc1.bias":{"_type":"histogram","values":[1,0,0,0,0,0,0,0,2,0,1,1,1,1,1,0,1,2,0,1,2,2,7,2,4,4,3,2,3,10,4,4,7,6,7,8,6,6,3,3,4,2,2,2,2,4,2,0,1,0,1,0,0,0,1,0,0,0,0,1,0,0,0,1],"bins":[-0.020143676549196243,-0.019584935158491135,-0.019026193767786026,-0.018467452377080917,-0.01790871098637581,-0.0173499695956707,-0.01679122820496559,-0.016232486814260483,-0.015673745423555374,-0.01511500496417284,-0.014556263573467731,-0.013997523114085197,-0.013438781723380089,-0.01288004033267498,-0.012321298941969872,-0.011762557551264763,-0.011203816160559654,-0.010645074769854546,-0.010086333379149437,-0.009527591988444328,-0.00896885059773922,-0.008410110138356686,-0.007851368747651577,-0.007292627356946468,-0.00673388596624136,-0.006175144575536251,-0.005616403184831142,-0.005057661794126034,-0.0044989213347435,-0.003940179944038391,-0.0033814385533332825,-0.002822697162628174,-0.002263953909277916,-0.0017052125185728073,-0.0011464711278676987,-0.00058772973716259,-2.8988346457481384e-05,0.0005297521129250526,0.0010884935036301613,0.00164723489433527,0.0022059762850403786,0.002764717675745487,0.003323459066450596,0.0038822004571557045,0.0044409409165382385,0.004999682307243347,0.005558423697948456,0.0061171650886535645,0.006675906479358673,0.007234647870063782,0.00779338926076889,0.008352130651473999,0.008910872042179108,0.009469613432884216,0.01002835389226675,0.010587095282971859,0.011145836673676968,0.011704578064382076,0.012263319455087185,0.012822059914469719,0.013380801305174828,0.013939542695879936,0.014498284086585045,0.015057025477290154,0.015615766867995262]},"val_accuracy":0.4956896551724138,"parameters/fc1.weight":{"_type":"histogram","values":[11,5,16,20,25,14,28,24,25,19,26,21,15,28,29,17,29,16,17,26,16,29,17,23,25,31,27,20,28,21,21,21,22,13,26,29,26,31,21,17,22,30,18,29,22,23,22,23,24,25,35,18,18,34,25,24,19,25,19,28,18,16,9,7],"bins":[-0.31659042835235596,-0.3066553473472595,-0.2967202663421631,-0.28678518533706665,-0.2768501043319702,-0.2669150233268738,-0.25697994232177734,-0.2470448762178421,-0.23710979521274567,-0.22717471420764923,-0.2172396332025528,-0.20730456709861755,-0.19736948609352112,-0.18743440508842468,-0.17749932408332825,-0.1675642430782318,-0.15762916207313538,-0.14769408106803894,-0.1377590000629425,-0.12782391905784607,-0.11788883805274963,-0.10795377194881439,-0.09801869094371796,-0.08808360993862152,-0.07814852893352509,-0.06821344792842865,-0.05827838182449341,-0.04834330081939697,-0.03840821981430054,-0.0284731388092041,-0.018538057804107666,-0.00860297679901123,0.0013320744037628174,0.011267155408859253,0.02120223641395569,0.031137317419052124,0.04107239842414856,0.051007479429244995,0.06094256043434143,0.07087762653827667,0.08081270754337311,0.09074778854846954,0.10068286955356598,0.11061795055866241,0.12055301666259766,0.1304880976676941,0.14042317867279053,0.15035825967788696,0.1602933406829834,0.17022842168807983,0.18016350269317627,0.1900985836982727,0.20003366470336914,0.20996874570846558,0.21990381181240082,0.22983889281749725,0.2397739738225937,0.24970905482769012,0.25964412093162537,0.2695792019367218,0.27951428294181824,0.2894493639469147,0.2993844449520111,0.30931952595710754,0.319254606962204]},"test_classification_report":"              precision    recall  f1-score   support\n\n           0       0.52      1.00      0.69        91\n           1       0.36      0.21      0.27        98\n           2       0.58      0.43      0.49        93\n           3       0.27      0.07      0.11       101\n           4       0.38      0.18      0.25       109\n           5       0.44      1.00      0.61        88\n\n    accuracy                           0.46       580\n   macro avg       0.43      0.48      0.40       580\nweighted avg       0.42      0.46      0.39       580\n","train_loss":1.448016799729446,"parameters/fc2.weight":{"_type":"histogram","values":[6,8,7,2,7,5,11,9,11,9,10,12,19,12,13,14,21,19,15,19,17,18,10,15,10,7,17,15,7,13,18,7,15,15,21,14,16,14,15,18,8,18,25,12,13,13,17,11,17,14,20,13,11,11,8,11,9,5,6,6,3,3,1,2],"bins":[-0.10938265919685364,-0.10598835349082947,-0.1025940477848053,-0.09919974952936172,-0.09580544382333755,-0.09241113811731339,-0.08901683986186981,-0.08562253415584564,-0.08222822844982147,-0.0788339227437973,-0.07543961703777313,-0.07204531878232956,-0.06865101307630539,-0.06525670737028122,-0.06186240538954735,-0.05846810340881348,-0.05507379770278931,-0.05167949199676514,-0.048285190016031265,-0.044890888035297394,-0.041496582329273224,-0.038102276623249054,-0.03470797836780548,-0.03131367266178131,-0.02791936695575714,-0.02452506124973297,-0.0211307555437088,-0.01773645728826523,-0.014342151582241058,-0.010947845876216888,-0.007553547620773315,-0.0041592419147491455,-0.0007649436593055725,0.0026293620467185974,0.006023667752742767,0.00941796600818634,0.01281227171421051,0.01620657742023468,0.019600875675678253,0.022995181381702423,0.026389487087726593,0.029783792793750763,0.03317809849977493,0.036572396755218506,0.039966702461242676,0.043361008167266846,0.04675531014800072,0.05014961212873459,0.05354391783475876,0.05693822354078293,0.0603325255215168,0.06372682750225067,0.06712113320827484,0.07051543891429901,0.07390974462032318,0.07730404287576675,0.08069834858179092,0.0840926542878151,0.08748695254325867,0.09088125824928284,0.094275563955307,0.09766986966133118,0.10106417536735535,0.10445847362279892,0.10785277932882309]},"gradients/fc1.weight":{"_type":"histogram","values":[1,0,0,0,0,0,0,0,1,0,0,0,0,0,0,3,1,2,0,1,0,1,3,3,3,7,14,13,8,16,22,51,56,64,92,99,142,146,138,136,103,79,70,37,31,13,18,7,2,8,4,1,4,3,0,3,1,0,0,0,0,0,0,1],"bins":[-0.042859919369220734,-0.0417148619890213,-0.04056980088353157,-0.03942473977804184,-0.03827968239784241,-0.037134625017642975,-0.035989563912153244,-0.03484450280666351,-0.03369944542646408,-0.03255438804626465,-0.03140932694077492,-0.030264267697930336,-0.029119208455085754,-0.027974149212241173,-0.02682908996939659,-0.02568403072655201,-0.024538971483707428,-0.023393912240862846,-0.022248852998018265,-0.021103793755173683,-0.0199587345123291,-0.01881367526948452,-0.01766861602663994,-0.016523556783795357,-0.015378497540950775,-0.014233438298106194,-0.013088379055261612,-0.01194331981241703,-0.010798260569572449,-0.009653203189373016,-0.008508142083883286,-0.007363080978393555,-0.006218019872903824,-0.0050729624927043915,-0.003927901387214661,-0.00278284028172493,-0.0016377829015254974,-0.0004927236586809158,0.0006523355841636658,0.0017973948270082474,0.002942454069852829,0.004087513312697411,0.005232572555541992,0.006377631798386574,0.007522691041231155,0.008667750284075737,0.009812809526920319,0.0109578687697649,0.012102928012609482,0.013247987255454063,0.014393046498298645,0.015538105741143227,0.016683164983987808,0.01782822422683239,0.01897328346967697,0.020118342712521553,0.021263401955366135,0.022408461198210716,0.023553520441055298,0.02469857968389988,0.02584363892674446,0.026988698169589043,0.028133757412433624,0.029278816655278206,0.030423875898122787]},"_runtime":5.3907508,"_wandb":{"runtime":5},"_timestamp":1.7328907965954657e+09,"epoch":100,"val_loss":1.42343570291996,"test_accuracy":0.4603448275862069,"train_accuracy":0.49083063646170444,"parameters/fc1.bias":{"values":[3,2,1,3,2,3,1,2,3,0,1,3,3,2,0,1,4,4,4,2,5,0,2,3,2,4,3,3,0,3,2,3,5,2,0,2,3,5,1,1,2,2,1,1,3,2,3,3,0,2,0,1,0,1,0,2,1,1,2,2,2,3,0,1],