{"_timestamp":1.73288746215839e+09,"gradients/graph_6fc3.weight":{"values":[1,0,0,0,0,0,0,0,0,0,0,0,1,0,0,0,0,0,0,0,1,0,0,1,0,1,1,1,0,4,3,5,5,4,4,3,18,83,20,10,6,3,4,1,2,3,1,2,0,0,0,1,0,0,0,0,0,0,1,0,0,0,0,2],"bins":[-1.2168066501617432,-1.1841237545013428,-1.151440978050232,-1.1187580823898315,-1.0860751867294312,-1.0533922910690308,-1.02070951461792,-0.9880266189575195,-0.9553437232971191,-0.9226608872413635,-0.8899780511856079,-0.8572951555252075,-0.8246123194694519,-0.7919294834136963,-0.7592465877532959,-0.7265636920928955,-0.6938808560371399,-0.6611980199813843,-0.6285151243209839,-0.5958322882652283,-0.5631493926048279,-0.5304665565490723,-0.4977836608886719,-0.46510082483291626,-0.43241798877716064,-0.39973509311676025,-0.36705225706100464,-0.33436936140060425,-0.30168652534484863,-0.26900362968444824,-0.23632079362869263,-0.203637957572937,-0.17095500230789185,-0.13827210664749146,-0.10558927059173584,-0.07290643453598022,-0.040223538875579834,-0.007540702819824219,0.025142192840576172,0.05782502889633179,0.09050792455673218,0.12319076061248779,0.1558735966682434,0.1885564923286438,0.22123932838439941,0.2539222240447998,0.2866050601005554,0.3192879557609558,0.3519707918167114,0.38465365767478943,0.41733652353286743,0.45001938939094543,0.48270225524902344,0.515385091304779,0.5480679273605347,0.5807508230209351,0.6134337186813354,0.6461165547370911,0.6787993907928467,0.7114822864532471,0.7441651225090027,0.7768480181694031,0.8095308542251587,0.8422137498855591,0.8748965859413147],"_type":"histogram"},"test_accuracy":0.7827586206896552,"train_loss":0.621593214571476,"gradients/graph_6fc3.bias":{"_type":"histogram","values":[1,0,0,0,0,0,0,0,0,0,0,0,0,0,0,0,0,0,0,0,0,0,1,0,0,0,0,0,0,0,0,0,0,1,0,0,0,1,1,0,0,0,0,0,0,0,0,0,0,0,0,0,0,0,0,0,0,0,0,0,0,0,0,1],"bins":[-0.07373039424419403,-0.07146907597780228,-0.06920776516199112,-0.06694644689559937,-0.06468513607978821,-0.062423817813396454,-0.060162503272295,-0.05790118873119354,-0.05563987419009209,-0.05337855964899063,-0.051117245107889175,-0.04885593056678772,-0.046594612300395966,-0.04433330148458481,-0.042071983218193054,-0.0398106686770916,-0.03754935413599014,-0.03528803959488869,-0.03302672505378723,-0.030765410512685776,-0.02850409597158432,-0.026242777705192566,-0.02398146316409111,-0.021720148622989655,-0.0194588340818882,-0.017197519540786743,-0.014936204999685287,-0.012674890458583832,-0.010413572192192078,-0.00815226137638092,-0.005890943109989166,-0.003629632294178009,-0.0013683140277862549,0.0008930042386054993,0.0031543150544166565,0.005415633320808411,0.007676944136619568,0.009938262403011322,0.012199576944112778,0.014460891485214233,0.01672220602631569,0.018983520567417145,0.0212448351085186,0.023506149649620056,0.02576746791601181,0.028028782457113266,0.03029009699821472,0.03255141153931618,0.03481272608041763,0.03707404062151909,0.039335355162620544,0.0415966734290123,0.043857984244823456,0.04611930251121521,0.048380617052316666,0.05064193159341812,0.05290324613451958,0.05516456067562103,0.05742587521672249,0.059687189757823944,0.0619485080242157,0.06420981884002686,0.06647113710641861,0.06873244792222977,0.07099376618862152]},"_wandb":{"runtime":17},"test_classification_report":"              precision    recall  f1-score   support\n\n           0       0.99      1.00      0.99        91\n           1       0.74      0.97      0.84        98\n           2       0.74      0.58      0.65        93\n           3       0.51      0.36      0.42       101\n           4       0.71      0.83      0.77       109\n           5       0.98      1.00      0.99        88\n\n    accuracy                           0.78       580\n   macro avg       0.78      0.79      0.78       580\nweighted avg       0.77      0.78      0.77       580\n","test_confusion_matrix":[[91,0,0,0,0,0],[0,95,3,0,0,0],[1,17,54,20,1,0],[0,14,16,36,35,0],[0,3,0,14,90,2],[0,0,0,0,0,88]],"parameters/graph_6fc2.bias":{"values":[1,0,0,0,0,0,0,0,2,0,0,0,0,1,0,1,0,0,2,3,2,0,1,0,1,0,1,0,0,0,1,0,0,0,1,2,0,1,0,0,0,1,2,0,1,0,1,0,0,0,0,2,0,0,1,0,1,0,2,0,0,0,0,1],"bins":[-0.3356534242630005,-0.32207292318344116,-0.30849239230155945,-0.2949118912220001,-0.2813313901424408,-0.2677508592605591,-0.25417035818099976,-0.24058985710144043,-0.2270093560218811,-0.21342884004116058,-0.19984832406044006,-0.18626782298088074,-0.17268730700016022,-0.1591068059206009,-0.14552628993988037,-0.13194578886032104,-0.11836527287960052,-0.10478475689888,-0.09120425581932068,-0.07762375473976135,-0.06404322385787964,-0.05046272277832031,-0.036882221698760986,-0.02330172061920166,-0.009721189737319946,0.00385931134223938,0.017439812421798706,0.03102034330368042,0.044600844383239746,0.05818134546279907,0.0717618465423584,0.08534237742424011,0.09892287850379944,0.11250337958335876,0.12608391046524048,0.1396644115447998,0.15324491262435913,0.16682541370391846,0.18040594458580017,0.1939864456653595,0.20756694674491882,0.22114747762680054,0.23472797870635986,0.2483084797859192,0.2618889808654785,0.27546951174736023,0.28905001282691956,0.3026305139064789,0.3162110447883606,0.3297915458679199,0.34337204694747925,0.3569525480270386,0.3705330491065979,0.3841135799884796,0.39769408106803894,0.41127461194992065,0.42485511302948,0.4384356141090393,0.45201611518859863,0.46559661626815796,0.4791771471500397,0.492757648229599,0.5063381791114807,0.51991868019104,0.5334991812705994],"_type":"histogram"},"epoch":100,"val_loss":0.5498049187249151,"parameters/graph_6fc1.bias":{"_type":"histogram","values":[1,0,0,0,0,0,1,0,0,0,1,0,1,1,0,0,1,1,0,0,1,1,0,1,0,0,0,2,0,0,0,1,1,0,1,1,0,1,1,4,0,1,0,1,1,2,0,0,0,0,1,1,0,0,1,0,0,0,0,0,0,0,1,1],"bins":[-0.564854085445404,-0.548462986946106,-0.5320718884468079,-0.5156807899475098,-0.49928969144821167,-0.4828985929489136,-0.4665074944496155,-0.4501163959503174,-0.4337252974510193,-0.4173341989517212,-0.4009431004524231,-0.384552001953125,-0.3681609332561493,-0.3517698347568512,-0.3353787362575531,-0.318987637758255,-0.3025965392589569,-0.2862054407596588,-0.2698143422603607,-0.2534232437610626,-0.23703214526176453,-0.22064104676246643,-0.20424994826316833,-0.18785884976387024,-0.17146778106689453,-0.15507668256759644,-0.13868558406829834,-0.12229448556900024,-0.10590338706970215,-0.08951228857040405,-0.07312119007110596,-0.05673009157180786,-0.040338993072509766,-0.02394789457321167,-0.007556796073913574,0.008834302425384521,0.025225400924682617,0.04161649942398071,0.05800759792327881,0.0743986964225769,0.090789794921875,0.10718086361885071,0.1235719621181488,0.1399630606174469,0.156354159116745,0.1727452576160431,0.1891363561153412,0.20552745461463928,0.22191855311393738,0.23830965161323547,0.25470075011253357,0.27109184861183167,0.28748294711112976,0.30387401580810547,0.32026511430740356,0.33665621280670166,0.35304731130599976,0.36943840980529785,0.38582950830459595,0.40222060680389404,0.41861170530319214,0.43500280380249023,0.45139390230178833,0.4677850008010864,0.4841760993003845]},"_runtime":17.1768659,"gradients/graph_6fc1.bias":{"values":[1,0,0,0,0,0,0,0,0,0,0,0,0,2,1,2,0,0,2,1,4,3,3,2,4,4,0,2,0,0,0,0,0,0,0,0,0,0,0,0,0,0,0,0,0,0,0,0,0,0,0,0,0,0,0,0,0,0,0,0,0,0,0,1],