{"_wandb":{"runtime":32},"test_accuracy":0.506896551724138,"gradients/graph_6fc2.weight":{"_type":"histogram","values":[1,0,0,0,0,0,0,0,0,2,2,1,1,1,1,1,3,3,4,4,2,3,10,4,10,19,9,32,25,54,65,70,89,111,153,203,274,340,417,705,360,285,221,153,115,74,63,52,41,26,26,13,16,6,7,5,1,3,3,3,1,1,1,1],"bins":[-0.055395182222127914,-0.053985510021448135,-0.05257583409547806,-0.05116616189479828,-0.0497564896941185,-0.04834681749343872,-0.04693714156746864,-0.045527469366788864,-0.04411779344081879,-0.04270812124013901,-0.04129844903945923,-0.03988877683877945,-0.03847910091280937,-0.03706942871212959,-0.035659752786159515,-0.034250080585479736,-0.03284040838479996,-0.03143073618412018,-0.03002106212079525,-0.02861138805747032,-0.027201715856790543,-0.025792041793465614,-0.024382367730140686,-0.022972695529460907,-0.02156301960349083,-0.02015334740281105,-0.01874367520213127,-0.017334003001451492,-0.015924327075481415,-0.014514654874801636,-0.013104982674121857,-0.01169530674815178,-0.010285638272762299,-0.00887596607208252,-0.007466290146112442,-0.006056617945432663,-0.004646945744752884,-0.0032372698187828064,-0.0018275976181030273,-0.0004179254174232483,0.0009917467832565308,0.0024014227092266083,0.0038110949099063873,0.005220768973231316,0.006630443036556244,0.008040115237236023,0.009449789300560951,0.01085946150124073,0.012269135564565659,0.013678809627890587,0.015088481828570366,0.016498155891895294,0.017907828092575073,0.0193175021559,0.02072717621922493,0.02213684841990471,0.023546522483229637,0.024956196546554565,0.026365868747234344,0.027775542810559273,0.0291852168738842,0.03059488907456398,0.03200456127524376,0.03341423720121384,0.034823909401893616]},"_runtime":32.5597374,"train_accuracy":0.4913700107874865,"train_loss":1.1864836966169292,"parameters/graph_6fc1.weight":{"values":[2,2,2,2,6,9,13,12,8,9,6,10,14,7,12,13,12,11,12,8,12,20,13,17,11,9,17,5,17,13,11,4,9,17,11,15,9,24,10,12,19,16,11,15,21,19,17,17,10,10,15,8,15,11,9,12,14,6,10,5,6,5,4,3],"bins":[-0.3992558419704437,-0.38726550340652466,-0.3752751648426056,-0.3632848262786865,-0.35129451751708984,-0.3393041789531708,-0.3273138403892517,-0.31532350182533264,-0.3033331632614136,-0.2913428544998169,-0.2793525159358978,-0.26736217737197876,-0.2553718388080597,-0.24338151514530182,-0.23139117658138275,-0.21940085291862488,-0.2074105143547058,-0.19542017579078674,-0.18342985212802887,-0.1714395135641098,-0.15944918990135193,-0.14745885133743286,-0.1354685127735138,-0.12347817420959473,-0.11148783564567566,-0.09949752688407898,-0.08750718832015991,-0.07551684975624084,-0.06352651119232178,-0.05153617262840271,-0.03954586386680603,-0.027555525302886963,-0.015565216541290283,-0.003574877977371216,0.008415460586547852,0.02040576934814453,0.0323961079120636,0.044386446475982666,0.05637678503990173,0.0683671236038208,0.08035743236541748,0.09234777092933655,0.10433810949325562,0.11632844805717468,0.12831878662109375,0.14030911028385162,0.1522994488477707,0.16428977251052856,0.17628011107444763,0.1882704496383667,0.20026077330112457,0.21225111186504364,0.2242414355278015,0.23623177409172058,0.24822211265563965,0.2602124512195587,0.2722027897834778,0.28419309854507446,0.29618343710899353,0.3081737756729126,0.32016411423683167,0.33215445280075073,0.3441447615623474,0.3561351001262665,0.36812543869018555],"_type":"histogram"},"parameters/graph_6fc1.bias":{"_type":"histogram","values":[1,0,1,1,0,2,0,0,1,0,0,4,0,3,2,1,1,0,0,0,3,1,1,0,0,0,2,1,2,0,1,0,2,2,1,1,2,2,1,1,0,1,2,1,1,1,0,0,2,0,1,2,1,0,4,1,1,1,0,1,0,0,3,1],"bins":[-0.2850891947746277,-0.27482926845550537,-0.26456934213638306,-0.25430944561958313,-0.24404951930046082,-0.2337895929813385,-0.22352968156337738,-0.21326977014541626,-0.20300984382629395,-0.19274991750717163,-0.1824900060892105,-0.1722300946712494,-0.16197016835212708,-0.15171024203300476,-0.14145033061504364,-0.13119041919708252,-0.1209304928779602,-0.11067056655883789,-0.10041065514087677,-0.09015074372291565,-0.07989081740379333,-0.06963089108467102,-0.0593709796667099,-0.04911106824874878,-0.038851141929626465,-0.02859121561050415,-0.018331289291381836,-0.00807139277458191,0.0021885335445404053,0.01244845986366272,0.022708356380462646,0.03296828269958496,0.04322823882102966,0.05348816514015198,0.06374809145927429,0.07400798797607422,0.08426791429519653,0.09452784061431885,0.10478773713111877,0.11504766345024109,0.1253075897693634,0.13556751608848572,0.14582742750644684,0.15608733892440796,0.16634726524353027,0.1766071915626526,0.1868671029806137,0.19712701439857483,0.20738694071769714,0.21764686703681946,0.22790677845478058,0.2381666898727417,0.248426616191864,0.25868654251098633,0.26894646883010864,0.27920636534690857,0.2894662916660309,0.2997262179851532,0.3099861145019531,0.32024604082107544,0.33050596714019775,0.34076589345932007,0.3510258197784424,0.3612857162952423,0.3715456426143646]},"_timestamp":1.7328950356085975e+09,"gradients/graph_6fc1.bias":{"_type":"histogram","values":[1,0,0,1,0,0,0,0,0,0,0,1,2,0,0,1,2,1,2,0,1,1,1,1,2,2,1,4,3,2,2,2,4,2,5,0,0,2,0,1,2,1,1,1,1,0,2,1,1,1,0,0,0,1,0,1,1,1,0,0,0,0,0,2],"bins":[-0.024679603055119514,-0.023959500715136528,-0.02323939837515354,-0.022519296035170555,-0.02179919369518757,-0.021079091355204582,-0.020358987152576447,-0.01963888481259346,-0.018918782472610474,-0.018198680132627487,-0.0174785777926445,-0.016758475452661514,-0.016038373112678528,-0.015318270772695541,-0.014598168432712555,-0.013878066092729568,-0.013157963752746582,-0.012437861412763596,-0.011717759072780609,-0.010997656732797623,-0.010277554392814636,-0.009557451121509075,-0.008837349712848663,-0.008117247372865677,-0.007397143170237541,-0.006677040830254555,-0.005956938490271568,-0.005236836150288582,-0.004516733810305595,-0.003796631470322609,-0.0030765291303396225,-0.002356426790356636,-0.0016363263130187988,-0.0009162239730358124,-0.00019612163305282593,0.0005239807069301605,0.001244083046913147,0.0019641853868961334,0.00268428772687912,0.0034043900668621063,0.004124492406845093,0.0048445966094732285,0.005564698949456215,0.006284800358116627,0.007004903629422188,0.007725005969405174,0.00844510830938816,0.009165210649371147,0.009885312989354134,0.01060541532933712,0.011325517669320107,0.012045620009303093,0.01276572234928608,0.01348582562059164,0.014205927960574627,0.014926030300557613,0.015646133571863174,0.01636623591184616,0.017086338251829147,0.017806440591812134,0.01852654293179512,0.019246645271778107,0.019966747611761093,0.02068684995174408,0.021406952291727066]},"gradients/graph_6fc3.weight":{"bins":[-0.1534532904624939,-0.1492380052804947,-0.14502272009849548,-0.14080743491649628,-0.13659214973449707,-0.13237686455249786,-0.12816157937049866,-0.12394629418849945,-0.11973100900650024,-0.11551572382450104,-0.11130043864250183,-0.10708515346050262,-0.10286986827850342,-0.09865458309650421,-0.094439297914505,-0.0902240127325058,-0.08600872755050659,-0.08179344236850739,-0.07757815718650818,-0.07336287200450897,-0.06914758682250977,-0.06493230164051056,-0.06071701645851135,-0.056501731276512146,-0.05228644609451294,-0.04807116091251373,-0.043855875730514526,-0.03964059054851532,-0.03542530536651611,-0.031210020184516907,-0.0269947350025177,-0.022779449820518494,-0.018564149737358093,-0.014348864555358887,-0.01013357937335968,-0.005918294191360474,-0.001703009009361267,0.0025122761726379395,0.006727561354637146,0.010942846536636353,0.015158131718635559,0.019373416900634766,0.023588702082633972,0.02780398726463318,0.032019272446632385,0.03623455762863159,0.0404498428106308,0.044665127992630005,0.04888041317462921,0.05309569835662842,0.057310983538627625,0.06152626872062683,0.06574155390262604,0.06995683908462524,0.07417212426662445,0.07838740944862366,0.08260269463062286,0.08681797981262207,0.09103326499462128,0.09524855017662048,0.09946383535861969,0.1036791205406189,0.1078944057226181,0.11210969090461731,0.11632497608661652],"_type":"histogram",