{"gradients/fc3.weight":{"bins":[-0.012118487618863583,-0.01175876148045063,-0.011399034410715103,-0.01103930827230215,-0.010679582133889198,-0.010319855995476246,-0.009960128925740719,-0.009600402787327766,-0.009240676648914814,-0.008880950510501862,-0.008521223440766335,-0.008161497302353382,-0.007801770698279142,-0.00744204455986619,-0.00708231795579195,-0.006722591817378998,-0.006362865213304758,-0.006003138609230518,-0.005643412470817566,-0.005283685866743326,-0.004923959728330374,-0.004564233124256134,-0.004204506985843182,-0.003844780847430229,-0.003485053777694702,-0.0031253276392817497,-0.0027656015008687973,-0.0024058744311332703,-0.002046148292720318,-0.0016864221543073654,-0.001326696015894413,-0.000966968946158886,-0.0006072428077459335,-0.0002475166693329811,0.00011221040040254593,0.00047193653881549835,0.0008316626772284508,0.0011913888156414032,0.0015511158853769302,0.0019108420237898827,0.002270568162202835,0.002630295231938362,0.0029900213703513145,0.003349747508764267,0.0037094741128385067,0.004069200251251459,0.004428926855325699,0.004788652993738651,0.005148379597812891,0.005508106201887131,0.005867832340300083,0.006227558944374323,0.006587285082787275,0.006947011686861515,0.0073067378252744675,0.007666464429348707,0.008026191033422947,0.0083859171718359,0.008745643310248852,0.009105370379984379,0.009465096518397331,0.009824822656810284,0.010184548795223236,0.010544275864958763,0.010904002003371716],"_type":"histogram","values":[1,0,0,0,0,0,1,0,0,0,1,0,0,0,0,1,0,2,1,1,1,2,1,4,4,2,7,4,7,10,16,18,24,137,60,18,8,9,6,8,2,7,3,3,1,0,2,3,1,1,3,1,0,0,1,0,0,1,0,0,0,0,0,1]},"parameters/fc2.weight":{"_type":"histogram","values":[1,0,1,0,0,0,1,1,0,1,2,1,1,5,1,5,3,3,4,5,9,7,11,8,18,16,27,25,36,47,63,78,93,155,182,215,284,351,397,426,347,288,258,220,175,136,67,44,31,21,9,4,4,4,2,1,1,0,0,0,0,0,0,1],"bins":[-2.4592690467834473,-2.395663261413574,-2.332057476043701,-2.268451690673828,-2.204845905303955,-2.141240119934082,-2.077634334564209,-2.014028549194336,-1.950422763824463,-1.8868169784545898,-1.8232111930847168,-1.7596054077148438,-1.6959995031356812,-1.632393717765808,-1.568787932395935,-1.505182147026062,-1.441576361656189,-1.377970576286316,-1.3143647909164429,-1.2507590055465698,-1.1871532201766968,-1.1235474348068237,-1.0599416494369507,-0.9963358640670776,-0.932729959487915,-0.869124174118042,-0.805518388748169,-0.7419126033782959,-0.6783068180084229,-0.6147010326385498,-0.5510952472686768,-0.4874894618988037,-0.42388367652893066,-0.3602778911590576,-0.29667210578918457,-0.23306632041931152,-0.16946053504943848,-0.10585474967956543,-0.04224896430969238,0.021356821060180664,0.08496260643005371,0.1485685110092163,0.21217429637908936,0.2757800817489624,0.33938586711883545,0.4029916524887085,0.46659743785858154,0.5302032232284546,0.5938090085983276,0.6574147939682007,0.7210205793380737,0.7846263647079468,0.8482321500778198,0.9118379950523376,0.9754437804222107,1.0390496253967285,1.1026554107666016,1.1662611961364746,1.2298669815063477,1.2934727668762207,1.3570785522460938,1.4206843376159668,1.4842901229858398,1.547895908355713,1.611501693725586]},"loss":0.012948997495374802,"epoch":500,"classification_report":"              precision    recall  f1-score   support\n\n           0       0.00      0.00      0.00         6\n           1       0.50      0.02      0.04        96\n           2       0.24      0.24      0.24        99\n           3       0.04      0.15      0.07        26\n           4       0.00      0.00      0.00         2\n           5       0.00      1.00      0.00         0\n\n    accuracy                           0.13       229\n   macro avg       0.13      0.24      0.06       229\nweighted avg       0.32      0.13      0.13       229\n","_runtime":41.4609047,"gradients/fc2.bias":{"bins":[-0.003076668828725815,-0.0029643895104527473,-0.00285211019217968,-0.0027398308739066124,-0.002627551555633545,-0.0025152722373604774,-0.00240299291908741,-0.0022907136008143425,-0.002178434282541275,-0.0020661549642682076,-0.00195387564599514,-0.0018415962113067508,-0.0017293167766183615,-0.001617037458345294,-0.0015047581400722265,-0.001392478821799159,-0.0012801995035260916,-0.001167920185253024,-0.0010556408669799566,-0.0009433615487068892,-0.0008310822304338217,-0.0007188029121607542,-0.0006065235938876867,-0.0004942442756146193,-0.0003819647245109081,-0.00026968540623784065,-0.00015740608796477318,-4.5126769691705704e-05,6.715254858136177e-05,0.00017943186685442924,0.0002917111851274967,0.0004039905034005642,0.0005162698216736317,0.0006285491399466991,0.0007408284582197666,0.0008531077764928341,0.0009653870947659016,0.001077666413038969,0.0011899457313120365,0.001302225049585104,0.0014145043678581715,0.0015267839189618826,0.00163906323723495,0.0017513425555080175,0.001863621873781085,0.0019759011920541525,0.00208818051032722,0.0022004598286002874,0.002312739146873355,0.0024250184651464224,0.00253729778341949,0.0026495771016925573,0.002761856419965625,0.002874135971069336,0.0029864152893424034,0.003098694607615471,0.0032109739258885384,0.003323253244161606,0.0034355325624346733,0.003547811880707741,0.0036600911989808083,0.0037723705172538757,0.003884649835526943,0.003996929153800011,0.004109208472073078],"_type":"histogram","values":[1,0,0,0,0,0,1,1,0,0,0,2,0,1,2,1,2,1,2,1,3,3,2,1,5,1,1,6,2,1,2,4,2,1,2,2,3,0,1,2,1,1,0,0,1,0,0,0,0,0,0,0,0,0,1,0,0,0,0,0,0,0,0,1]},"gradients/fc1.bias":{"_type":"histogram","values":[1,0,0,0,1,0,0,0,0,0,0,1,0,0,2,1,2,0,2,1,3,1,3,0,1,2,2,6,2,5,5,3,1,3,1,1,0,0,2,3,1,1,1,1,0,1,0,0,0,0,1,0,2,0,0,0,0,0,0,0,0,0,0,1],"bins":[-0.015919823199510574,-0.015385070815682411,-0.014850318431854248,-0.01431556697934866,-0.013780814595520496,-0.013246062211692333,-0.012711310759186745,-0.012176558375358582,-0.011641805991530418,-0.011107053607702255,-0.010572301223874092,-0.010037549771368504,-0.00950279738754034,-0.008968045003712177,-0.008433293551206589,-0.007898541167378426,-0.0073637887835502625,-0.006829036399722099,-0.006294284015893936,-0.005759532563388348,-0.0052247801795601845,-0.004690027795732021,-0.004155276343226433,-0.0036205239593982697,-0.0030857715755701065,-0.0025510191917419434,-0.00201626680791378,-0.0014815153554081917,-0.0009467629715800285,-0.0004120105877518654,0.00012274086475372314,0.0006574932485818863,0.0011922474950551987,0.0017269998788833618,0.002261752262711525,0.0027965037152171135,0.0033312560990452766,0.00386600848287344,0.004400759935379028,0.0049355123192071915,0.005470264703035355,0.006005017086863518,0.006539769470691681,0.0070745209231972694,0.007609273307025433,0.008144025690853596,0.008678777143359184,0.009213529527187347,0.00974828191101551,0.010283034294843674,0.010817786678671837,0.011352538131177425,0.011887290515005589,0.012422042898833752,0.01295679435133934,0.013491546735167503,0.014026299118995667,0.01456105150282383,0.015095803886651993,0.015630556270480156,0.01616530865430832,0.016700059175491333,0.017234811559319496,0.01776956394314766,0.018304316326975822]},"confusion_matrix":[[0,0,4,1,1,0],[2,2,66,25,1,0],[0,2,24,64,8,1],[0,0,3,4,19,0],[0,0,1,1,0,0],[0,0,0,0,0,0]],"gradients/fc3.bias":{"_type":"histogram","values":[1,0,0,0,0,0,0,0,0,0,0,0,0,0,0,0,0,0,0,0,0,0,0,0,2,0,0,0,0,0,0,0,0,0,0,0,1,0,0,0,0,0,0,0,0,0,0,0,0,0,0,0,0,0,0,1,0,0,0,0,0,0,0,1],