{"train_accuracy":0.5318230852211435,"train_loss":1.1983599662780762,"val_accuracy":0.5431034482758621,"parameters/fc2.bias":{"bins":[-0.0669584795832634,-0.06456219404935837,-0.06216590106487274,-0.05976961553096771,-0.057373326271772385,-0.05497703701257706,-0.05258075147867203,-0.0501844622194767,-0.04778817296028137,-0.045391883701086044,-0.04299559444189072,-0.04059930890798569,-0.03820301964879036,-0.03580673038959503,-0.03341044485569,-0.031014155596494675,-0.028617866337299347,-0.02622157707810402,-0.02382528781890869,-0.021429002285003662,-0.019032713025808334,-0.016636423766613007,-0.014240138232707977,-0.01184384897351265,-0.009447559714317322,-0.007051270455121994,-0.004654981195926666,-0.002258695662021637,0.00013758987188339233,0.0025338828563690186,0.004930168390274048,0.007326461374759674,0.009722739458084106,0.012119024991989136,0.014515317976474762,0.01691160351037979,0.019307896494865417,0.021704182028770447,0.024100467562675476,0.026496756821870804,0.02889304608106613,0.03128933534026146,0.03368562459945679,0.036081910133361816,0.038478199392557144,0.04087448865175247,0.0432707741856575,0.04566706344485283,0.04806335270404816,0.050459641963243484,0.05285593122243881,0.05525221675634384,0.05764850601553917,0.0600447952747345,0.062441080808639526,0.06483736634254456,0.06723365932703018,0.06962995231151581,0.07202623784542084,0.07442252337932587,0.0768188089132309,0.07921510189771652,0.08161138743162155,0.08400768041610718,0.08640396595001221],"_type":"histogram","values":[1,0,0,0,0,0,0,0,1,0,0,0,0,0,1,1,0,0,0,0,0,0,0,0,0,0,0,0,0,0,0,0,0,0,0,0,0,0,0,0,1,0,0,0,0,0,0,0,0,0,0,0,0,0,0,0,0,0,0,0,0,0,0,1]},"gradients/fc1.bias":{"values":[1,1,1,0,0,0,0,2,0,3,0,2,0,1,0,0,2,6,1,1,0,2,7,0,7,3,1,3,8,3,6,6,4,4,5,6,3,2,4,3,3,1,3,3,2,2,0,1,2,1,1,1,1,1,2,2,2,0,0,1,0,0,0,1],"bins":[-0.016635514795780182,-0.01618277095258236,-0.015730028972029686,-0.015277285128831863,-0.014824542216956615,-0.014371799305081367,-0.01391905639320612,-0.013466313481330872,-0.013013569638133049,-0.012560826726257801,-0.012108083814382553,-0.01165533997118473,-0.011202597990632057,-0.010749854147434235,-0.010297111235558987,-0.009844368323683739,-0.009391624480485916,-0.008938882499933243,-0.00848613865673542,-0.008033395744860172,-0.007580652832984924,-0.007127908989787102,-0.006675166077911854,-0.006222423166036606,-0.005769680254161358,-0.00531693734228611,-0.004864193499088287,-0.004411450587213039,-0.0039587076753377914,-0.0035059647634625435,-0.003053220920264721,-0.002600478008389473,-0.002147735096514225,-0.001694992184638977,-0.001242249272763729,-0.0007895054295659065,-0.00033676251769065857,0.00011598039418458939,0.0005687233060598373,0.00102146714925766,0.0014742100611329079,0.0019269529730081558,0.0023796958848834038,0.0028324387967586517,0.0032851826399564743,0.0037379255518317223,0.00419066846370697,0.0046434118412435055,0.005096154753118753,0.005548897664994001,0.006001641042530537,0.006454383954405785,0.00690712733194232,0.007359870243817568,0.007812613621354103,0.008265356533229351,0.008718099445104599,0.009170843288302422,0.00962358620017767,0.010076329112052917,0.010529072023928165,0.010981814935803413,0.011434558779001236,0.011887301690876484,0.012340044602751732],"_type":"histogram"},"_runtime":15.5758809,"parameters/fc1.bias":{"bins":[-0.2946767508983612,-0.284732848405838,-0.2747889459133148,-0.2648450434207916,-0.25490114092826843,-0.24495723843574524,-0.23501335084438324,-0.22506944835186005,-0.21512554585933685,-0.20518164336681366,-0.19523774087429047,-0.18529385328292847,-0.17534995079040527,-0.16540604829788208,-0.1554621458053589,-0.1455182433128357,-0.1355743408203125,-0.1256304383277893,-0.11568653583526611,-0.10574263334274292,-0.09579873085021973,-0.08585484325885773,-0.07591094076633453,-0.06596703827381134,-0.05602313578128815,-0.046079233288764954,-0.036135345697402954,-0.02619144320487976,-0.016247540712356567,-0.006303638219833374,0.0036402642726898193,0.013584166765213013,0.023528069257736206,0.0334719717502594,0.04341587424278259,0.053359776735305786,0.06330367922782898,0.07324758172035217,0.08319148421287537,0.09313537180423737,0.10307927429676056,0.11302317678928375,0.12296707928180695,0.13291098177433014,0.14285486936569214,0.15279877185821533,0.16274267435073853,0.17268657684326172,0.1826304793357849,0.1925743818283081,0.2025182843208313,0.2124621868133545,0.22240608930587769,0.23234999179840088,0.24229387938976288,0.25223779678344727,0.26218169927597046,0.27212560176849365,0.28206947445869446,0.29201337695121765,0.30195727944374084,0.31190118193626404,0.32184508442878723,0.3317889869213104,0.3417328894138336],"_type":"histogram","values":[2,1,1,1,0,0,4,4,1,1,4,4,1,0,3,0,4,1,5,3,1,4,5,2,0,2,3,4,0,1,2,2,5,2,1,1,0,1,1,4,1,1,5,2,2,2,1,0,3,2,5,3,2,1,4,1,2,3,0,0,3,2,0,2]},"gradients/fc2.bias":{"_type":"histogram","values":[1,0,0,0,1,0,0,0,0,0,0,0,0,0,0,0,0,0,0,0,0,0,0,0,0,0,1,0,0,0,0,0,0,0,0,0,0,0,0,0,0,0,0,0,0,0,0,1,0,0,0,0,0,1,0,0,0,0,0,0,0,0,0,1],"bins":[-0.08236546069383621,-0.0798432007431984,-0.07732094824314117,-0.07479868829250336,-0.07227642834186554,-0.06975416839122772,-0.0672319084405899,-0.06470965594053268,-0.06218739598989487,-0.05966513603925705,-0.05714287981390953,-0.05462062358856201,-0.052098363637924194,-0.04957610368728638,-0.04705384746193886,-0.04453159123659134,-0.04200933128595352,-0.039487071335315704,-0.036964815109968185,-0.034442558884620667,-0.03192029893398285,-0.029398038983345032,-0.026875782757997513,-0.024353526532649994,-0.021831266582012177,-0.01930900663137436,-0.016786746680736542,-0.014264494180679321,-0.011742234230041504,-0.009219974279403687,-0.006697721779346466,-0.004175461828708649,-0.0016532093286514282,0.0008690506219863892,0.0033913105726242065,0.005913563072681427,0.008435823023319244,0.010958082973957062,0.013480335474014282,0.0160025954246521,0.018524855375289917,0.021047115325927734,0.023569371551275253,0.026091627776622772,0.02861388772726059,0.031136147677898407,0.033658403903245926,0.036180660128593445,0.03870292007923126,0.04122518002986908,0.0437474362552166,0.04626969248056412,0.048791952431201935,0.05131421238183975,0.05383646860718727,0.05635872483253479,0.05888098478317261,0.061403244733810425,0.06392550468444824,0.06644775718450546,0.06897001713514328,0.0714922770857811,0.07401452958583832,0.07653678953647614,0.07905904948711395]},"parameters/fc2.weight":{"bins":[-0.15000849962234497,-0.14537502825260162,-0.14074157178401947,-0.13610810041427612,-0.13147462904453278,-0.12684117257595062,-0.12220770120620728,-0.11757423728704453,-0.11294077336788177,-0.10830730199813843,-0.10367383807897568,-0.09904037415981293,-0.09440690279006958,-0.08977343887090683,-0.08513997495174408,-0.08050650358200073,-0.07587303966283798,-0.07123957574367523,-0.06660610437393188,-0.061972640454769135,-0.057339176535606384,-0.05270570516586304,-0.04807224124670029,-0.04343877732753754,-0.03880530595779419,-0.03417184203863144,-0.02953837811946869,-0.024904906749725342,-0.02027145028114319,-0.01563797891139984,-0.011004507541656494,-0.006371051073074341,-0.0017375797033309937,0.0028958916664123535,0.007529348134994507,0.012162819504737854,0.0167962908744812,0.021429747343063354,0.0260632187128067,0.030696682631969452,0.0353301465511322,0.03996361792087555,0.0445970818400383,0.04923054575920105,0.0538640171289444,0.05849748104810715,0.0631309449672699,0.06776441633701324,0.072397880256176,0.07703134417533875,0.08166481554508209,0.08629827946424484,0.09093174338340759,0.09556521475315094,0.10019867867231369,0.10483214259147644,0.10946561396121979,0.11409907788038254,0.11873254179954529,0.12336601316928864,0.1279994696378708,0.13263294100761414,0.13726641237735748,0.14189986884593964,0.14653334021568298],"_type":"histogram","values":[3,3,4,5,7,7,2,10,10,8,12,5,10,12,10,19,13,12,16,20,18,18,22,18,15,18,20,13,24,21,13,20,22,19,21,17,17,11,18,25,19,14,13,10,16,17,13,10,14,7,12,14,5,7,8,7,6,5,2,4,1,4,1,1]},"epoch":250,"parameters/fc1.weight":{"_type":"histogram",