{"_runtime":4.4009983,"_step":10,"parameters/fc3.bias":{"bins":[-0.17810598015785217,-0.17070522904396057,-0.16330446302890778,-0.15590371191501617,-0.14850296080112457,-0.14110219478607178,-0.13370144367218018,-0.12630069255828857,-0.11889993399381638,-0.11149917542934418,-0.10409842431545258,-0.09669766575098038,-0.08929690718650818,-0.08189615607261658,-0.07449539750814438,-0.06709464639425278,-0.05969388782978058,-0.05229313671588898,-0.04489237070083618,-0.03749161958694458,-0.03009086847305298,-0.022690102458000183,-0.015289351344108582,-0.00788860023021698,-0.00048783421516418457,0.006912916898727417,0.014313668012619019,0.02171441912651062,0.029115185141563416,0.03651593625545502,0.04391668736934662,0.051317453384399414,0.058718204498291016,0.06611895561218262,0.07351972162723541,0.08092047274112701,0.08832122385501862,0.09572198987007141,0.10312274098396301,0.11052349209785461,0.11792424321174622,0.125325009226799,0.1327257603406906,0.14012651145458221,0.147527277469635,0.1549280285835266,0.1623287796974182,0.169729545712471,0.1771302968263626,0.1845310628414154,0.191931813955307,0.1993325650691986,0.2067333161830902,0.2141340672969818,0.2215348333120346,0.2289355844259262,0.236336350440979,0.2437371015548706,0.2511378526687622,0.2585386037826538,0.2659393548965454,0.273340106010437,0.280740886926651,0.2881416380405426,0.2955423891544342],"_type":"histogram","values":[1,0,0,0,0,0,0,0,0,0,0,0,0,1,0,0,0,0,1,0,0,0,0,0,0,0,0,0,0,0,0,0,0,0,0,0,0,0,0,0,0,0,0,0,0,0,0,1,0,0,0,0,0,0,0,0,0,0,0,1,0,0,0,1]},"_timestamp":1.7328861051552405e+09,"parameters/fc2.bias":{"values":[2,0,0,0,0,0,1,0,1,0,0,0,0,0,0,0,0,0,0,0,0,1,0,0,1,0,0,0,0,0,1,1,0,0,1,1,0,1,0,0,0,0,0,2,0,1,0,0,0,0,0,0,0,1,0,0,0,0,0,0,0,0,0,1],"bins":[-0.23574084043502808,-0.22516655921936035,-0.21459229290485382,-0.2040180116891861,-0.19344374537467957,-0.18286946415901184,-0.17229518294334412,-0.1617209017276764,-0.15114663541316986,-0.14057236909866333,-0.1299980878829956,-0.11942380666732788,-0.10884952545166016,-0.09827525913715363,-0.0877009779214859,-0.07712671160697937,-0.06655243039131165,-0.05597814917564392,-0.04540388286113739,-0.034829601645469666,-0.024255335330963135,-0.01368105411529541,-0.0031067728996276855,0.007467493414878845,0.018041789531707764,0.0286160409450531,0.039190322160720825,0.04976460337638855,0.060338884592056274,0.070913165807724,0.08148741722106934,0.09206169843673706,0.10263597965240479,0.11321026086807251,0.12378454208374023,0.13435879349708557,0.1449330747127533,0.15550735592842102,0.16608163714408875,0.17665591835975647,0.1872301697731018,0.19780446588993073,0.20837873220443726,0.21895301342010498,0.2295272946357727,0.24010156095027924,0.25067585706710815,0.2612501084804535,0.2718243896961212,0.28239867091178894,0.2929729223251343,0.303547203540802,0.3141214847564697,0.32469576597213745,0.3352700471878052,0.3458443284034729,0.3564186096191406,0.36699286103248596,0.3775671422481537,0.3881414234638214,0.39871570467948914,0.4092899560928345,0.4198642373085022,0.4304385185241699,0.44101279973983765],"_type":"histogram"},"epoch":10,"train_accuracy":0.5663474692202463,"test_classification_report":"              precision    recall  f1-score   support\n\n           0       1.00      0.00      0.00         6\n           1       1.00      0.00      0.00        96\n           2       0.39      0.64      0.48        99\n           3       0.30      0.77      0.43        26\n           4       1.00      0.00      0.00         2\n\n    accuracy                           0.36       229\n   macro avg       0.74      0.28      0.18       229\nweighted avg       0.66      0.36      0.26       229\n","val_accuracy":0.4972677595628415,"gradients/fc2.bias":{"_type":"histogram","values":[1,0,1,0,0,0,2,1,0,0,0,0,0,0,0,1,0,0,1,0,0,0,0,0,0,0,0,0,0,0,0,0,0,0,0,1,0,0,1,0,0,0,0,0,0,0,0,0,0,0,0,0,0,5,1,0,0,0,0,0,0,0,0,1],"bins":[-0.09084253013134003,-0.08914453536272049,-0.08744653314352036,-0.08574853837490082,-0.08405054360628128,-0.08235254138708115,-0.08065454661846161,-0.07895655184984207,-0.07725854963064194,-0.0755605548620224,-0.07386256009340286,-0.07216456532478333,-0.07046656310558319,-0.06876856833696365,-0.06707057356834412,-0.06537257134914398,-0.06367457658052444,-0.06197657808661461,-0.06027857959270477,-0.058580584824085236,-0.0568825863301754,-0.055184587836265564,-0.05348659306764603,-0.05178859457373619,-0.050090596079826355,-0.04839260131120682,-0.04669460281729698,-0.044996604323387146,-0.04329860955476761,-0.04160061106085777,-0.03990261256694794,-0.0382046177983284,-0.03650662302970886,-0.03480862081050873,-0.03311062604188919,-0.03141263127326965,-0.02971463091671467,-0.02801663614809513,-0.026318637654185295,-0.02462063916027546,-0.022922644391655922,-0.021224645897746086,-0.01952664740383625,-0.017828652635216713,-0.016130654141306877,-0.014432655647397041,-0.012734660878777504,-0.011036662384867668,-0.009338665753602982,-0.007640669122338295,-0.005942670628428459,-0.004244673997163773,-0.002546677365899086,-0.0008486788719892502,0.0008493177592754364,0.002547314390540123,0.004245311953127384,0.005943309515714645,0.007641306146979332,0.009339303709566593,0.011037301272153854,0.012735297903418541,0.014433295466005802,0.016131293028593063,0.01782928965985775]},"gradients/fc3.weight":{"_type":"histogram","values":[1,0,0,1,0,0,0,0,0,0,0,0,0,0,0,1,0,0,0,1,0,0,0,1,0,1,0,0,1,0,2,1,2,0,0,0,1,1,1,0,0,1,0,31,6,4,8,6,4,4,4,2,2,2,2,0,3,0,0,0,0,1,0,1],"bins":[-0.2257414162158966,-0.22058257460594177,-0.21542374789714813,-0.2102649062871933,-0.20510607957839966,-0.19994723796844482,-0.19478841125965118,-0.18962956964969635,-0.1844707429409027,-0.17931190133094788,-0.17415307462215424,-0.1689942330121994,-0.16383540630340576,-0.15867656469345093,-0.1535177230834961,-0.14835889637470245,-0.1432000696659088,-0.13804122805595398,-0.13288238644599915,-0.1277235597372055,-0.12256472557783127,-0.11740589141845703,-0.1122470572590828,-0.10708822309970856,-0.10192938148975372,-0.09677055478096008,-0.09161171317100525,-0.08645288646221161,-0.08129404485225677,-0.07613521814346313,-0.0709763765335083,-0.06581754982471466,-0.06065870821475983,-0.05549986660480499,-0.05034103989601135,-0.04518219828605652,-0.04002337157726288,-0.034864529967308044,-0.029705703258514404,-0.02454686164855957,-0.01938803493976593,-0.014229193329811096,-0.009070359170436859,-0.003911525011062622,0.001247309148311615,0.006406143307685852,0.011564977467060089,0.016723811626434326,0.021882645785808563,0.0270414799451828,0.03220031410455704,0.037359148263931274,0.04251798242330551,0.04767682030797005,0.052835654467344284,0.05799448862671852,0.06315332651138306,0.0683121532201767,0.07347099483013153,0.07862982898950577,0.08378866314888,0.08894749730825424,0.09410633146762848,0.09926516562700272,0.10442399978637695]},"parameters/fc2.weight":{"values":[1,1,4,3,4,2,8,3,3,4,5,1,11,5,7,2,7,5,2,4,9,4,9,3,4,4,6,9,4,7,5,7,1,5,8,2,4,8,5,6,3,7,5,8,10,1,3,2,5,0,1,3,1,0,1,1,2,1,2,3,0,2,1,2],