{"epoch":250,"gradients/graph_7fc2.bias":{"bins":[-0.052252158522605896,-0.05057629197835922,-0.04890042170882225,-0.04722455516457558,-0.0455486886203289,-0.04387281835079193,-0.04219695180654526,-0.040521085262298584,-0.03884521499276161,-0.03716934844851494,-0.035493478178977966,-0.03381761163473129,-0.03214174509048462,-0.030465876683592796,-0.028790008276700974,-0.0271141417324543,-0.025438273325562477,-0.023762404918670654,-0.02208653837442398,-0.02041066810488701,-0.018734801560640335,-0.01705893501639366,-0.01538306474685669,-0.013707198202610016,-0.012031331658363342,-0.01035546138882637,-0.008679594844579697,-0.007003728300333023,-0.005327858030796051,-0.0036519914865493774,-0.001976124942302704,-0.0003002546727657318,0.0013756118714809418,0.0030514784157276154,0.004727348685264587,0.006403215229511261,0.008079081773757935,0.009754952043294907,0.01143081858754158,0.013106685131788254,0.014782555401325226,0.0164584219455719,0.018134288489818573,0.019810158759355545,0.02148602530360222,0.023161891847848892,0.024837762117385864,0.026513628661632538,0.02818949706852436,0.029865365475416183,0.03154123201966286,0.03321710228919983,0.0348929688334465,0.036568835377693176,0.03824470192193985,0.03992057219147682,0.041596438735723495,0.04327230900526047,0.04494817554950714,0.046624042093753815,0.04829991236329079,0.04997577890753746,0.051651645451784134,0.053327515721321106,0.05500338226556778],"_type":"histogram","values":[1,0,0,0,0,0,0,0,0,0,0,0,0,1,0,0,0,0,0,0,0,0,0,0,1,0,0,0,0,0,0,0,0,1,0,0,0,0,0,0,0,0,0,0,0,0,0,0,0,0,0,1,0,0,0,0,0,0,0,0,0,0,0,1]},"_step":250,"parameters/graph_7fc1.weight":{"values":[6,10,10,15,12,21,17,19,23,17,25,19,33,23,27,18,26,27,28,17,22,26,31,29,23,26,25,25,26,27,27,25,32,20,20,30,20,30,21,33,30,21,26,21,28,26,26,26,24,36,26,22,25,28,21,19,20,11,15,15,11,7,3,10],"bins":[-0.35441839694976807,-0.3433323800563812,-0.3322463631629944,-0.32116034626960754,-0.3100743293762207,-0.29898831248283386,-0.287902295589447,-0.27681630849838257,-0.26573026180267334,-0.2546442747116089,-0.24355824291706085,-0.2324722409248352,-0.22138622403144836,-0.21030020713806152,-0.19921419024467468,-0.18812817335128784,-0.177042156457901,-0.16595613956451416,-0.15487012267112732,-0.14378410577774048,-0.13269808888435364,-0.12161208689212799,-0.11052606999874115,-0.09944003820419312,-0.08835405111312866,-0.07726803421974182,-0.06618201732635498,-0.05509600043296814,-0.0440099835395813,-0.03292396664619446,-0.021837949752807617,-0.010751932859420776,0.00033405423164367676,0.011420071125030518,0.02250608801841736,0.0335921049118042,0.04467812180519104,0.05576413869857788,0.06685015559196472,0.07793617248535156,0.0890221893787384,0.10010817646980286,0.11119420826435089,0.12228022515773773,0.13336622714996338,0.14445224404335022,0.15553826093673706,0.1666242778301239,0.17771029472351074,0.18879631161689758,0.19988232851028442,0.21096834540367126,0.2220543622970581,0.23314037919044495,0.2442263811826706,0.25531238317489624,0.26639842987060547,0.2774844169616699,0.28857046365737915,0.2996564507484436,0.31074246764183044,0.3218284845352173,0.3329145014286041,0.34400051832199097,0.3550865352153778],"_type":"histogram"},"_wandb":{"runtime":17},"gradients/graph_7fc2.weight":{"_type":"histogram","values":[2,3,1,1,2,0,1,0,2,3,1,2,2,6,2,2,9,5,8,5,6,5,5,14,14,11,11,18,15,17,23,24,28,27,32,39,38,49,40,60,37,36,36,20,27,13,20,10,6,5,6,3,3,3,1,4,1,2,0,0,0,1,0,1],"bins":[-0.07969401031732559,-0.07743855565786362,-0.07518309354782104,-0.07292763888835907,-0.0706721842288971,-0.06841672211885452,-0.06616126745939255,-0.06390580534934998,-0.061650350689888,-0.059394896030426025,-0.05713943764567375,-0.05488397926092148,-0.0526285246014595,-0.05037306621670723,-0.048117607831954956,-0.04586215317249298,-0.04360669478774071,-0.041351236402988434,-0.03909578174352646,-0.036840323358774185,-0.03458486497402191,-0.032329410314559937,-0.030073951929807663,-0.02781849354505539,-0.025563038885593414,-0.02330758050084114,-0.021052122116088867,-0.018796663731336594,-0.01654120534658432,-0.014285750687122345,-0.01203029602766037,-0.009774833917617798,-0.007519379258155823,-0.005263924598693848,-0.0030084624886512756,-0.0007530078291893005,0.0015024468302726746,0.003757905215024948,0.006013363599777222,0.008268821984529495,0.010524280369281769,0.012779735028743744,0.015035193413496017,0.01729065179824829,0.019546106457710266,0.02180156484246254,0.024057023227214813,0.02631247788667679,0.028567936271429062,0.030823394656181335,0.03307884931564331,0.035334307700395584,0.03758976608514786,0.03984522074460983,0.042100679129362106,0.04435613751411438,0.046611592173576355,0.04886705055832863,0.0511225089430809,0.05337796360254288,0.05563342198729515,0.057888880372047424,0.0601443387567997,0.06239979341626167,0.06465525180101395]},"test_confusion_matrix":[[80,11,0,0,0,0],[31,45,17,2,0,3],[18,16,44,5,7,3],[10,19,18,9,23,22],[2,9,6,7,18,67],[0,0,0,0,0,88]],"_timestamp":1.7328915074336452e+09,"train_accuracy":0.5151024811218986,"val_accuracy":0.5646551724137931,"val_loss":1.1888916492462158,"test_accuracy":0.4896551724137931,"train_loss":1.2215198360640427,"parameters/graph_7fc2.weight":{"bins":[-0.14967451989650726,-0.1451941579580307,-0.14071381092071533,-0.13623344898223877,-0.1317530870437622,-0.12727272510528564,-0.12279237061738968,-0.11831201612949371,-0.11383165419101715,-0.10935129225254059,-0.10487093776464462,-0.10039058327674866,-0.0959102213382721,-0.09142985939979553,-0.08694950491189957,-0.0824691504240036,-0.07798878848552704,-0.07350842654705048,-0.06902807205915451,-0.06454771757125854,-0.06006735563278198,-0.05558699369430542,-0.051106639206409454,-0.04662628471851349,-0.042145922780036926,-0.037665560841560364,-0.0331852063536644,-0.028704851865768433,-0.02422448992729187,-0.019744127988815308,-0.015263780951499939,-0.010783419013023376,-0.00630304217338562,-0.0018226802349090576,0.002657681703567505,0.0071380287408828735,0.011618390679359436,0.016098752617836,0.020579107105731964,0.02505946159362793,0.029539823532104492,0.034020185470581055,0.03850053995847702,0.042980894446372986,0.04746125638484955,0.05194161832332611,0.056421972811222076,0.06090232729911804,0.0653826892375946,0.06986305117607117,0.07434340566396713,0.0788237601518631,0.08330412209033966,0.08778448402881622,0.09226483851671219,0.09674519300460815,0.10122555494308472,0.10570591688156128,0.11018627136945724,0.11466662585735321,0.11914698779582977,0.12362734973430634,0.1281076967716217,0.13258805871009827,0.13706842064857483],"_type":"histogram","values":[3,2,3,2,10,5,5,7,9,6,10,6,9,6,11,14,14,12,9,13,11,15,23,16,27,14,10,25,17,17,26,18,20,21,25,20,18,19,19,15,12,19,11,16,12,13,16,16,13,12,12,11,15,7,7,7,9,4,6,6,5,4,1,2]},