{"parameters/graph_1fc1.weight":{"values":[1,0,1,0,0,0,0,0,0,0,2,2,1,2,0,0,0,1,2,4,0,5,3,2,3,2,5,7,7,8,13,12,7,10,11,12,16,14,7,23,12,13,8,13,19,10,9,15,9,9,6,8,5,6,6,8,0,4,3,2,1,1,0,2],"bins":[-1.226839303970337,-1.1963740587234497,-1.1659088134765625,-1.1354436874389648,-1.1049784421920776,-1.0745131969451904,-1.0440480709075928,-1.0135828256607056,-0.9831175804138184,-0.9526523351669312,-0.9221871495246887,-0.8917219638824463,-0.8612567186355591,-0.8307914733886719,-0.8003262877464294,-0.769861102104187,-0.7393958568572998,-0.7089306116104126,-0.6784654259681702,-0.6480002403259277,-0.6175349950790405,-0.5870697498321533,-0.5566045641899109,-0.5261393785476685,-0.49567413330078125,-0.46520888805389404,-0.4347437024116516,-0.4042785167694092,-0.373813271522522,-0.34334802627563477,-0.31288284063339233,-0.2824176549911499,-0.25195246934890747,-0.22148722410202026,-0.19102203845977783,-0.1605568528175354,-0.1300916075706482,-0.09962636232376099,-0.06916117668151855,-0.03869599103927612,-0.008230745792388916,0.02223449945449829,0.05269968509674072,0.08316487073898315,0.11363011598587036,0.14409536123275757,0.174560546875,0.20502573251724243,0.23549097776412964,0.26595619320869446,0.2964214086532593,0.3268866240978241,0.3573518395423889,0.38781705498695374,0.41828227043151855,0.4487474858760834,0.4792127013206482,0.5096778869628906,0.5401431322097778,0.570608377456665,0.6010735630989075,0.6315387487411499,0.6620039939880371,0.6924692392349243,0.7229344248771667],"_type":"histogram"},"gradients/graph_1fc2.bias":{"_type":"histogram","values":[1,0,0,0,0,0,0,0,0,0,1,0,0,0,0,0,0,0,0,1,0,0,0,0,2,0,1,0,1,1,2,0,0,1,2,3,2,1,0,1,1,0,1,0,0,0,0,0,1,1,2,2,1,0,0,1,0,1,0,0,0,0,0,1],"bins":[-0.058099523186683655,-0.05649340897798538,-0.05488729849457741,-0.053281184285879135,-0.05167507380247116,-0.05006895959377289,-0.048462845385074615,-0.04685673490166664,-0.04525062069296837,-0.043644510209560394,-0.04203839600086212,-0.04043228179216385,-0.038826171308755875,-0.0372200608253479,-0.03561394661664963,-0.034007832407951355,-0.03240171819925308,-0.030795607715845108,-0.029189495369791985,-0.027583381161093712,-0.02597726881504059,-0.024371158331632614,-0.02276504412293434,-0.02115892991423607,-0.019552819430828094,-0.017946705222129822,-0.016340594738721848,-0.014734480530023575,-0.013128366321325302,-0.011522255837917328,-0.009916141629219055,-0.008310031145811081,-0.006703916937112808,-0.0050978027284145355,-0.0034916922450065613,-0.0018855780363082886,-0.00027946755290031433,0.0013266466557979584,0.002932760864496231,0.004538871347904205,0.006144985556602478,0.007751096040010452,0.009357210248708725,0.010963324457406998,0.012569434940814972,0.014175547286868095,0.015781661495566368,0.01738777384161949,0.018993886187672615,0.02059999853372574,0.022206110879778862,0.023812225088477135,0.025418337434530258,0.02702444978058338,0.028630562126636505,0.030236676335334778,0.03184278681874275,0.033448901027441025,0.035055011510849,0.03666112571954727,0.038267239928245544,0.03987335041165352,0.04147946462035179,0.043085575103759766,0.04469168931245804]},"parameters/graph_1fc2.weight":{"values":[1,0,0,0,0,0,0,0,1,1,2,3,3,1,3,4,1,2,7,6,0,10,15,8,8,9,15,19,15,27,54,115,271,62,40,22,23,19,16,20,17,10,16,10,8,16,10,16,11,16,14,16,10,12,12,9,5,3,2,3,3,1,0,1],"bins":[-1.6362971067428589,-1.5856295824050903,-1.5349620580673218,-1.4842946529388428,-1.4336271286010742,-1.3829596042633057,-1.332292079925537,-1.2816245555877686,-1.23095703125,-1.1802895069122314,-1.129621982574463,-1.0789544582366943,-1.0282870531082153,-0.9776195287704468,-0.9269520044326782,-0.8762845396995544,-0.8256170153617859,-0.7749494910240173,-0.7242820262908936,-0.673614501953125,-0.6229469776153564,-0.5722794532775879,-0.5216119289398193,-0.47094452381134033,-0.4202769994735718,-0.3696094751358032,-0.31894195079803467,-0.2682744264602661,-0.21760690212249756,-0.16693949699401855,-0.11627197265625,-0.06560444831848145,-0.01493692398071289,0.035730600357055664,0.08639812469482422,0.13706564903259277,0.18773305416107178,0.23840057849884033,0.2890681028366089,0.33973562717437744,0.390403151512146,0.44107067584991455,0.49173808097839355,0.5424056053161621,0.5930731296539307,0.6437406539916992,0.6944081783294678,0.7450756430625916,0.7957431674003601,0.8464106917381287,0.8970781564712524,0.947745680809021,0.9984132051467896,1.0490806102752686,1.099748134613037,1.1504156589508057,1.2010831832885742,1.2517507076263428,1.3024182319641113,1.3530857563018799,1.4037532806396484,1.454420804977417,1.505088210105896,1.5557557344436646,1.606423258781433],"_type":"histogram"},"val_accuracy":0.7931034482758621,"test_accuracy":0.7775862068965518,"epoch":250,"_runtime":31.2700646,"train_accuracy":0.6974110032362459,"gradients/graph_1fc1.weight":{"bins":[-0.2225642055273056,-0.21116268634796143,-0.19976116716861725,-0.18835964798927307,-0.1769581437110901,-0.1655566245317459,-0.15415510535240173,-0.14275360107421875,-0.13135206699371338,-0.1199505552649498,-0.10854904353618622,-0.09714752435684204,-0.08574600517749786,-0.07434448599815369,-0.0629429817199707,-0.051541462540626526,-0.04013994336128235,-0.02873842418193817,-0.017336905002593994,-0.005935400724411011,0.0054661184549331665,0.016867637634277344,0.02826915681362152,0.039670661091804504,0.051072195172309875,0.06247369945049286,0.07387523353099823,0.08527673780918121,0.0966782420873642,0.10807977616786957,0.11948128044605255,0.13088281452655792,0.1422843039035797,0.1536858081817627,0.16508734226226807,0.17648884654045105,0.18789038062095642,0.1992918848991394,0.2106933891773224,0.22209492325782776,0.23349642753601074,0.2448979616165161,0.2562994658946991,0.2677009701728821,0.27910250425338745,0.2905040383338928,0.3019055128097534,0.3133070468902588,0.32470858097076416,0.33611008524894714,0.3475115895271301,0.3589131236076355,0.3703146278858185,0.38171613216400146,0.39311766624450684,0.4045191705226898,0.4159207046031952,0.4273222088813782,0.43872374296188354,0.45012524724006653,0.4615267515182495,0.4729282855987549,0.48432978987693787,0.49573132395744324,0.5071328282356262],"_type":"histogram","values":[1,0,0,0,1,0,1,0,0,3,0,2,5,9,6,5,12,13,56,140,34,21,15,8,9,5,1,3,1,0,0,0,0,0,0,0,0,0,0,0,0,0,0,0,0,0,0,0,0,0,0,0,0,0,0,0,0,0,0,0,0,0,0,1]},"parameters/graph_1fc1.bias":{"_type":"histogram","values":[2,0,0,0,1,1,0,0,0,0,2,1,0,0,0,0,1,0,0,1,0,1,0,1,0,1,3,1,1,1,0,1,1,0,0,0,2,1,1,0,0,0,3,0,0,1,1,0,1,0,0,0,0,0,0,1,0,0,0,0,0,0,0,1],"bins":[-0.7059046030044556,-0.6847763061523438,-0.6636480093002319,-0.6425197124481201,-0.6213914752006531,-0.6002631783485413,-0.5791348814964294,-0.5580065846443176,-0.5368783473968506,-0.5157500505447388,-0.49462175369262695,-0.47349345684051514,-0.4523651599884033,-0.4312368929386139,-0.4101085960865021,-0.38898032903671265,-0.36785203218460083,-0.346723735332489,-0.3255954682826996,-0.30446717143058777,-0.28333890438079834,-0.2622106075286865,-0.2410823106765747,-0.21995404362678528,-0.19882571697235107,-0.17769747972488403,-0.15656918287277222,-0.1354408860206604,-0.11431258916854858,-0.09318429231643677,-0.07205605506896973,-0.05092775821685791,-0.02979952096939087,-0.008671224117279053,0.012457072734832764,0.033585309982299805,0.05471360683441162,0.07584190368652344,0.09697020053863525,0.11809849739074707,0.1392267346382141,0.16035506129264832,0.18148332834243774,0.20261162519454956,0.22373992204666138,0.2448681890964508,0.2659964859485626,0.28712475299835205,0.30825304985046387,0.3293813467025757,0.3505096137523651,0.37163791060447693,0.39276617765426636,0.4138944745063782,0.43502277135849,0.4561510682106018,0.47727933526039124,0.49840760231018066,0.5195358991622925,0.5406641960144043,0.5617924928665161,0.5829207897186279,0.604049026966095,0.6251773238182068,0.6463056206703186]},"_timestamp":1.7328947991153736e+09,"val_loss":0.5559642175833385,"gradients/graph_1fc3.weight":{"values":[1,0,1,0,0,0,2,0,1,2,1,1,0,0,1,0,0,1,1,0,0,2,1,0,0,5,2,5,12,14,82,14,6,5,5,6,4,3,1,1,2,1,1,0,0,1,1,0,2,1,1,0,0,0,0,0,0,0,0,1,0,0,0,1],