{"_runtime":23.8690978,"val_loss":5.14551309744517,"_wandb":{"runtime":23},"_step":500,"gradients/fc3.bias":{"_type":"histogram","values":[1,1,0,0,0,0,0,0,0,0,0,0,0,0,0,0,0,0,0,0,0,0,0,0,0,1,0,1,0,0,0,0,0,0,0,0,0,0,0,0,0,0,0,0,0,0,0,1,0,0,0,0,0,0,0,0,0,0,0,0,0,0,0,1],"bins":[-0.0004465552046895027,-0.0004303542082197964,-0.00041415318264625967,-0.0003979521570727229,-0.0003817511606030166,-0.0003655501641333103,-0.00034934913855977356,-0.0003331481129862368,-0.0003169471165165305,-0.0003007461200468242,-0.00028454509447328746,-0.0002683440688997507,-0.0002521430724300444,-0.0002359420614084229,-0.00021974105038680136,-0.00020354003936517984,-0.0001873390283435583,-0.00017113803187385201,-0.00015493700630031526,-0.0001387359807267785,-0.0001225349842570722,-0.00010633398778736591,-9.013296221382916e-05,-7.39319366402924e-05,-5.773094017058611e-05,-4.152994370087981e-05,-2.532891812734306e-05,-9.127892553806305e-06,7.073103915899992e-06,2.327410038560629e-05,3.947512595914304e-05,5.5676151532679796e-05,7.1877206210047e-05,8.80782026797533e-05,0.00010427922825329006,0.00012048025382682681,0.0001366812502965331,0.0001528822467662394,0.00016908327233977616,0.0001852842979133129,0.0002014852943830192,0.0002176862908527255,0.00023388731642626226,0.000250088341999799,0.0002662893384695053,0.0002824903349392116,0.00029869136051274836,0.0003148923860862851,0.0003310933825559914,0.0003472943790256977,0.00036349540459923446,0.0003796964301727712,0.0003958974266424775,0.0004120984231121838,0.00042829944868572056,0.0004445004742592573,0.0004607014707289636,0.0004769024671986699,0.0004931035218760371,0.0005093045183457434,0.0005255055148154497,0.000541706511285156,0.0005579075077548623,0.0005741085624322295,0.0005903095589019358]},"parameters/fc2.bias":{"_type":"histogram","values":[1,0,0,0,0,0,0,1,0,0,1,0,1,0,1,0,0,1,1,0,0,1,2,3,4,2,2,3,2,2,2,2,1,1,1,3,5,2,2,3,0,2,4,3,0,2,0,0,0,1,0,0,1,0,0,0,0,0,0,0,0,0,0,1],"bins":[-0.2942451536655426,-0.28283172845840454,-0.27141833305358887,-0.2600049078464508,-0.24859151244163513,-0.23717808723449707,-0.2257646769285202,-0.21435126662254333,-0.20293785631656647,-0.1915244460105896,-0.18011103570461273,-0.16869762539863586,-0.1572842001914978,-0.14587078988552094,-0.13445737957954407,-0.1230439692735672,-0.11163055896759033,-0.10021714866161346,-0.0888037383556366,-0.07739032804965973,-0.06597691774368286,-0.0545634925365448,-0.043150097131729126,-0.031736671924591064,-0.020323246717453003,-0.008909851312637329,0.0025035738945007324,0.013916969299316406,0.025330394506454468,0.03674378991127014,0.0481572151184082,0.05957061052322388,0.07098403573036194,0.0823974609375,0.09381085634231567,0.10522428154945374,0.11663767695426941,0.12805110216140747,0.13946449756622314,0.1508779227733612,0.16229131817817688,0.17370474338531494,0.185118168592453,0.19653156399726868,0.20794498920440674,0.2193583995103836,0.23077180981636047,0.24218522012233734,0.2535986304283142,0.2650120258331299,0.27642545104026794,0.287838876247406,0.2992522716522217,0.31066569685935974,0.3220791220664978,0.3334925174713135,0.34490591287612915,0.3563193380832672,0.3677327632904053,0.37914615869522095,0.390559583902359,0.4019729793071747,0.41338640451431274,0.4247997999191284,0.4362132251262665]},"classification_report":"              precision    recall  f1-score   support\n\n           0       1.00      0.00      0.00         6\n           1       0.75      0.03      0.06        96\n           2       0.26      0.28      0.27        99\n           3       0.11      0.38      0.18        26\n           4       0.03      0.50      0.06         2\n           5       0.00      1.00      0.00         0\n\n    accuracy                           0.18       229\n   macro avg       0.36      0.37      0.10       229\nweighted avg       0.47      0.18      0.16       229\n","parameters/fc3.weight":{"values":[1,0,0,0,0,0,1,0,0,1,0,0,2,0,1,0,2,0,2,0,2,2,2,2,2,3,4,3,5,3,5,5,14,10,8,11,11,17,27,18,26,32,29,26,36,23,10,6,12,7,1,2,2,2,2,0,0,1,1,0,0,1,0,1],"bins":[-4.336546421051025,-4.231631278991699,-4.126716613769531,-4.021801471710205,-3.916886568069458,-3.811971664428711,-3.7070565223693848,-3.6021416187286377,-3.4972267150878906,-3.3923118114471436,-3.2873969078063965,-3.1824817657470703,-3.0775668621063232,-2.972651958465576,-2.86773681640625,-2.762821912765503,-2.657907009124756,-2.552992105484009,-2.4480772018432617,-2.3431620597839355,-2.2382471561431885,-2.1333322525024414,-2.0284171104431152,-1.9235022068023682,-1.818587303161621,-1.713672399520874,-1.608757495880127,-1.5038423538208008,-1.3989274501800537,-1.2940125465393066,-1.1890974044799805,-1.0841825008392334,-0.9792678356170654,-0.8743529319763184,-0.7694380283355713,-0.6645228862762451,-0.559607982635498,-0.454693078994751,-0.3497779369354248,-0.24486303329467773,-0.13994812965393066,-0.035033226013183594,0.06988167762756348,0.17479681968688965,0.2797117233276367,0.3846266269683838,0.4895416498184204,0.594456672668457,0.6993715763092041,0.8042864799499512,0.9092015027999878,1.0141165256500244,1.1190314292907715,1.2239463329315186,1.3288613557815552,1.4337763786315918,1.5386912822723389,1.643606185913086,1.7485212087631226,1.8534362316131592,1.9583511352539062,2.0632660388946533,2.1681809425354004,2.2730960845947266,2.3780109882354736],"_type":"histogram"},"gradients/fc2.bias":{"bins":[-0.0018388621974736452,-0.001749193761497736,-0.0016595253255218267,-0.0015698570059612393,-0.00148018856998533,-0.0013905201340094209,-0.0013008518144488335,-0.0012111833784729242,-0.001121514942497015,-0.0010318465065211058,-0.0009421781287528574,-0.0008525097509846091,-0.0007628413150086999,-0.0006731728790327907,-0.0005835045594722033,-0.000493836123496294,-0.0004041676875203848,-0.00031449925154447556,-0.00022483081556856632,-0.00013516249600797892,-4.549406003206968e-05,4.417437594383955e-05,0.00013384269550442696,0.0002235111314803362,0.0003131795674562454,0.00040284800343215466,0.0004925164394080639,0.0005821848753839731,0.0006718530785292387,0.0007615215145051479,0.0008511899504810572,0.0009408583864569664,0.0010305268224328756,0.0011201952584087849,0.001209863694384694,0.0012995321303606033,0.0013892005663365126,0.0014788687694817781,0.0015685372054576874,0.0016582056414335966,0.0017478740774095058,0.001837542513385415,0.0019272109493613243,0.00201687915250659,0.0021065478213131428,0.0021962160244584084,0.0022858844604343176,0.002375552896410227,0.002465221332386136,0.0025548897683620453,0.0026445582043379545,0.0027342266403138638,0.0028238948434591293,0.0029135635122656822,0.003003231715410948,0.003092900151386857,0.0031825685873627663,0.0032722370233386755,0.0033619054593145847,0.003451573895290494,0.003541242331266403,0.0036309105344116688,0.003720578970387578,0.0038102474063634872,0.0038999158423393965],"_type":"histogram","values":[1,3,0,0,0,1,0,1,1,2,0,1,3,2,1,2,2,3,4,3,5,6,2,2,3,2,2,3,1,1,1,1,1,0,1,0,0,0,0,0,0,0,0,0,0,0,1,0,0,0,0,0,0,0,0,0,0,0,0,0,1,0,0,1]},