{"parameters/graph_5fc2.weight":{"_type":"histogram","values":[1,0,0,0,0,0,0,0,2,1,0,1,2,1,1,0,0,0,0,0,0,2,1,3,2,0,3,0,1,2,2,3,2,2,2,3,0,3,11,8,9,8,10,10,20,24,11,14,9,5,4,5,2,1,0,0,0,0,0,0,0,0,0,1],"bins":[-6.118401050567627,-5.976536750793457,-5.834672927856445,-5.692808628082275,-5.550944805145264,-5.409080505371094,-5.267216682434082,-5.125352382659912,-4.9834885597229,-4.8416242599487305,-4.699760437011719,-4.557896137237549,-4.416031837463379,-4.274168014526367,-4.1323041915893555,-3.9904398918151855,-3.8485758304595947,-3.706711769104004,-3.564847707748413,-3.4229836463928223,-3.2811195850372314,-3.1392555236816406,-2.99739146232605,-2.855527400970459,-2.713663101196289,-2.5717990398406982,-2.4299349784851074,-2.2880709171295166,-2.146206855773926,-2.004343032836914,-1.8624787330627441,-1.7206149101257324,-1.5787508487701416,-1.4368865489959717,-1.29502272605896,-1.15315842628479,-1.0112946033477783,-0.8694305419921875,-0.7275664806365967,-0.5857024192810059,-0.44383835792541504,-0.3019740581512451,-0.1601099967956543,-0.018245935440063477,0.12361812591552734,0.26548218727111816,0.407346248626709,0.5492103099822998,0.6910743713378906,0.8329384326934814,0.9748024940490723,1.116666555404663,1.258530616760254,1.4003947973251343,1.542258858680725,1.684122920036316,1.8259869813919067,1.9678510427474976,2.109714984893799,2.2515792846679688,2.3934433460235596,2.5353074073791504,2.677171468734741,2.819035530090332,2.960899591445923]},"gradients/graph_5fc1.weight":{"_type":"histogram","values":[1,0,0,0,0,0,0,2,2,0,1,2,2,1,5,0,2,3,3,9,9,7,7,11,11,12,12,15,10,23,20,23,14,20,11,18,12,11,9,8,11,4,5,5,7,7,5,1,1,0,0,1,1,2,1,1,1,0,0,0,0,1,1,1],"bins":[-0.04830971360206604,-0.04679347947239876,-0.045277249068021774,-0.04376101493835449,-0.04224478453397751,-0.040728550404310226,-0.039212316274642944,-0.03769608587026596,-0.03617985546588898,-0.034663621336221695,-0.03314738720655441,-0.03163115680217743,-0.030114922672510147,-0.028598690405488014,-0.02708245813846588,-0.02556622587144375,-0.024049993604421616,-0.022533761337399483,-0.02101752907037735,-0.019501296803355217,-0.017985064536333084,-0.016468830406665802,-0.014952600002288818,-0.013436365872621536,-0.011920131742954254,-0.01040390133857727,-0.008887667208909988,-0.007371436804533005,-0.005855202674865723,-0.004338972270488739,-0.002822738140821457,-0.0013065077364444733,0.00020972639322280884,0.001725960522890091,0.0032421909272670746,0.004758425056934357,0.00627465546131134,0.0077908895909786224,0.009307119995355606,0.010823354125022888,0.012339584529399872,0.013855818659067154,0.015372052788734436,0.01688828319311142,0.018404517322778702,0.019920749589800835,0.021436981856822968,0.0229532141238451,0.024469446390867233,0.025985678657889366,0.0275019109249115,0.029018143191933632,0.030534375458955765,0.03205060958862305,0.03356683999300003,0.03508307412266731,0.036599308252334595,0.03811553865671158,0.03963176906108856,0.041148003190755844,0.042664237320423126,0.04418046772480011,0.04569670185446739,0.047212932258844376,0.04872916638851166]},"epoch":250,"_wandb":{"runtime":26},"train_loss":0.3531327309279606,"test_confusion_matrix":[[91,0,0,0,0,0],[0,94,3,1,0,0],[0,8,60,24,1,0],[0,11,16,39,29,6],[0,0,5,10,89,5],[0,0,0,0,0,88]],"gradients/graph_5fc2.weight":{"bins":[-0.07811115682125092,-0.07503718882799149,-0.07196322828531265,-0.06888926029205322,-0.06581529974937439,-0.06274133175611496,-0.05966736376285553,-0.0565933994948864,-0.05351943522691727,-0.050445470958948135,-0.047371506690979004,-0.044297538697719574,-0.04122357442975044,-0.03814961016178131,-0.03507564216852188,-0.03200167790055275,-0.028927713632583618,-0.025853749364614487,-0.022779785096645355,-0.019705817103385925,-0.016631852835416794,-0.013557888567447662,-0.010483920574188232,-0.007409960031509399,-0.0043359920382499695,-0.0012620240449905396,0.0018119364976882935,0.004885904490947723,0.007959872484207153,0.011033833026885986,0.014107801020145416,0.01718176156282425,0.02025572955608368,0.02332969754934311,0.026403658092021942,0.029477626085281372,0.032551586627960205,0.035625554621219635,0.038699522614479065,0.0417734831571579,0.04484745115041733,0.04792141914367676,0.05099537968635559,0.05406934767961502,0.05714331194758415,0.060217276215553284,0.06329124420881271,0.06636521220207214,0.06943917274475098,0.07251313328742981,0.07558710128068924,0.07866106927394867,0.0817350298166275,0.08480899780988693,0.08788296580314636,0.0909569263458252,0.09403089433908463,0.09710486233234406,0.10017882287502289,0.10325279086828232,0.10632675886154175,0.10940071940422058,0.11247468739748001,0.11554864794015884,0.11862261593341827],"_type":"histogram","values":[1,0,0,0,0,1,1,0,1,1,1,0,1,1,4,1,3,3,4,2,6,7,14,15,25,53,8,6,2,3,1,3,1,4,3,1,2,1,0,3,1,1,0,1,0,0,2,0,1,0,0,0,1,0,0,0,0,1,0,0,0,0,0,1]},"_timestamp":1.7328914254761932e+09,"parameters/graph_5fc1.weight":{"_type":"histogram","values":[1,0,0,0,0,2,0,1,2,0,0,0,1,1,2,3,4,1,3,5,2,4,7,6,6,6,6,4,9,15,16,7,6,15,8,11,17,13,11,13,10,14,9,9,11,10,10,9,15,10,7,4,4,6,3,5,2,1,0,2,1,1,0,1],"bins":[-2.288112163543701,-2.227522611618042,-2.166933059692383,-2.1063435077667236,-2.0457539558410645,-1.9851642847061157,-1.9245747327804565,-1.8639851808547974,-1.8033955097198486,-1.7428059577941895,-1.6822164058685303,-1.621626853942871,-1.561037302017212,-1.5004477500915527,-1.4398581981658936,-1.3792685270309448,-1.3186789751052856,-1.2580894231796265,-1.1974998712539673,-1.1369102001190186,-1.0763206481933594,-1.0157310962677002,-0.955141544342041,-0.8945519924163818,-0.8339624404907227,-0.7733727693557739,-0.7127832174301147,-0.6521936655044556,-0.5916041135787964,-0.5310145616531372,-0.4704248905181885,-0.4098353385925293,-0.34924590587615967,-0.2886563539505005,-0.2280668020248413,-0.16747713088989258,-0.1068875789642334,-0.04629802703857422,0.014291524887084961,0.07488107681274414,0.13547074794769287,0.19606029987335205,0.25664985179901123,0.3172394037246704,0.3778289556503296,0.43841850757598877,0.4990081787109375,0.5595977306365967,0.6201872825622559,0.680776834487915,0.741366446018219,0.8019559979438782,0.8625456094741821,0.9231351613998413,0.9837247133255005,1.0443143844604492,1.1049039363861084,1.1654934883117676,1.2260830402374268,1.286672592163086,1.3472621440887451,1.4078516960144043,1.468441367149353,1.5290309190750122,1.5896204710006714]},"_runtime":26.0811724,"train_accuracy":0.8705501618122977,"gradients/graph_5fc1.bias":{"bins":[-0.05330626666545868,-0.05192266404628754,-0.050539057701826096,-0.04915545508265495,-0.04777184873819351,-0.04638824611902237,-0.04500464349985123,-0.043621037155389786,-0.042237430810928345,-0.0408538281917572,-0.03947022557258606,-0.03808661922812462,-0.036703016608953476,-0.035319410264492035,-0.03393580764532089,-0.03255220502614975,-0.03116859868168831,-0.029784994199872017,-0.028401389718055725,-0.027017785236239433,-0.02563418075442314,-0.024250578135252,-0.022866973653435707,-0.021483369171619415,-0.020099766552448273,-0.01871616020798683,-0.01733255758881569,-0.015948951244354248,-0.014565348625183105,-0.013181742280721664,-0.011798139661550522,-0.01041453331708908,-0.009030934423208237,-0.007647331804037094,-0.006263725459575653,-0.0048801228404045105,-0.0034965164959430695,-0.002112913876771927,-0.0007293075323104858,0.0006542950868606567,0.0020379014313220978,0.0034215040504932404,0.004805108532309532,0.006188713014125824,0.0075723156332969666,0.008955920115113258,0.01033952459692955,0.011723129078745842,0.013106733560562134,0.014490338042378426,0.015873942524194717,0.01725754700601101,0.0186411514878273,0.020024754106998444,0.021408358588814735,0.022791963070631027,0.02417556755244732,0.02555917203426361,0.026942776516079903,0.028326380997896194,0.029709983617067337,0.031093589961528778,0.03247719258069992,0.03386079892516136,0.035244401544332504],"_type":"histogram","values":[1,0,0,0,0,0,0,0,0,0,0,0,0,0,0,1,0,1,0,0,0,1,1,0,0,0,0,0,1,1,1,1,1,0,1,2,0,2,1,2,0,0,1,1,0,0,3,1,1,0,0,0,1,0,0,0,0,0,2,1,0,0,1,2]},