{"parameters/graph_1fc3.weight":{"values":[2,0,1,0,3,2,2,5,0,1,5,11,10,6,7,8,4,1,8,6,1,3,7,5,4,6,5,8,3,6,15,15,8,5,23,15,12,19,31,18,13,23,25,34,26,28,37,38,36,32,37,27,30,25,16,12,7,10,4,2,7,4,2,2],"bins":[-0.6353293061256409,-0.6208799481391907,-0.6064305901527405,-0.5919812917709351,-0.5775319337844849,-0.5630825757980347,-0.5486332178115845,-0.5341838598251343,-0.5197345018386841,-0.5052851438522339,-0.4908358156681061,-0.47638648748397827,-0.4619371294975281,-0.4474877715110779,-0.4330384135246277,-0.4185890555381775,-0.4041397273540497,-0.3896903991699219,-0.3752410411834717,-0.3607916831970215,-0.3463423252105713,-0.3318929970264435,-0.3174436390399933,-0.3029942810535431,-0.2885449528694153,-0.2740955948829651,-0.2596462368965149,-0.2451968789100647,-0.2307475507259369,-0.2162981927394867,-0.2018488347530365,-0.1873995065689087,-0.1729501485824585,-0.1585007905960083,-0.1440514624118805,-0.1296021044254303,-0.1151527464389801,-0.1007034182548523,-0.0862540602684021,-0.0718047022819519,-0.05735534429550171,-0.0429060161113739,-0.028456658124923706,-0.01400730013847351,0.0004420280456542969,0.014891386032104492,0.029340744018554688,0.04379008710384369,0.05823943018913269,0.07268877327442169,0.08713813126087189,0.10158747434616089,0.11603683233261108,0.13048617541790009,0.1449355185031891,0.15938487648963928,0.17383421957492828,0.18828356266021729,0.20273292064666748,0.21718226373195648,0.23163160681724548,0.24608096480369568,0.2605303227901459,0.2749796509742737,0.2894290089607239],"_type":"histogram"},"gradients/graph_1fc3.weight":{"_type":"histogram","values":[1,0,0,0,1,0,0,1,0,0,0,0,1,2,1,4,0,0,1,2,2,3,3,3,0,3,7,11,5,2,6,6,10,19,14,19,12,19,20,23,55,182,35,48,39,39,39,23,34,21,17,12,8,3,4,2,1,1,1,1,1,0,0,1],"bins":[-0.21526247262954712,-0.21004755795001984,-0.20483265817165375,-0.19961774349212646,-0.19440282881259918,-0.1891879141330719,-0.1839730143547058,-0.17875809967517853,-0.17354318499565125,-0.16832828521728516,-0.16311337053775787,-0.1578984558582306,-0.1526835560798645,-0.14746864140033722,-0.14225372672080994,-0.13703882694244385,-0.13182391226291656,-0.12660899758338928,-0.1213940903544426,-0.11617918312549591,-0.11096426844596863,-0.10574936121702194,-0.10053445398807526,-0.09531953930854797,-0.09010463953018188,-0.0848897248506546,-0.07967481017112732,-0.07445989549160004,-0.06924499571323395,-0.06403008103370667,-0.05881516635417938,-0.05360026657581329,-0.048385366797447205,-0.04317045211791992,-0.03795555233955383,-0.03274063766002655,-0.027525722980499268,-0.02231082320213318,-0.017095908522605896,-0.011880993843078613,-0.006666079163551331,-0.0014511793851852417,0.003763735294342041,0.008978642523288727,0.014193549752235413,0.019408464431762695,0.02462337166070938,0.029838286340236664,0.03505319356918335,0.040268100798130035,0.04548301547765732,0.050697922706604004,0.05591283738613129,0.06112774461507797,0.06634265184402466,0.07155756652355194,0.07677247375249863,0.08198738098144531,0.0872022956609726,0.09241720288991928,0.09763211011886597,0.10284702479839325,0.10806193202733994,0.11327684670686722,0.1184917539358139]},"train_accuracy":0.8635382955771306,"parameters/graph_1fc1.bias":{"values":[1,2,1,0,1,0,3,2,1,2,2,3,2,3,3,1,1,1,3,4,3,1,1,3,2,1,2,6,1,4,3,5,5,3,1,3,3,4,1,5,5,1,2,0,0,4,1,3,3,2,1,4,0,3,1,3,0,1,0,0,0,0,0,1],"bins":[-0.31208088994026184,-0.29947274923324585,-0.28686460852622986,-0.27425646781921387,-0.2616482973098755,-0.2490401566028595,-0.2364320158958435,-0.22382387518882751,-0.21121573448181152,-0.19860757887363434,-0.18599943816661835,-0.17339129745960236,-0.16078314185142517,-0.14817500114440918,-0.1355668604373932,-0.122958704829216,-0.11035056412220001,-0.09774242341518402,-0.08513426780700684,-0.07252612709999084,-0.059917986392974854,-0.04730984568595886,-0.03470170497894287,-0.022093534469604492,-0.009485393762588501,0.0031227469444274902,0.01573088765144348,0.028339028358459473,0.040947169065475464,0.05355533957481384,0.06616348028182983,0.07877162098884583,0.09137976169586182,0.10398790240287781,0.1165960431098938,0.1292041838169098,0.14181235432624817,0.15442049503326416,0.16702863574028015,0.17963677644729614,0.19224491715431213,0.20485305786132812,0.2174612283706665,0.2300693690776825,0.2426775097846985,0.2552856504917145,0.26789379119873047,0.28050196170806885,0.29311007261276245,0.30571824312210083,0.3183263838291168,0.3309345245361328,0.3435426652431488,0.3561508059501648,0.3687589764595032,0.3813670873641968,0.39397525787353516,0.40658339858055115,0.41919153928756714,0.43179967999458313,0.4444078207015991,0.4570159912109375,0.4696241319179535,0.4822322726249695,0.4948404133319855],"_type":"histogram"},"gradients/graph_1fc3.bias":{"bins":[-0.09090002626180649,-0.08874207735061646,-0.08658412098884583,-0.08442617207765579,-0.08226822316646576,-0.08011026680469513,-0.0779523178935051,-0.07579436153173447,-0.07363641262054443,-0.0714784562587738,-0.06932050734758377,-0.06716255843639374,-0.06500460207462311,-0.06284665316343307,-0.06068870425224304,-0.05853075161576271,-0.05637279897928238,-0.05421484634280205,-0.052056893706321716,-0.04989894479513168,-0.04774099215865135,-0.04558303952217102,-0.04342509061098099,-0.041267137974500656,-0.039109185338020325,-0.03695123270153999,-0.03479328006505966,-0.03263533115386963,-0.030477378517389297,-0.028319425880908966,-0.026161476969718933,-0.024003520607948303,-0.021845564246177673,-0.01968761533498764,-0.01752965897321701,-0.015371710062026978,-0.013213757425546646,-0.011055804789066315,-0.008897855877876282,-0.00673990324139595,-0.004581950604915619,-0.0024239979684352875,-0.00026604533195495605,0.001891903579235077,0.004049856215715408,0.00620780885219574,0.008365757763385773,0.010523710399866104,0.012681663036346436,0.014839615672826767,0.01699756644666195,0.01915551722049713,0.021313469856977463,0.023471422493457794,0.025629373267292976,0.02778732404112816,0.02994527667760849,0.03210322931408882,0.03426118195056915,0.036419130861759186,0.03857708349823952,0.04073503613471985,0.04289298504590988,0.04505093768239021,0.047208890318870544],"_type":"histogram","values":[1,0,0,0,0,0,0,0,0,0,0,0,0,0,0,0,0,0,0,0,0,0,0,0,0,0,0,0,0,0,0,0,0,0,0,0,0,0,0,0,1,1,0,0,0,0,0,0,0,0,0,0,1,0,1,0,0,0,0,0,0,0,0,1]},"test_classification_report":"              precision    recall  f1-score   support\n\n           0       0.99      1.00      0.99        91\n           1       0.84      0.96      0.90        98\n           2       0.70      0.63      0.67        93\n           3       0.54      0.43      0.48       101\n           4       0.75      0.79      0.77       109\n           5       0.90      1.00      0.95        88\n\n    accuracy                           0.79       580\n   macro avg       0.79      0.80      0.79       580\nweighted avg       0.78      0.79      0.79       580\n","parameters/graph_1fc1.weight":{"values":[1,0,0,0,1,3,1,3,2,2,8,1,11,12,16,21,23,22,23,24,26,27,37,26,27,31,30,39,26,37,26,26,33,39,42,51,29,32,26,38,33,28,28,37,28,40,39,40,28,32,34,34,39,18,39,20,17,15,12,10,8,1,4,2],