{"test_accuracy":0.8120689655172414,"parameters/graph_2fc3.weight":{"_type":"histogram","values":[2,4,2,1,1,0,0,0,0,0,0,0,0,0,2,1,2,1,0,0,0,0,1,1,1,1,2,0,1,3,7,5,8,3,5,2,10,6,7,6,7,6,15,7,9,8,9,9,16,76,81,25,8,9,4,2,1,2,0,0,1,1,1,2],"bins":[-3.5364458560943604,-3.4637722969055176,-3.391098737716675,-3.318425416946411,-3.2457518577575684,-3.1730782985687256,-3.100404739379883,-3.027731418609619,-2.9550578594207764,-2.8823843002319336,-2.809710741043091,-2.737037181854248,-2.6643638610839844,-2.5916903018951416,-2.519016742706299,-2.446343421936035,-2.3736696243286133,-2.3009963035583496,-2.228322744369507,-2.155649185180664,-2.0829758644104004,-2.0103020668029785,-1.9376287460327148,-1.864955186843872,-1.7922816276550293,-1.719608187675476,-1.6469346284866333,-1.57426118850708,-1.5015876293182373,-1.4289140701293945,-1.3562407493591309,-1.283567190170288,-1.2108936309814453,-1.1382200717926025,-1.0655465126037598,-0.9928731918334961,-0.9201996326446533,-0.8475260734558105,-0.7748526334762573,-0.7021790742874146,-0.6295056343078613,-0.5568320751190186,-0.4841585159301758,-0.41148507595062256,-0.3388115167617798,-0.26613807678222656,-0.1934645175933838,-0.12079107761383057,-0.04811751842498779,0.02455604076385498,0.0972294807434082,0.1699029803276062,0.2425764799118042,0.315250039100647,0.38792353868484497,0.46059703826904297,0.533270537853241,0.605944037437439,0.678617537021637,0.751291036605835,0.8239645957946777,0.896638035774231,0.9693115949630737,1.041985034942627,1.1146585941314697]},"parameters/graph_2fc2.weight":{"bins":[-1.8051390647888184,-1.751911997795105,-1.6986850500106812,-1.6454579830169678,-1.592231035232544,-1.5390039682388306,-1.4857769012451172,-1.4325499534606934,-1.37932288646698,-1.3260958194732666,-1.2728688716888428,-1.2196418046951294,-1.166414737701416,-1.1131877899169922,-1.0599607229232788,-1.0067336559295654,-0.9535067081451416,-0.900279700756073,-0.8470526933670044,-0.793825626373291,-0.7405986785888672,-0.6873716115951538,-0.6341445446014404,-0.5809175968170166,-0.5276905298233032,-0.47446346282958984,-0.421236515045166,-0.36800944805145264,-0.31478238105773926,-0.26155543327331543,-0.20832836627960205,-0.15510141849517822,-0.10187423229217529,-0.048647165298461914,0.004579782485961914,0.05780684947967529,0.11103379726409912,0.1642608642578125,0.21748793125152588,0.2707148790359497,0.3239419460296631,0.37716901302337646,0.4303959608078003,0.48362302780151367,0.536850094795227,0.5900770425796509,0.6433041095733643,0.6965311169624329,0.7497581243515015,0.8029851317405701,0.8562121391296387,0.909439206123352,0.9626662135124207,1.0158932209014893,1.0691202878952026,1.122347354888916,1.1755743026733398,1.2288012504577637,1.282028317451477,1.3352553844451904,1.3884823322296143,1.4417093992233276,1.494936466217041,1.5481634140014648,1.6013904809951782],"_type":"histogram","values":[1,1,1,0,1,0,2,4,2,5,7,7,15,13,14,17,23,19,27,27,35,37,48,39,42,51,61,89,90,122,155,215,367,750,538,293,178,129,74,79,50,45,57,47,49,32,34,42,20,23,25,19,17,11,14,10,6,8,3,2,0,3,0,1]},"val_loss":0.41359266998439,"val_accuracy":0.8232758620689655,"test_classification_report":"              precision    recall  f1-score   support\n\n           0       1.00      1.00      1.00        91\n           1       0.84      1.00      0.91        98\n           2       0.77      0.55      0.64        93\n           3       0.52      0.38      0.44       101\n           4       0.73      0.96      0.83       109\n           5       0.99      1.00      0.99        88\n\n    accuracy                           0.81       580\n   macro avg       0.81      0.81      0.80       580\nweighted avg       0.80      0.81      0.80       580\n","_wandb":{"runtime":53},"_timestamp":1.7328948694305127e+09,"test_confusion_matrix":[[91,0,0,0,0,0],[0,98,0,0,0,0],[0,10,51,31,1,0],[0,9,15,38,38,1],[0,0,0,4,105,0],[0,0,0,0,0,88]],"epoch":250,"gradients/graph_2fc1.weight":{"_type":"histogram","values":[1,0,0,0,1,0,0,0,1,1,1,1,1,0,0,0,3,7,1,4,2,1,8,7,10,33,413,135,33,15,6,3,2,2,2,1,0,0,1,1,1,1,0,0,1,1,0,0,0,0,1,1,0,0,0,0,0,0,0,0,0,0,0,1],"bins":[-0.8664916753768921,-0.8343311548233032,-0.8021706342697144,-0.7700101137161255,-0.7378495931625366,-0.7056890726089478,-0.6735284924507141,-0.6413679718971252,-0.6092074513435364,-0.5770469307899475,-0.5448864102363586,-0.512725830078125,-0.4805653393268585,-0.44840481877326965,-0.4162442684173584,-0.38408374786376953,-0.35192322731018066,-0.3197627067565918,-0.28760218620300293,-0.25544166564941406,-0.2232811450958252,-0.19112056493759155,-0.15896004438400269,-0.12679952383041382,-0.09463900327682495,-0.062478482723236084,-0.030317962169647217,0.0018425583839416504,0.03400313854217529,0.06616365909576416,0.09832417964935303,0.1304847002029419,0.1626451015472412,0.19480562210083008,0.22696614265441895,0.2591266632080078,0.2912871837615967,0.3234477639198303,0.3556082844734192,0.38776880502700806,0.4199293255805969,0.4520898461341858,0.48425036668777466,0.5164108872413635,0.5485714673995972,0.580731987953186,0.6128925085067749,0.6450530290603638,0.6772135496139526,0.7093740701675415,0.7415345907211304,0.7736951112747192,0.8058556318283081,0.838016152381897,0.8701767325401306,0.9023372530937195,0.9344977736473083,0.9666582942008972,0.9988188147544861,1.0309793949127197,1.0631399154663086,1.0953004360198975,1.1274609565734863,1.1596214771270752,1.191781997680664]},"parameters/graph_2fc1.bias":{"bins":[-0.8655814528465271,-0.848944902420044,-0.8323083519935608,-0.8156718015670776,-0.7990351915359497,-0.7823986411094666,-0.7657620906829834,-0.7491255402565002,-0.7324889898300171,-0.7158523797988892,-0.6992158889770508,-0.6825792789459229,-0.6659427285194397,-0.6493061780929565,-0.6326696276664734,-0.6160330772399902,-0.5993964672088623,-0.5827599763870239,-0.566123366355896,-0.5494868159294128,-0.5328502655029297,-0.5162136554718018,-0.499577134847641,-0.48294058442115784,-0.4663040041923523,-0.44966745376586914,-0.433030903339386,-0.41639435291290283,-0.3997577726840973,-0.38312122225761414,-0.366484671831131,-0.34984809160232544,-0.3332114815711975,-0.31657493114471436,-0.2999383807182312,-0.28330183029174805,-0.2666652798652649,-0.25002866983413696,-0.233392134308815,-0.21675558388233185,-0.2001190334558487,-0.18348245322704315,-0.16684590280056,-0.15020935237407684,-0.1335727721452713,-0.11693622171878815,-0.10029967129230499,-0.08366309106349945,-0.0670265406370163,-0.05038997530937195,-0.033753424882888794,-0.017116859555244446,-0.0004803091287612915,0.016156256198883057,0.032792821526527405,0.04942937195301056,0.06606593728065491,0.08270249515771866,0.09933905303478241,0.11597561836242676,0.1326121687889099,0.14924873411655426,0.1658852994441986,0.18252184987068176,0.1991584151983261],"_type":"histogram","values":[1,1,0,0,1,0,0,0,1,0,1,0,0,4,1,0,0,2,2,0,0,0,1,2,1,1,3,3,2,1,0,1,0,1,2,1,1,1,2,3,4,2,2,0,0,1,0,2,2,0,2,1,2,0,0,2,0,2,0,0,0,0,0,2]},"parameters/graph_2fc2.bias":{"_type":"histogram","values":[1,0,0,0,0,0,0,0,0,1,0,0,0,0,0,1,0,0,0,1,0,1,1,0,3,3,6,0,4,1,0,0,2,0,0,3,3,1,0,2,2,2,0,1,3,3,1,2,5,1,1,0,0,1,1,3,1,1,1,0,0,0,0,1],