{"_timestamp":1.7328860456578329e+09,"train_accuracy":0.6196990424076607,"_step":10,"val_loss":1.1182786226272583,"test_confusion_matrix":[[0,0,3,3,0],[0,0,74,22,0],[0,0,37,61,1],[0,0,2,20,4],[0,0,0,0,2]],"epoch":10,"test_classification_report":"              precision    recall  f1-score   support\n\n           0       1.00      0.00      0.00         6\n           1       1.00      0.00      0.00        96\n           2       0.32      0.37      0.34        99\n           3       0.19      0.77      0.30        26\n           4       0.29      1.00      0.44         2\n\n    accuracy                           0.26       229\n   macro avg       0.56      0.43      0.22       229\nweighted avg       0.61      0.26      0.19       229\n","test_accuracy":0.2576419213973799,"val_accuracy":0.5956284153005464,"train_loss":0.972386951247851,"_runtime":1.0045785,"_wandb":{"runtime":1}}