{"gradients/graph_1fc2.weight":{"values":[1,0,0,0,0,0,0,0,0,2,0,1,0,0,0,0,0,0,1,0,1,1,1,1,0,1,0,1,0,2,1,2,0,1,1,3,2,0,0,3,1,3,2,4,3,9,13,21,25,17,12,15,6,3,9,5,6,0,3,4,0,4,0,1],"bins":[-0.26458314061164856,-0.2589499354362488,-0.2533167600631714,-0.2476835548877716,-0.24205036461353302,-0.23641715943813324,-0.23078396916389465,-0.22515076398849487,-0.2195175737142563,-0.2138843834400177,-0.20825117826461792,-0.20261798799037933,-0.19698479771614075,-0.19135159254074097,-0.18571840226650238,-0.1800852119922638,-0.174452006816864,-0.16881881654262543,-0.16318562626838684,-0.15755242109298706,-0.15191923081874847,-0.1462860405445099,-0.1406528353691101,-0.13501964509487152,-0.12938645482063293,-0.12375324964523315,-0.11812005937099457,-0.11248686909675598,-0.1068536639213562,-0.10122047364711761,-0.09558728337287903,-0.08995407819747925,-0.08432088792324066,-0.07868769764900208,-0.0730544924736023,-0.06742130219936371,-0.06178811192512512,-0.05615490674972534,-0.050521716475486755,-0.04488852620124817,-0.03925532102584839,-0.0336221307516098,-0.02798893302679062,-0.022355735301971436,-0.01672254502773285,-0.011089347302913666,-0.005456149578094482,0.000177040696144104,0.005810238420963287,0.01144343614578247,0.017076626420021057,0.02270982414484024,0.028343021869659424,0.03397621586918831,0.039609409868717194,0.04524260759353638,0.05087580159306526,0.05650899559259415,0.06214219331741333,0.06777538359165192,0.0734085813164711,0.07904177904129028,0.08467497676610947,0.09030816704034805,0.09594136476516724],"_type":"histogram"},"val_loss":1.1471689610645688,"train_loss":1.1732058499393792,"parameters/graph_1fc2.weight":{"_type":"histogram","values":[1,2,2,3,0,0,2,0,1,4,1,1,2,1,2,2,1,3,5,2,2,2,5,3,5,3,7,4,4,6,5,4,8,5,3,6,7,6,2,2,4,7,6,5,4,1,1,2,3,4,2,3,3,2,3,5,2,2,3,2,1,1,1,1],"bins":[-0.38457754254341125,-0.37395036220550537,-0.3633231818675995,-0.3526960015296936,-0.3420688211917877,-0.33144164085388184,-0.32081449031829834,-0.31018730998039246,-0.2995601296424866,-0.2889329493045807,-0.2783057689666748,-0.2676785886287689,-0.25705140829086304,-0.24642422795295715,-0.23579706251621246,-0.22516988217830658,-0.2145427018404007,-0.2039155215024948,-0.19328834116458893,-0.18266117572784424,-0.17203399538993835,-0.16140681505203247,-0.1507796347141266,-0.1401524543762207,-0.12952527403831482,-0.11889809370040894,-0.10827091336250305,-0.09764376282691956,-0.08701658248901367,-0.07638940215110779,-0.0657622218132019,-0.05513504147529602,-0.04450786113739014,-0.03388068079948425,-0.02325350046157837,-0.012626320123672485,-0.0019991397857666016,0.008628040552139282,0.01925519108772278,0.029882371425628662,0.040509551763534546,0.05113673210144043,0.061763912439346313,0.0723910927772522,0.08301827311515808,0.09364545345306396,0.10427261888980865,0.11489979922771454,0.12552697956562042,0.1361541599035263,0.1467813402414322,0.15740850567817688,0.16803568601608276,0.17866286635398865,0.18929004669189453,0.19991722702980042,0.2105444073677063,0.22117158770561218,0.23179875314235687,0.24242593348026276,0.25305309891700745,0.26368027925491333,0.2743074595928192,0.2849346399307251,0.295561820268631]},"val_accuracy":0.5280172413793104,"gradients/graph_1fc1.weight":{"_type":"histogram","values":[1,2,1,0,0,3,0,5,1,5,1,3,2,3,0,7,3,4,6,9,13,10,5,18,15,16,13,14,10,18,20,17,14,8,13,10,16,5,8,13,3,7,5,5,5,1,4,1,1,2,1,0,0,2,0,0,0,0,0,1,0,1,0,1],"bins":[-0.04325113445520401,-0.04175671562552452,-0.04026229307055473,-0.038767874240875244,-0.03727345168590546,-0.03577903285622597,-0.03428461402654648,-0.03279019147157669,-0.0312957726418972,-0.029801350086927414,-0.028306931257247925,-0.026812510564923286,-0.025318089872598648,-0.02382366918027401,-0.02232925035059452,-0.020834829658269882,-0.019340408965945244,-0.017845988273620605,-0.016351567581295967,-0.014857148751616478,-0.01336272805929184,-0.011868305504322052,-0.010373886674642563,-0.008879467844963074,-0.007385045289993286,-0.005890626460313797,-0.004396203905344009,-0.0029017850756645203,-0.0014073662459850311,8.705630898475647e-05,0.0015814751386642456,0.003075897693634033,0.004570316523313522,0.0060647353529930115,0.007559157907962799,0.009053576737642288,0.010547999292612076,0.012042418122291565,0.013536836951971054,0.015031259506940842,0.01652567833662033,0.01802010089159012,0.019514519721269608,0.021008938550949097,0.022503361105918884,0.023997781798243523,0.025492200627923012,0.02698662132024765,0.02848104201257229,0.029975462704896927,0.031469881534576416,0.032964304089546204,0.03445872291922569,0.03595314174890518,0.03744756430387497,0.03894198313355446,0.040436405688524246,0.041930824518203735,0.04342524707317352,0.04491966590285301,0.0464140847325325,0.04790850728750229,0.04940292611718178,0.050897348672151566,0.052391767501831055]},"test_classification_report":"              precision    recall  f1-score   support\n\n           0       0.52      0.92      0.67        91\n           1       0.46      0.34      0.39        98\n           2       0.50      0.48      0.49        93\n           3       0.32      0.12      0.17       101\n           4       0.44      0.14      0.21       109\n           5       0.46      0.98      0.63        88\n\n    accuracy                           0.47       580\n   macro avg       0.45      0.50      0.43       580\nweighted avg       0.45      0.47      0.41       580\n","parameters/graph_1fc1.weight":{"bins":[-0.4773523211479187,-0.4624561369419098,-0.44755998253822327,-0.43266379833221436,-0.41776764392852783,-0.4028714597225189,-0.38797527551651,-0.3730791211128235,-0.3581829369068146,-0.34328675270080566,-0.32839059829711914,-0.31349441409111023,-0.2985982298851013,-0.2837020754814148,-0.2688058912754059,-0.253909707069397,-0.23901355266571045,-0.22411736845970154,-0.20922121405601501,-0.1943250298500061,-0.17942887544631958,-0.16453269124031067,-0.14963650703430176,-0.13474035263061523,-0.11984416842460632,-0.10494798421859741,-0.09005182981491089,-0.07515564560890198,-0.060259461402893066,-0.04536330699920654,-0.030467122793197632,-0.015570968389511108,-0.000674813985824585,0.014221370220184326,0.02911752462387085,0.04401370882987976,0.058909863233566284,0.0738060474395752,0.0887022316455841,0.10359838604927063,0.11849457025527954,0.13339075446128845,0.14828690886497498,0.1631830930709839,0.1780792772769928,0.19297543168067932,0.20787161588668823,0.22276777029037476,0.23766395449638367,0.2525601387023926,0.2674562931060791,0.282352477312088,0.2972486615180969,0.31214481592178345,0.32704100012779236,0.34193718433380127,0.3568333387374878,0.3717294931411743,0.3866256773471832,0.40152186155319214,0.41641801595687866,0.4313142001628876,0.4462103843688965,0.461106538772583,0.4760027229785919],"_type":"histogram","values":[1,0,2,3,2,4,4,1,2,4,6,4,3,10,6,4,5,13,8,11,8,6,7,6,7,4,10,5,7,10,4,5,10,9,3,5,10,17,8,9,12,8,4,7,6,3,9,13,6,8,6,5,7,0,4,1,3,1,1,3,0,0,0,2]},"_step":250,"_runtime":47.7403631,"train_accuracy":0.4892125134843581,"test_confusion_matrix":[[84,7,0,0,0,0],[42,33,14,7,0,2],[22,12,45,6,3,5],[11,13,24,12,14,27],[2,6,7,12,15,67],[0,0,0,0,2,86]],"parameters/graph_1fc2.bias":{"values":[1,0,0,1,0,0,0,0,0,1,0,0,0,0,0,0,0,0,0,0,0,0,0,0,0,0,0,0,0,1,0,0,0,0,1,0,0,0,0,0,0,0,0,0,0,0,0,0,0,0,0,0,0,0,0,0,0,0,0,0,0,0,0,1],