{"train_accuracy":0.7537619699042407,"parameters/fc2.bias":{"values":[1,0,0,0,0,0,1,0,1,0,0,2,1,0,1,1,2,2,1,1,2,0,0,2,2,2,1,4,1,1,2,1,2,2,0,1,1,2,0,1,2,1,1,1,2,2,2,1,2,1,1,1,0,1,1,0,1,0,2,0,0,0,0,1],"bins":[-0.17210018634796143,-0.16563358902931213,-0.15916697680950165,-0.15270037949085236,-0.14623376727104187,-0.13976716995239258,-0.1333005577325821,-0.1268339604139328,-0.12036734819412231,-0.11390075087547302,-0.10743414610624313,-0.10096754133701324,-0.09450093656778336,-0.08803433179855347,-0.08156772702932358,-0.07510112226009369,-0.0686345174908638,-0.06216791272163391,-0.05570130795240402,-0.04923470318317413,-0.04276810586452484,-0.036301493644714355,-0.029834896326065063,-0.023368284106254578,-0.016901686787605286,-0.0104350745677948,-0.003968477249145508,0.002498134970664978,0.00896473228931427,0.015431344509124756,0.021897941827774048,0.028364554047584534,0.034831151366233826,0.04129774868488312,0.047764360904693604,0.054230958223342896,0.06069757044315338,0.06716416776180267,0.07363077998161316,0.08009737730026245,0.08656398952007294,0.09303058683872223,0.09949719905853271,0.105963796377182,0.11243040859699249,0.11889700591564178,0.12536361813545227,0.13183021545410156,0.13829681277275085,0.14476342499256134,0.15123003721237183,0.15769663453102112,0.1641632318496704,0.1706298440694809,0.17709645628929138,0.18356305360794067,0.19002965092658997,0.19649626314640045,0.20296286046504974,0.20942947268486023,0.21589607000350952,0.22236268222332,0.2288292795419693,0.23529589176177979,0.24176248908042908],"_type":"histogram"},"test_accuracy":0.2096069868995633,"epoch":100,"gradients/fc1.bias":{"values":[1,0,0,0,1,0,0,0,0,1,0,0,1,1,0,1,1,0,2,0,0,1,4,0,3,3,2,6,2,1,2,4,2,1,1,1,2,1,1,1,1,2,1,3,1,0,2,0,0,2,0,0,2,1,0,0,0,0,1,0,0,0,0,1],"bins":[-0.05965501815080643,-0.05781002342700958,-0.05596502870321274,-0.054120033979415894,-0.05227503925561905,-0.050430044531822205,-0.04858504980802536,-0.046740055084228516,-0.04489506036043167,-0.04305006563663483,-0.04120507091283798,-0.03936007618904114,-0.03751508519053459,-0.03567009046673775,-0.0338250957429409,-0.03198010101914406,-0.030135106295347214,-0.02829011157155037,-0.026445116847753525,-0.02460012212395668,-0.022755127400159836,-0.02091013267636299,-0.019065137952566147,-0.017220143228769302,-0.015375152230262756,-0.013530157506465912,-0.011685162782669067,-0.009840168058872223,-0.007995173335075378,-0.006150178611278534,-0.0043051838874816895,-0.002460189163684845,-0.000615198165178299,0.0012297965586185455,0.00307479128241539,0.0049197860062122345,0.006764780730009079,0.008609775453805923,0.010454770177602768,0.012299764901399612,0.014144759625196457,0.015989750623703003,0.017834745347499847,0.019679740071296692,0.021524734795093536,0.02336972951889038,0.025214724242687225,0.02705971896648407,0.028904713690280914,0.03074970841407776,0.0325947031378746,0.03443969786167145,0.03628469258546829,0.03812968730926514,0.03997468203306198,0.041819676756858826,0.04366467148065567,0.045509666204452515,0.04735466092824936,0.049199651926755905,0.05104464665055275,0.052889641374349594,0.05473463609814644,0.05657963082194328,0.05842462554574013],"_type":"histogram"},"gradients/fc2.bias":{"bins":[-0.03641626983880997,-0.03529626503586769,-0.03417625650763512,-0.03305625170469284,-0.031936243176460266,-0.03081623837351799,-0.029696233570575714,-0.02857622690498829,-0.027456220239400864,-0.02633621357381344,-0.025216206908226013,-0.024096202105283737,-0.022976195439696312,-0.021856188774108887,-0.02073618397116661,-0.019616177305579185,-0.01849617063999176,-0.017376163974404335,-0.01625615730881691,-0.015136152505874634,-0.014016145840287209,-0.012896139174699783,-0.011776134371757507,-0.010656127706170082,-0.009536121040582657,-0.008416114374995232,-0.007296107709407806,-0.00617610290646553,-0.005056098103523254,-0.00393608957529068,-0.002816084772348404,-0.0016960762441158295,-0.0005760714411735535,0.0005439333617687225,0.001663941890001297,0.002783946692943573,0.0039039552211761475,0.0050239600241184235,0.0061439648270606995,0.007263971492648125,0.00838397815823555,0.009503984823822975,0.0106239914894104,0.011743996292352676,0.012864002957940102,0.013984009623527527,0.015104014426469803,0.016224021092057228,0.017344027757644653,0.01846403442323208,0.019584041088819504,0.02070404589176178,0.021824052557349205,0.02294405922293663,0.024064064025878906,0.02518407069146633,0.026304077357053757,0.027424084022641182,0.028544090688228607,0.029664095491170883,0.03078410215675831,0.031904108822345734,0.03302411362528801,0.034144122153520584,0.03526412695646286],"_type":"histogram","values":[1,0,0,0,0,0,1,0,0,0,1,1,3,0,1,0,1,0,0,0,2,1,0,2,0,0,0,1,0,2,3,2,7,3,2,4,1,5,2,3,1,3,2,1,0,1,1,0,1,2,0,0,2,0,0,0,0,0,0,0,0,0,0,1]},"gradients/fc2.weight":{"values":[1,0,1,2,0,1,1,0,1,1,5,4,3,4,11,4,9,8,6,15,11,24,41,54,51,74,84,106,183,217,292,481,896,323,250,202,127,112,109,92,59,48,51,31,19,20,20,9,8,4,4,4,2,3,3,1,1,0,1,1,0,0,0,1],"bins":[-0.04936686530709267,-0.04784335941076279,-0.04631984978914261,-0.04479634389281273,-0.04327283427119255,-0.04174932837486267,-0.04022581875324249,-0.03870231285691261,-0.03717880696058273,-0.035655297338962555,-0.034131791442632675,-0.032608285546302795,-0.031084775924682617,-0.029561268165707588,-0.02803776226937771,-0.02651425451040268,-0.02499074675142765,-0.02346723899245262,-0.021943731233477592,-0.020420225337147713,-0.018896717578172684,-0.017373207956552505,-0.015849702060222626,-0.014326196163892746,-0.012802686542272568,-0.011279180645942688,-0.00975567102432251,-0.00823216512799263,-0.00670865923166275,-0.005185149610042572,-0.0036616437137126923,-0.002138134092092514,-0.0006146281957626343,0.0009088777005672455,0.0024323873221874237,0.0039558932185173035,0.005479402840137482,0.0070029087364673615,0.008526414632797241,0.01004992425441742,0.0115734301507473,0.013096939772367477,0.014620445668697357,0.016143951565027237,0.017667461186647415,0.019190968945622444,0.020714474841952324,0.022237982600927353,0.023761490359902382,0.02528499811887741,0.02680850587785244,0.02833201177418232,0.02985551953315735,0.03137902915477753,0.03290253505110741,0.034426040947437286,0.035949550569057465,0.037473056465387344,0.038996562361717224,0.0405200719833374,0.04204357787966728,0.04356708750128746,0.04509059339761734,0.04661410301923752,0.0481376089155674],"_type":"histogram"},"parameters/fc3.bias":{"_type":"histogram","values":[1,0,0,0,0,1,0,0,0,0,0,0,0,0,0,0,0,0,0,0,0,0,0,0,0,0,0,0,0,0,0,0,1,0,0,0,0,0,0,0,0,0,0,0,1,0,0,0,0,0,1,0,0,0,0,0,0,0,0,0,0,0,0,1],"bins":[-0.07701202481985092,-0.07389309257268906,-0.07077416777610779,-0.06765523552894592,-0.06453631073236465,-0.06141737848520279,-0.05829844996333122,-0.055179521441459656,-0.05206059291958809,-0.04894166439771652,-0.045822735875844955,-0.04270380735397339,-0.03958487510681152,-0.03646594658493996,-0.03334701806306839,-0.030228089541196823,-0.027109161019325256,-0.02399023249745369,-0.020871303975582123,-0.017752375453710556,-0.01463344693183899,-0.011514514684677124,-0.008395589888095856,-0.0052766576409339905,-0.0021577253937721252,0.0009611994028091431,0.004080131649971008,0.007199056446552277,0.010317988693714142,0.01343691349029541,0.016555845737457275,0.019674770534038544,0.02279370278120041,0.025912635028362274,0.029031559824943542,0.03215049207210541,0.035269416868686676,0.03838834911584854,0.04150727391242981,0.044626206159591675,0.04774513095617294,0.05086406320333481,0.053982995450496674,0.05710192024707794,0.06022085249423981,0.06333978474140167,0.06645870953798294,0.06957763433456421,0.07269656658172607,0.07581549882888794,0.07893442362546921,0.08205334842205048,0.08517228066921234,0.0882912129163742,0.09141014516353607,0.09452906996011734,0.09764799475669861,0.10076692700386047,0.10388585925102234,0.10700478404760361,0.11012371629476547,0.11324264109134674,0.1163615733385086,0.11948049813508987,0.12259943038225174]},"parameters/fc2.weight":{"_type":"histogram",