{"val_accuracy":0.853448275862069,"_runtime":37.7330774,"_timestamp":1.7328951527873504e+09,"_step":250,"parameters/graph_9fc1.weight":{"bins":[-0.8725405335426331,-0.8472641110420227,-0.8219876885414124,-0.796711266040802,-0.7714348435401917,-0.7461584806442261,-0.7208820581436157,-0.6956056356430054,-0.670329213142395,-0.6450527906417847,-0.6197763681411743,-0.594499945640564,-0.5692235231399536,-0.5439471006393433,-0.5186706781387329,-0.49339428544044495,-0.4681178629398346,-0.44284144043922424,-0.4175650179386139,-0.3922886252403259,-0.3670122027397156,-0.3417357802391052,-0.3164593577384949,-0.2911829352378845,-0.26590651273727417,-0.24063009023666382,-0.21535366773605347,-0.1900773048400879,-0.16480088233947754,-0.1395244598388672,-0.11424803733825684,-0.08897161483764648,-0.06369519233703613,-0.03841876983642578,-0.01314234733581543,0.012134075164794922,0.03741049766540527,0.06268692016601562,0.0879632830619812,0.11323970556259155,0.1385161280632019,0.16379255056381226,0.1890689730644226,0.21434539556503296,0.2396218180656433,0.26489824056625366,0.2901746332645416,0.315451055765152,0.34072747826576233,0.3660039007663727,0.39128032326698303,0.416556715965271,0.44183313846588135,0.4671095609664917,0.49238598346710205,0.5176624059677124,0.5429388284683228,0.5682152509689331,0.5934916734695435,0.6187680959701538,0.6440444588661194,0.6693208813667297,0.6945973038673401,0.7198737263679504,0.7451501488685608],"_type":"histogram","values":[2,0,0,0,3,2,1,4,6,5,5,3,24,8,10,18,11,13,24,22,32,22,40,30,27,48,29,44,41,42,45,57,43,49,57,50,50,50,51,45,51,29,44,46,43,20,32,27,21,22,14,15,10,4,4,2,2,3,1,3,1,0,0,1]},"parameters/graph_9fc2.bias":{"_type":"histogram","values":[2,0,0,0,0,1,0,0,0,0,0,0,0,0,0,0,0,1,2,0,0,1,2,0,1,3,3,3,1,3,4,2,5,1,2,4,3,5,4,2,6,7,6,5,7,5,6,7,3,3,4,4,1,1,2,1,0,2,1,0,1,0,0,1],"bins":[-0.5393424034118652,-0.5229921936988831,-0.5066419243812561,-0.49029168486595154,-0.473941445350647,-0.4575912058353424,-0.44124096632003784,-0.42489075660705566,-0.4085404872894287,-0.39219027757644653,-0.3758400082588196,-0.3594897985458374,-0.34313955903053284,-0.32678931951522827,-0.3104390799999237,-0.29408884048461914,-0.2777386009693146,-0.26138836145401,-0.24503812193870544,-0.22868788242340088,-0.2123376429080963,-0.19598740339279175,-0.17963716387748718,-0.16328692436218262,-0.14693671464920044,-0.13058647513389587,-0.11423623561859131,-0.09788599610328674,-0.08153575658798218,-0.06518551707267761,-0.04883527755737305,-0.032485008239746094,-0.016134798526763916,0.00021541118621826172,0.016565680503845215,0.03291592001914978,0.049266159534454346,0.06561639904975891,0.08196663856506348,0.09831687808036804,0.11466711759567261,0.13101732730865479,0.14736756682395935,0.16371780633926392,0.18006804585456848,0.19641828536987305,0.2127685248851776,0.22911876440048218,0.24546900391578674,0.2618192434310913,0.2781694829463959,0.29451972246170044,0.310869961977005,0.32722020149230957,0.34357041120529175,0.3599206805229187,0.3762708902359009,0.39262115955352783,0.40897136926651,0.4253216087818146,0.44167184829711914,0.4580220878124237,0.47437232732772827,0.49072256684303284,0.5070728063583374]},"gradients/graph_9fc3.weight":{"bins":[-0.19438105821609497,-0.1890745908021927,-0.1837681233882904,-0.17846167087554932,-0.17315520346164703,-0.16784873604774475,-0.16254228353500366,-0.15723581612110138,-0.1519293487071991,-0.14662288129329681,-0.14131641387939453,-0.13600996136665344,-0.13070349395275116,-0.12539702653884888,-0.12009056657552719,-0.1147841066122055,-0.10947763919830322,-0.10417117178440094,-0.09886471182107925,-0.09355825185775757,-0.08825178444385529,-0.082945317029953,-0.07763885706663132,-0.07233239710330963,-0.06702592968940735,-0.061719462275505066,-0.05641299486160278,-0.051106542348861694,-0.04580007493495941,-0.04049360752105713,-0.03518715500831604,-0.029880687594413757,-0.024574220180511475,-0.019267752766609192,-0.01396128535270691,-0.00865483283996582,-0.0033483654260635376,0.001958101987838745,0.007264554500579834,0.012571021914482117,0.0178774893283844,0.023183956742286682,0.028490416705608368,0.033796876668930054,0.039103344082832336,0.04440981149673462,0.049716271460056305,0.05502273142337799,0.06032919883728027,0.06563566625118256,0.07094212621450424,0.07624858617782593,0.08155505359172821,0.0868615210056305,0.09216798096895218,0.09747444093227386,0.10278090834617615,0.10808737576007843,0.11339383572340012,0.1187002956867218,0.12400676310062408,0.12931323051452637,0.13461968302726746,0.13992615044116974,0.14523261785507202],"_type":"histogram","values":[3,0,0,0,0,1,0,1,0,0,1,0,0,1,0,0,0,1,2,0,1,1,0,4,1,4,1,3,3,2,3,13,6,16,24,61,448,51,33,18,11,7,9,6,4,2,5,1,2,4,1,3,1,0,2,0,1,3,0,1,0,0,0,2]},"gradients/graph_9fc2.bias":{"bins":[-0.026403915137052536,-0.0258688572794199,-0.025333799421787262,-0.024798741564154625,-0.024263683706521988,-0.0237286239862442,-0.023193566128611565,-0.022658508270978928,-0.02212345041334629,-0.021588392555713654,-0.021053334698081017,-0.02051827684044838,-0.019983217120170593,-0.019448161125183105,-0.01891310140490532,-0.018378043547272682,-0.017842985689640045,-0.017307927832007408,-0.01677286997437477,-0.016237810254096985,-0.015702754259109497,-0.015167695470154285,-0.014632636681199074,-0.014097578823566437,-0.0135625209659338,-0.013027463108301163,-0.012492405250668526,-0.011957346461713314,-0.011422288604080677,-0.01088723074644804,-0.010352171957492828,-0.009817114099860191,-0.00928205531090498,-0.008746997453272343,-0.008211939595639706,-0.007676880806684494,-0.007141822949051857,-0.00660676509141922,-0.006071706302464008,-0.005536648444831371,-0.005001590587198734,-0.004466532729566097,-0.00393147487193346,-0.0033964160829782486,-0.0028613582253456116,-0.0023263003677129745,-0.001791241578757763,-0.0012561837211251259,-0.0007211258634924889,-0.00018606800585985184,0.0003489903174340725,0.0008840486407279968,0.0014191064983606339,0.001954164355993271,0.002489222679287195,0.0030242810025811195,0.0035593388602137566,0.004094396717846394,0.004629455041140318,0.005164513364434242,0.005699571222066879,0.006234629079699516,0.006769687402993441,0.007304745726287365,0.007839803583920002],"_type":"histogram","values":[1,1,0,0,0,0,0,0,0,0,0,0,0,1,1,1,0,0,0,0,0,0,1,0,0,2,4,0,0,1,2,1,1,0,5,0,1,5,1,0,2,4,3,7,4,6,6,5,16,19,4,4,2,2,1,1,0,4,1,3,0,2,0,3]},"parameters/graph_9fc3.weight":{"values":[1,3,1,0,0,1,0,0,1,0,0,3,0,2,4,1,1,1,3,4,4,4,6,5,6,8,11,9,10,9,12,14,21,20,23,22,22,17,20,12,24,18,37,127,131,45,34,23,11,9,5,6,3,2,1,1,1,3,0,0,2,2,0,2],"bins":[-2.1512351036071777,-2.1005895137786865,-2.0499439239501953,-1.9992984533309937,-1.948652982711792,-1.8980073928833008,-1.8473619222640991,-1.796716332435608,-1.7460708618164062,-1.695425271987915,-1.6447796821594238,-1.5941342115402222,-1.5434887409210205,-1.4928431510925293,-1.442197561264038,-1.3915520906448364,-1.3409066200256348,-1.2902610301971436,-1.2396154403686523,-1.1889699697494507,-1.1383243799209595,-1.0876789093017578,-1.0370333194732666,-0.9863878488540649,-0.9357422590255737,-0.8850967884063721,-0.8344511985778809,-0.7838057279586792,-0.733160138130188,-0.6825146675109863,-0.6318690776824951,-0.5812236070632935,-0.5305780172348022,-0.47993242740631104,-0.4292869567871094,-0.37864136695861816,-0.3279958963394165,-0.2773503065109253,-0.22670483589172363,-0.17605924606323242,-0.12541377544403076,-0.07476818561553955,-0.02412271499633789,0.02652287483215332,0.07716834545135498,0.1278139352798462,0.17845946550369263,0.22910499572753906,0.2797505259513855,0.33039605617523193,0.38104158639907837,0.4316871166229248,0.48233264684677124,0.5329781770706177,0.5836237072944641,0.6342692375183105,0.6849148273468018,0.7355602979660034,0.7862058877944946,0.8368513584136963,0.8874969482421875,0.9381424784660339,0.9887880086898804,1.039433479309082,1.0900790691375732],"_type":"histogram"},"val_loss":0.37059771418571474,"test_accuracy":0.8517241379310345,