{"gradients/graph_1fc2.bias":{"_type":"histogram","values":[1,0,0,0,0,0,0,0,0,0,1,0,0,0,0,0,0,0,0,1,0,0,0,0,0,0,0,1,1,0,0,0,0,0,0,0,0,0,0,0,0,0,0,1,0,0,0,0,1,0,0,7,0,0,1,0,0,0,0,0,0,0,0,1],"bins":[-0.07835405319929123,-0.07684461772441864,-0.07533518970012665,-0.07382575422525406,-0.07231631875038147,-0.07080689072608948,-0.06929745525121689,-0.0677880272269249,-0.06627859175205231,-0.06476915627717972,-0.06325972825288773,-0.06175029277801514,-0.060240861028432846,-0.058731429278850555,-0.057221993803977966,-0.055712562054395676,-0.054203130304813385,-0.052693698555231094,-0.051184266805648804,-0.049674831330776215,-0.048165399581193924,-0.04665596783161163,-0.045146532356739044,-0.043637100607156754,-0.04212766885757446,-0.04061823710799217,-0.03910880535840988,-0.03759936988353729,-0.036089938133955,-0.03458050638437271,-0.03307107090950012,-0.03156163915991783,-0.03005220741033554,-0.02854277566075325,-0.02703334391117096,-0.02552390843629837,-0.02401447668671608,-0.02250504493713379,-0.0209956094622612,-0.01948617771267891,-0.01797674596309662,-0.016467314213514328,-0.014957882463932037,-0.013448446989059448,-0.011939015239477158,-0.010429583489894867,-0.008920149877667427,-0.007410716265439987,-0.0059012845158576965,-0.004391852766275406,-0.002882419154047966,-0.0013729855418205261,0.00013644620776176453,0.0016458779573440552,0.003155311569571495,0.00466474425047636,0.006174176931381226,0.007683609612286091,0.009193042293190956,0.010702474974095821,0.012211907655000687,0.013721340335905552,0.015230773016810417,0.016740206629037857,0.018249638378620148]},"gradients/graph_1fc2.weight":{"_type":"histogram","values":[1,0,1,0,0,0,2,1,1,1,2,1,0,2,0,0,1,2,2,2,0,1,2,2,3,5,5,1,2,2,2,4,2,3,1,2,1,8,3,167,4,1,3,0,2,0,1,0,0,0,2,0,2,2,1,1,1,0,0,0,0,0,0,1],"bins":[-0.08108513802289963,-0.07904642075300217,-0.07700769603252411,-0.07496897876262665,-0.07293025404214859,-0.07089153677225113,-0.06885281205177307,-0.06681409478187561,-0.06477537751197815,-0.06273665279150009,-0.06069793179631233,-0.05865921080112457,-0.05662049353122711,-0.054581768810749054,-0.05254305154085159,-0.050504330545663834,-0.048465609550476074,-0.046426888555288315,-0.044388167560100555,-0.042349446564912796,-0.04031072556972504,-0.038272008299827576,-0.036233287304639816,-0.03419456630945206,-0.0321558453142643,-0.030117124319076538,-0.02807840332388878,-0.02603968232870102,-0.02400096505880356,-0.0219622440636158,-0.01992352306842804,-0.01788479834794998,-0.01584608480334282,-0.013807367533445358,-0.0117686428129673,-0.009729921817779541,-0.007691200822591782,-0.005652483552694321,-0.0036137625575065613,-0.0015750415623188019,0.0004636794328689575,0.002502400428056717,0.004541121423244476,0.006579842418432236,0.008618559688329697,0.010657280683517456,0.012696001678705215,0.014734722673892975,0.016773443669080734,0.018812164664268494,0.020850885659456253,0.022889604791998863,0.024928325787186623,0.026967046782374382,0.029005765914916992,0.03104448691010475,0.03308320790529251,0.03512192890048027,0.03716064989566803,0.03919936716556549,0.04123809188604355,0.04327680915594101,0.04531553015112877,0.04735425114631653,0.04939297214150429]},"parameters/graph_1fc3.bias":{"values":[1,0,1,0,0,0,0,0,0,0,0,0,0,0,0,0,0,0,0,0,0,0,0,0,0,0,0,0,0,0,0,0,0,0,0,1,0,0,0,0,0,0,0,0,0,1,0,0,0,0,0,0,0,0,0,0,0,0,0,0,1,0,0,1],"bins":[-0.35900887846946716,-0.34972816705703735,-0.34044745564460754,-0.3311667740345001,-0.3218860626220703,-0.3126053512096405,-0.3033246397972107,-0.29404395818710327,-0.28476324677467346,-0.27548253536224365,-0.26620182394981384,-0.25692111253738403,-0.24764041602611542,-0.2383597195148468,-0.229079008102417,-0.21979831159114838,-0.21051760017871857,-0.20123688876628876,-0.19195619225502014,-0.18267548084259033,-0.17339478433132172,-0.1641140729188919,-0.1548333764076233,-0.14555266499519348,-0.13627195358276367,-0.12699125707149506,-0.11771054565906525,-0.10842984914779663,-0.09914913773536682,-0.08986842632293701,-0.08058774471282959,-0.07130703330039978,-0.062026336789131165,-0.052745625376701355,-0.043464913964271545,-0.034184232354164124,-0.024903520941734314,-0.015622809529304504,-0.006342113018035889,0.002938598394393921,0.012219294905662537,0.021500006318092346,0.030780717730522156,0.04006141424179077,0.04934212565422058,0.0586228221654892,0.067903533577919,0.07718423008918762,0.08646494150161743,0.09574565291404724,0.10502634942531586,0.11430705338716507,0.12358775734901428,0.1328684687614441,0.1421491801738739,0.15142987668514252,0.16071057319641113,0.16999128460884094,0.17927199602127075,0.18855269253253937,0.19783340394496918,0.2071141004562378,0.2163948118686676,0.22567550837993622,0.23495621979236603],"_type":"histogram"},"epoch":10,"train_loss":1.0678230414950782,"test_confusion_matrix":[[0,0,4,2,0],[0,0,84,12,0],[0,0,50,49,0],[0,0,6,20,0],[0,0,0,2,0]],"gradients/graph_1fc1.weight":{"bins":[-0.11757981777191162,-0.11473492532968521,-0.1118900328874588,-0.10904514789581299,-0.10620025545358658,-0.10335536301136017,-0.10051047056913376,-0.09766557812690735,-0.09482068568468094,-0.09197579324245453,-0.08913090825080872,-0.08628600835800171,-0.0834411233663559,-0.08059623092412949,-0.07775133848190308,-0.07490645349025726,-0.07206155359745026,-0.06921666860580444,-0.06637177616357803,-0.06352688372135162,-0.060681991279125214,-0.0578371025621891,-0.054992206394672394,-0.05214732140302658,-0.04930242896080017,-0.04645753651857376,-0.04361264407634735,-0.04076775163412094,-0.03792285919189453,-0.03507797420024872,-0.03223308175802231,-0.0293881893157959,-0.02654329687356949,-0.02369840443134308,-0.02085351198911667,-0.01800861954689026,-0.015163734555244446,-0.012318842113018036,-0.009473949670791626,-0.006629057228565216,-0.003784164786338806,-0.0009392723441123962,0.0019056126475334167,0.004750508815050125,0.007595397531986237,0.010440289974212646,0.013285182416439056,0.016130071133375168,0.018974963575601578,0.021819856017827988,0.0246647447347641,0.02750963717699051,0.03035452961921692,0.03319941833615303,0.03604431077837944,0.03888920322060585,0.04173409193754196,0.04457898437976837,0.04742387682199478,0.05026876926422119,0.0531136579811573,0.05595855042338371,0.05880344286561012,0.061648331582546234,0.06449322402477264],"_type":"histogram","values":[1,0,1,0,0,0,0,0,0,0,0,2,0,0,0,0,2,0,0,0,0,0,0,2,0,0,0,1,0,0,3,2,0,4,2,0,1,1,0,3,5,75,7,6,5,8,5,2,5,2,6,2,5,1,4,1,3,2,1,0,0,2,3,1]},"test_classification_report":"              precision    recall  f1-score   support\n\n           0       1.00      0.00      0.00         6\n           1       1.00      0.00      0.00        96\n           2       0.35      0.51      0.41        99\n           3       0.24      0.77      0.36        26\n           4       1.00      0.00      0.00         2\n\n    accuracy                           0.31       229\n   macro avg       0.72      0.25      0.15       229\nweighted avg       0.63      0.31      0.22       229\n","test_accuracy":0.3056768558951965,"_wandb":{"runtime":4},"gradients/graph_1fc3.weight":{"_type":"histogram","values":[1,0,1,0,0,0,0,0,1,0,0,0,0,0,0,1,1,0,0,0,0,0,0,1,0,0,0,0,2,0,0,1,0,0,1,2,0,0,1,0,0,46,4,6,4,7,1,2,1,1,2,5,0,0,1,0,1,1,0,0,0,0,0,1],