{"_runtime":26.6385492,"train_accuracy":0.5717367853290184,"gradients/graph_7fc1.weight":{"_type":"histogram","values":[1,0,0,0,0,0,0,0,0,0,0,0,0,0,0,0,1,0,0,0,0,0,0,0,0,0,1,6,3,13,15,18,21,53,84,57,24,14,16,7,5,2,3,0,3,0,0,0,0,1,0,2,0,0,0,1,0,0,0,0,0,0,0,1],"bins":[-0.3612533211708069,-0.35076332092285156,-0.34027329087257385,-0.32978326082229614,-0.3192932605743408,-0.3088032603263855,-0.2983132302761078,-0.2878232002258301,-0.27733319997787476,-0.26684319972991943,-0.2563531696796417,-0.2458631545305252,-0.2353731393814087,-0.22488312423229218,-0.21439310908317566,-0.20390309393405914,-0.19341307878494263,-0.1829230636358261,-0.1724330484867096,-0.16194303333759308,-0.15145301818847656,-0.14096300303936005,-0.13047298789024353,-0.11998297274112701,-0.1094929575920105,-0.09900295734405518,-0.08851292729377747,-0.07802289724349976,-0.06753289699554443,-0.05704289674758911,-0.0465528666973114,-0.03606283664703369,-0.02557280659675598,-0.01508280634880066,-0.004592776298522949,0.005897253751754761,0.016387253999710083,0.026877254247665405,0.037367284297943115,0.047857314348220825,0.05834731459617615,0.06883732974529266,0.07932734489440918,0.0898173600435257,0.10030737519264221,0.11079739034175873,0.12128740549087524,0.13177742063999176,0.14226743578910828,0.1527574509382248,0.1632474660873413,0.17373748123645782,0.18422749638557434,0.19471751153469086,0.20520752668380737,0.2156975418329239,0.2261875569820404,0.23667757213115692,0.24716758728027344,0.25765758752822876,0.26814761757850647,0.2786376476287842,0.2891276478767395,0.2996176481246948,0.31010767817497253]},"epoch":250,"_timestamp":1.7328950723666282e+09,"parameters/graph_7fc1.weight":{"_type":"histogram","values":[1,0,1,0,0,1,0,1,2,4,2,5,2,2,6,8,3,7,8,6,6,6,5,7,14,13,5,10,4,10,12,12,6,9,14,13,10,7,5,18,7,10,8,10,11,6,6,10,8,6,3,4,3,2,6,2,0,2,1,0,0,1,0,1],"bins":[-0.6072401404380798,-0.5889639854431152,-0.5706877708435059,-0.5524116158485413,-0.5341354608535767,-0.5158592462539673,-0.4975830912590027,-0.4793069064617157,-0.4610307216644287,-0.4427545368671417,-0.42447835206985474,-0.40620219707489014,-0.38792601227760315,-0.36964982748031616,-0.35137367248535156,-0.3330974876880646,-0.3148213028907776,-0.2965451180934906,-0.2782689332962036,-0.259992778301239,-0.24171659350395203,-0.22344040870666504,-0.20516425371170044,-0.18688806891441345,-0.16861188411712646,-0.15033569931983948,-0.1320595145225525,-0.11378335952758789,-0.09550720453262329,-0.07723098993301392,-0.058954834938049316,-0.04067862033843994,-0.022402465343475342,-0.004126310348510742,0.014149904251098633,0.03242605924606323,0.05070227384567261,0.06897842884063721,0.0872545838356018,0.1055307686328888,0.12380695343017578,0.14208313822746277,0.16035932302474976,0.17863547801971436,0.19691166281700134,0.21518784761428833,0.23346400260925293,0.2517401874065399,0.2700163722038269,0.2882925570011139,0.3065687417984009,0.3248448967933655,0.34312108159065247,0.36139726638793945,0.37967342138290405,0.39794960618019104,0.416225790977478,0.434501975774765,0.452778160572052,0.4710543155670166,0.4893305003643036,0.5076066851615906,0.5258828401565552,0.5441590547561646,0.5624352097511292]},"gradients/graph_7fc2.weight":{"values":[1,0,1,0,1,0,0,0,1,0,4,3,3,2,5,2,8,5,10,19,28,68,139,475,83,40,14,25,9,12,2,13,5,5,6,4,3,4,3,2,1,2,2,3,2,2,1,0,1,1,0,0,0,0,0,2,0,1,0,0,0,0,0,1],"bins":[-0.13433706760406494,-0.1286574751138687,-0.12297787517309189,-0.11729828268289566,-0.11161868274211884,-0.10593909025192261,-0.10025949776172638,-0.09457989782094955,-0.08890029788017273,-0.0832207053899765,-0.07754111289978027,-0.07186151295900345,-0.06618192046880722,-0.060502320528030396,-0.05482272803783417,-0.04914312809705734,-0.043463535606861115,-0.037783943116664886,-0.03210434317588806,-0.026424750685691833,-0.02074515074491501,-0.01506555825471878,-0.009385958313941956,-0.0037063658237457275,0.0019732266664505005,0.0076528191566467285,0.01333242654800415,0.01901201903820038,0.024691611528396606,0.030371204018592834,0.036050811409950256,0.041730403900146484,0.04740999639034271,0.05308958888053894,0.05876918137073517,0.06444878876209259,0.07012838125228882,0.07580797374248505,0.08148756623268127,0.0871671736240387,0.09284676611423492,0.09852635860443115,0.10420595109462738,0.1098855510354042,0.11556514352560043,0.12124474346637726,0.1269243359565735,0.1326039433479309,0.13828352093696594,0.14396312832832336,0.1496427208185196,0.15532231330871582,0.16100192070007324,0.16668149828910828,0.1723611056804657,0.17804069817066193,0.18372029066085815,0.18939989805221558,0.1950794905424118,0.20075908303260803,0.20643867552280426,0.2121182680130005,0.2177978754043579,0.22347746789455414,0.22915706038475037],"_type":"histogram"},"gradients/graph_7fc3.bias":{"_type":"histogram","values":[1,0,0,0,0,0,0,0,0,0,0,0,0,0,0,0,1,0,0,0,1,0,0,0,0,0,0,0,0,0,0,0,0,1,0,0,0,0,0,0,0,0,0,0,0,0,0,0,0,0,0,0,0,1,0,0,0,0,0,0,0,0,0,1],"bins":[-0.08032254874706268,-0.07776208966970444,-0.07520163059234619,-0.07264117151498795,-0.0700807124376297,-0.06752026081085205,-0.0649598017334938,-0.06239934265613556,-0.05983888357877731,-0.05727842450141907,-0.05471796542406082,-0.052157510071992874,-0.04959705099463463,-0.04703659191727638,-0.044476136565208435,-0.04191567748785019,-0.03935521841049194,-0.0367947593331337,-0.03423430025577545,-0.031673844903707504,-0.02911338582634926,-0.026552926748991013,-0.023992471396923065,-0.02143201231956482,-0.018871553242206573,-0.016311094164848328,-0.013750635087490082,-0.011190176010131836,-0.008629724383354187,-0.006069265305995941,-0.0035088062286376953,-0.0009483471512794495,0.0016121119260787964,0.004172571003437042,0.006733030080795288,0.009293489158153534,0.01185394823551178,0.014414399862289429,0.016974858939647675,0.01953531801700592,0.022095777094364166,0.024656236171722412,0.027216695249080658,0.029777150601148605,0.03233760967850685,0.0348980687558651,0.037458524107933044,0.04001898318529129,0.042579442262649536,0.04513990134000778,0.04770036041736603,0.050260815769433975,0.05282127484679222,0.05538173392415047,0.057942189276218414,0.06050264835357666,0.0630631074309349,0.06562356650829315,0.0681840255856514,0.07074448466300964,0.07330493628978729,0.07586539536714554,0.07842585444450378,0.08098631352186203,0.08354677259922028]},"gradients/graph_7fc2.bias":{"bins":[-0.04818129539489746,-0.04612095654010773,-0.04406062141060829,-0.04200028255581856,-0.039939943701028824,-0.03787960857152939,-0.035819269716739655,-0.03375893086194992,-0.03169859200716019,-0.02963825687766075,-0.027577918022871017,-0.025517581030726433,-0.023457244038581848,-0.021396905183792114,-0.01933656819164753,-0.017276229336857796,-0.015215892344713211,-0.013155553489923477,-0.011095218360424042,-0.009034879505634308,-0.006974540650844574,-0.0049142055213451385,-0.0028538666665554047,-0.0007935278117656708,0.0012668073177337646,0.0033271461725234985,0.005387485027313232,0.007447823882102966,0.009508159011602402,0.011568497866392136,0.01362883672118187,0.015689171850681305,0.01774951070547104,0.019809849560260773,0.021870184689760208,0.023930523544549942,0.025990862399339676,0.02805119752883911,0.030111536383628845,0.03217187523841858,0.03423221409320831,0.03629254922270775,0.03835288807749748,0.040413226932287216,0.04247356206178665,0.044533900916576385,0.04659423977136612,0.048654574900865555,0.05071491375565529,0.052775248885154724,0.05483558773994446,0.05689592659473419,0.058956265449523926,0.06101660430431366,0.0630769431591034,0.06513728201389313,0.06719761341810226,0.069257952272892,0.07131829112768173,0.07337862998247147,0.0754389688372612,0.07749930024147034,0.07955963909626007,0.0816199779510498,0.08368031680583954],"_type":"histogram","values":[1,0,0,0,0,0,0,0,1,1,1,0,1,1,1,1,1,1,1,1,1,2,2,3,0,0,0,0,1,1,0,1,2,0,0,0,0,0,0,2,0,0,1,1,0,0,0,0,0,0,0,0,0,0,1,0,0,1,0,0,0,0,0,1]},"gradients/graph_7fc3.weight":{"values":[1,1,1,0,1,1,0,0,0,0,0,0,5,0,0,3,1,1,1,4,5,4,6,20,46,43,15,8,6,5,3,1,0,0,1,1,4,1,0,0,0,1,1,0,0,0,0,0,0,0,0,0,0,0,0,0,0,0,0,0,0,0,0,1],