{"parameters/fc1.weight":{"bins":[-0.5289270281791687,-0.513749897480011,-0.4985727369785309,-0.4833955764770508,-0.46821844577789307,-0.45304131507873535,-0.43786415457725525,-0.42268699407577515,-0.40750986337661743,-0.3923327326774597,-0.3771555721759796,-0.3619784116744995,-0.3468012809753418,-0.3316241502761841,-0.316446989774704,-0.3012698292732239,-0.28609269857406616,-0.27091556787490845,-0.25573840737342834,-0.24056124687194824,-0.22538411617279053,-0.2102069854736328,-0.1950298249721527,-0.1798526644706726,-0.1646755337715149,-0.14949840307235718,-0.13432124257087708,-0.11914408206939697,-0.10396695137023926,-0.08878982067108154,-0.07361266016960144,-0.05843549966812134,-0.043258339166641235,-0.02808120846748352,-0.012904047966003418,0.0022731125354766846,0.0174502432346344,0.032627373933792114,0.04780453443527222,0.06298169493675232,0.07815882563591003,0.09333595633506775,0.10851311683654785,0.12369027733802795,0.13886740803718567,0.15404453873634338,0.1692216992378235,0.1843988597393036,0.1995759904384613,0.2147531360387802,0.22993028163909912,0.24510742723941803,0.26028457283973694,0.27546173334121704,0.29063886404037476,0.30581599473953247,0.3209931552410126,0.3361703157424927,0.3513474464416504,0.3665245771408081,0.3817017376422882,0.3968788981437683,0.412056028842926,0.42723315954208374,0.44241032004356384],"_type":"histogram","values":[1,0,4,3,5,5,3,4,5,11,7,19,15,15,20,23,25,24,22,27,23,35,37,30,31,46,30,41,33,22,23,38,38,35,26,36,35,22,39,29,26,30,29,32,31,23,16,29,32,33,32,40,30,25,23,9,21,20,13,10,8,5,2,2]},"gradients/fc1.weight":{"_type":"histogram","values":[1,0,0,0,0,0,0,0,1,0,1,1,2,2,1,3,2,5,7,5,8,8,27,20,20,36,55,70,71,96,140,177,150,122,89,58,53,40,30,22,14,19,12,9,4,6,7,5,4,1,0,1,0,0,0,1,1,0,0,0,0,0,0,1],"bins":[-0.12495669722557068,-0.12103842943906784,-0.117120161652565,-0.11320189386606216,-0.10928362607955933,-0.10536536574363708,-0.10144709795713425,-0.09752883017063141,-0.09361056238412857,-0.08969229459762573,-0.0857740268111229,-0.08185575902462006,-0.07793749868869781,-0.07401922345161438,-0.07010096311569214,-0.0661826953291893,-0.06226442754268646,-0.058346159756183624,-0.054427891969680786,-0.05050962418317795,-0.04659135639667511,-0.04267309606075287,-0.03875482827425003,-0.03483656048774719,-0.030918292701244354,-0.027000024914741516,-0.023081757128238678,-0.01916348934173584,-0.015245229005813599,-0.01132696121931076,-0.007408693432807922,-0.0034904256463050842,0.0004278421401977539,0.004346109926700592,0.00826437771320343,0.012182645499706268,0.016100913286209106,0.020019173622131348,0.023937441408634186,0.027855709195137024,0.03177397698163986,0.0356922447681427,0.03961051255464554,0.043528780341148376,0.04744704067707062,0.051365308463573456,0.055283576250076294,0.05920184403657913,0.06312011182308197,0.06703837960958481,0.07095664739608765,0.07487490773200989,0.07879318296909332,0.08271144330501556,0.0866297110915184,0.09054797887802124,0.09446624666452408,0.09838451445102692,0.10230278223752975,0.10622105002403259,0.11013931035995483,0.11405757814645767,0.11797584593296051,0.12189411371946335,0.1258123815059662]},"parameters/fc2.weight":{"values":[1,0,0,0,0,0,1,0,1,2,2,0,1,5,4,8,13,10,20,24,33,44,38,82,80,100,152,180,254,328,379,512,588,661,739,866,856,950,949,934,931,928,916,876,767,660,606,509,403,302,198,152,118,72,48,27,14,11,7,12,1,4,4,1],"bins":[-0.4720214009284973,-0.4598205089569092,-0.44761958718299866,-0.4354186952114105,-0.4232177734375,-0.41101688146591187,-0.39881598949432373,-0.3866150677204132,-0.3744141757488251,-0.36221325397491455,-0.3500123620033264,-0.3378114700317383,-0.32561054825782776,-0.31340962648391724,-0.3012087345123291,-0.28900784254074097,-0.27680695056915283,-0.2646060287952423,-0.2524051070213318,-0.24020422995090485,-0.22800332307815552,-0.215802401304245,-0.20360150933265686,-0.19140061736106873,-0.1791996955871582,-0.16699880361557007,-0.15479788184165955,-0.1425969898700714,-0.13039609789848328,-0.11819517612457275,-0.10599428415298462,-0.0937933623790741,-0.08159247040748596,-0.06939157843589783,-0.057190656661987305,-0.04498976469039917,-0.03278884291648865,-0.020587950944900513,-0.008387058973312378,0.0038138628005981445,0.01601475477218628,0.028215676546096802,0.040416568517684937,0.05261746048927307,0.0648183822631836,0.07701928913593292,0.08922018110752106,0.10142108798027039,0.11362199485301971,0.12582290172576904,0.13802380859851837,0.1502247005701065,0.16242560744285583,0.17462651431560516,0.1868274211883545,0.19902831315994263,0.21122923493385315,0.22343012690544128,0.2356310337781906,0.24783194065093994,0.2600328326225281,0.2722337543964386,0.28443464636802673,0.29663556814193726,0.3088364601135254],"_type":"histogram"},"_runtime":5.5513638,"parameters/fc1.bias":{"_type":"histogram","values":[1,0,1,0,2,0,2,2,1,2,3,2,1,2,6,3,1,1,0,2,0,4,2,5,2,1,4,2,2,1,3,4,0,3,3,2,1,2,1,1,2,2,2,6,1,1,2,2,2,0,2,5,2,4,3,1,5,1,2,1,1,3,2,1],"bins":[-0.3377075493335724,-0.3261536657810211,-0.31459975242614746,-0.3030458688735962,-0.29149195551872253,-0.27993807196617126,-0.2683841586112976,-0.25683027505874634,-0.24527636170387268,-0.2337224781513214,-0.22216856479644775,-0.21061468124389648,-0.19906078279018402,-0.18750688433647156,-0.1759529858827591,-0.16439908742904663,-0.15284518897533417,-0.1412912905216217,-0.12973739206790924,-0.11818349361419678,-0.10662959516048431,-0.09507569670677185,-0.08352181315422058,-0.07196789979934692,-0.060414016246795654,-0.048860102891922,-0.03730621933937073,-0.02575230598449707,-0.0141984224319458,-0.0026445090770721436,0.008909374475479126,0.020463287830352783,0.03201717138290405,0.04357105493545532,0.05512496829032898,0.06667885184288025,0.0782327651977539,0.08978664875030518,0.10134056210517883,0.1128944456577301,0.12444835901260376,0.13600224256515503,0.1475561559200287,0.15911003947257996,0.17066393792629242,0.18221783638000488,0.19377173483371735,0.2053256332874298,0.21687953174114227,0.22843343019485474,0.2399873286485672,0.25154122710227966,0.2630951404571533,0.2746490240097046,0.28620290756225586,0.2977568209171295,0.3093107044696808,0.32086461782455444,0.3324185013771057,0.34397241473197937,0.35552629828453064,0.3670802116394043,0.37863409519195557,0.3901880085468292,0.4017418920993805]},"gradients/fc2.bias":{"bins":[-0.05919477716088295,-0.05761595815420151,-0.056037139147520065,-0.05445832014083862,-0.05287950113415718,-0.05130068212747574,-0.049721863120794296,-0.048143044114112854,-0.04656422510743141,-0.04498540610074997,-0.043406590819358826,-0.041827768087387085,-0.04024895280599594,-0.0386701300740242,-0.03709131479263306,-0.035512492060661316,-0.03393367677927017,-0.03235485404729843,-0.03077603690326214,-0.029197217896580696,-0.027618400752544403,-0.02603958174586296,-0.02446076273918152,-0.022881943732500076,-0.021303124725818634,-0.019724305719137192,-0.01814548671245575,-0.016566667705774307,-0.014987848699092865,-0.013409029692411423,-0.01183021068572998,-0.010251391679048538,-0.008672572672367096,-0.007093753665685654,-0.005514934659004211,-0.003936115652322769,-0.002357296645641327,-0.0007784776389598846,0.0008003413677215576,0.002379160374403,0.003957979381084442,0.005536798387765884,0.007115617394447327,0.008694436401128769,0.010273255407810211,0.011852072551846504,0.013430891558527946,0.015009710565209389,0.01658852957189083,0.018167348578572273,0.019746167585253716,0.021324986591935158,0.0229038055986166,0.024482624605298042,0.026061443611979485,0.027640260756015778,0.02921907976269722,0.030797898769378662,0.032376717776060104,0.03395553678274155,0.03553435578942299,0.03711317479610443,0.03869199380278587,0.040270812809467316,0.04184963181614876],"_type":"histogram","values":[1,0,0,0,0,0,0,0,0,0,0,0,1,0,1,0,0,1,1,0,0,0,0,1,1,0,2,1,1,2,5,1,3,5,3,4,5,10,7,8,8,9,5,5,9,7,1,6,2,1,2,0,2,0,1,1,2,0,0,0,1,1,0,1]},"_timestamp":1.732885542174317e+09,"train_loss":0.4028244510940883,