{"gradients/graph_4fc2.bias":{"bins":[-0.06424745172262192,-0.0623922199010849,-0.060536984354257584,-0.058681752532720566,-0.05682651698589325,-0.05497128516435623,-0.053116053342819214,-0.0512608177959919,-0.04940558224916458,-0.047550350427627563,-0.045695118606090546,-0.04383988305926323,-0.04198465123772621,-0.040129415690898895,-0.03827418386936188,-0.03641895204782486,-0.03456371650099754,-0.032708484679460526,-0.03085324913263321,-0.02899801731109619,-0.027142781764268875,-0.025287549942731857,-0.02343231439590454,-0.021577082574367523,-0.019721850752830505,-0.01786661520600319,-0.01601138338446617,-0.014156147837638855,-0.012300916016101837,-0.010445680469274521,-0.008590448647737503,-0.006735213100910187,-0.0048799775540828705,-0.0030247457325458527,-0.0011695101857185364,0.0006857216358184814,0.0025409571826457977,0.0043961890041828156,0.006251424551010132,0.00810665637254715,0.009961891919374466,0.011817123740911484,0.013672355562448502,0.015527591109275818,0.017382822930812836,0.019238058477640152,0.02109329029917717,0.022948525846004486,0.024803757667541504,0.02665899135172367,0.028514225035905838,0.030369458720088005,0.03222469240427017,0.03407992422580719,0.03593515604734421,0.037790391594171524,0.03964562714099884,0.04150085896253586,0.043356090784072876,0.04521132633090019,0.04706655815243721,0.048921793699264526,0.050777025520801544,0.05263226106762886,0.05448749288916588],"_type":"histogram","values":[1,0,0,0,0,0,0,0,0,0,1,0,0,0,0,0,0,0,0,0,0,0,0,0,0,0,0,0,0,0,0,0,0,0,0,0,0,1,0,0,0,0,0,0,0,0,1,0,0,1,0,0,0,0,0,0,0,0,0,0,0,0,0,1]},"train_loss":0.5881826183919249,"test_confusion_matrix":[[91,0,0,0,0,0],[2,81,9,5,1,0],[1,10,60,20,2,0],[0,10,21,39,28,3],[0,1,3,22,69,14],[0,0,0,0,0,88]],"epoch":250,"parameters/graph_4fc1.weight":{"_type":"histogram","values":[2,0,0,0,0,2,1,0,0,0,0,0,1,3,5,3,2,5,6,3,6,9,12,19,6,15,16,9,13,16,29,30,26,29,24,25,23,17,26,31,21,29,28,27,33,18,27,9,22,12,10,10,12,8,8,2,7,3,2,0,0,1,0,1],"bins":[-1.2314802408218384,-1.199023962020874,-1.1665678024291992,-1.1341115236282349,-1.1016552448272705,-1.0691989660263062,-1.0367426872253418,-1.004286527633667,-0.9718302488327026,-0.9393739700317383,-0.9069177508354187,-0.8744615316390991,-0.8420052528381348,-0.8095489740371704,-0.7770927548408508,-0.7446365356445312,-0.7121802568435669,-0.6797239780426025,-0.647267758846283,-0.6148115396499634,-0.582355260848999,-0.5498989820480347,-0.5174427628517151,-0.4849865436553955,-0.45253026485443115,-0.4200739860534668,-0.3876177668571472,-0.35516154766082764,-0.3227052688598633,-0.2902489900588989,-0.25779277086257935,-0.22533655166625977,-0.19288021326065063,-0.16042393445968628,-0.1279677152633667,-0.09551149606704712,-0.06305521726608276,-0.030598938465118408,0.0018572807312011719,0.03431349992752075,0.06676977872848511,0.09922605752944946,0.13168227672576904,0.16413849592208862,0.19659477472305298,0.22905105352401733,0.2615072727203369,0.2939634919166565,0.32641977071762085,0.3588760197162628,0.3913322687149048,0.42378851771354675,0.4562447667121887,0.4887010157108307,0.5211572647094727,0.553613543510437,0.5860697627067566,0.6185259819030762,0.6509822607040405,0.6834385395050049,0.7158947587013245,0.748350977897644,0.7808072566986084,0.8132635354995728,0.8457197546958923]},"gradients/graph_4fc2.weight":{"bins":[-0.24489536881446838,-0.23844289779663086,-0.23199041187763214,-0.22553794085979462,-0.2190854698419571,-0.21263298392295837,-0.20618051290512085,-0.19972804188728333,-0.1932755708694458,-0.18682308495044708,-0.18037061393260956,-0.17391812801361084,-0.16746565699577332,-0.1610131859779358,-0.15456071496009827,-0.14810824394226074,-0.14165575802326202,-0.1352032721042633,-0.12875080108642578,-0.12229833006858826,-0.11584585905075073,-0.10939337313175201,-0.10294090211391449,-0.09648843109607697,-0.09003594517707825,-0.08358347415924072,-0.0771310031414032,-0.07067853212356567,-0.06422604620456696,-0.05777357518672943,-0.05132110416889191,-0.04486861824989319,-0.038416147232055664,-0.03196367621421814,-0.02551119029521942,-0.019058719277381897,-0.012606248259544373,-0.006153762340545654,0.0002987086772918701,0.0067511796951293945,0.013203650712966919,0.019656136631965637,0.02610860764980316,0.032561078667640686,0.039013564586639404,0.04546603560447693,0.05191851407289505,0.058370985090732574,0.0648234635591507,0.07127594202756882,0.07772841304540634,0.08418089151382446,0.09063336253166199,0.09708584100008011,0.10353831946849823,0.10999079048633575,0.11644326895475388,0.122895747423172,0.12934821844100952,0.13580068945884705,0.14225317537784576,0.1487056463956833,0.1551581174135208,0.16161060333251953,0.16806307435035706],"_type":"histogram","values":[1,0,0,0,0,0,0,0,1,0,3,0,3,1,0,1,0,0,1,0,2,1,0,3,4,2,4,5,4,8,6,7,6,8,5,9,18,79,45,26,23,15,25,16,12,9,8,3,4,3,1,2,5,1,1,1,1,0,0,0,0,0,0,1]},"parameters/graph_4fc2.bias":{"_type":"histogram","values":[1,0,0,0,0,0,0,0,0,0,0,0,0,0,0,0,0,0,0,0,1,0,0,0,0,1,0,0,0,0,1,0,0,0,0,0,0,0,0,0,0,0,0,0,0,0,0,1,0,0,0,0,0,0,0,0,0,0,0,0,0,0,0,1],"bins":[-0.1438567042350769,-0.13914069533348083,-0.13442468643188477,-0.1297086775302887,-0.12499267607927322,-0.12027666717767715,-0.11556066572666168,-0.11084465682506561,-0.10612864792346954,-0.10141263902187347,-0.0966966301202774,-0.09198062866926193,-0.08726461976766586,-0.0825486108660698,-0.07783260941505432,-0.07311660051345825,-0.06840059161186218,-0.06368458271026611,-0.058968573808670044,-0.05425257235765457,-0.0495365634560585,-0.04482055455446243,-0.04010455310344696,-0.03538854420185089,-0.030672535300254822,-0.025956526398658752,-0.021240517497062683,-0.016524508595466614,-0.011808514595031738,-0.007092505693435669,-0.0023764967918395996,0.0023395121097564697,0.007055506110191345,0.011771515011787415,0.016487523913383484,0.021203532814979553,0.025919541716575623,0.030635535717010498,0.03535154461860657,0.04006755352020264,0.044783562421798706,0.049499571323394775,0.054215580224990845,0.05893158167600632,0.06364759057760239,0.06836359947919846,0.07307960093021393,0.07779560983181,0.08251161873340607,0.08722762763500214,0.0919436365365982,0.09665963798761368,0.10137564688920975,0.10609165579080582,0.11080765724182129,0.11552366614341736,0.12023967504501343,0.1249556839466095,0.12967169284820557,0.13438770174980164,0.1391037106513977,0.14381970465183258,0.14853571355342865,0.15325172245502472,0.1579677313566208]},"_runtime":43.8939721,"test_classification_report":"              precision    recall  f1-score   support\n\n           0       0.97      1.00      0.98        91\n           1       0.79      0.83      0.81        98\n           2       0.65      0.65      0.65        93\n           3       0.45      0.39      0.42       101\n           4       0.69      0.63      0.66       109\n           5       0.84      1.00      0.91        88\n\n    accuracy                           0.74       580\n   macro avg       0.73      0.75      0.74       580\nweighted avg       0.73      0.74      0.73       580\n","_wandb":{"runtime":43},"val_accuracy":0.7672413793103449,"_step":250,"test_accuracy":0.7379310344827587,"_timestamp":1.732891390039438e+09,"gradients/graph_4fc1.weight":{"_type":"histogram","values":[1,0,0,0,0,0,0,0,1,1,1,0,0,0,1,0,1,0,0,0,1,0,1,3,4,5,5,9,9,8,13,20,17,22,44,51,91,93,63,56,38,31,24,18,17,12,10,6,7,7,4,2,1,4,0,0,0,0,1,0,0,0,0,1],