{"val_loss":4.582319696744283,"gradients/fc3.weight":{"values":[1,0,0,0,0,0,0,1,0,0,0,1,0,0,0,2,0,0,0,3,1,2,1,2,2,0,4,5,4,5,1,4,9,262,35,3,3,6,3,7,1,0,3,1,2,1,2,2,0,0,1,1,0,1,0,0,0,0,1,0,0,0,0,1],"bins":[-0.14311905205249786,-0.13886383175849915,-0.13460862636566162,-0.1303534209728241,-0.12609820067882538,-0.12184298783540726,-0.11758777499198914,-0.11333256214857101,-0.1090773493051529,-0.10482213646173477,-0.10056692361831665,-0.09631171077489853,-0.09205649793148041,-0.08780128508806229,-0.08354607224464417,-0.07929085940122604,-0.07503564655780792,-0.0707804337143898,-0.06652522087097168,-0.06227000802755356,-0.05801479518413544,-0.053759582340717316,-0.049504369497299194,-0.04524915665388107,-0.04099394381046295,-0.03673873096704483,-0.03248351812362671,-0.028228305280208588,-0.023973092436790466,-0.019717879593372345,-0.015462666749954224,-0.011207446455955505,-0.006952241063117981,-0.0026970356702804565,0.0015581846237182617,0.005813397467136383,0.010068610310554504,0.014323823153972626,0.018579035997390747,0.02283424884080887,0.02708946168422699,0.03134467452764511,0.03559988737106323,0.039855100214481354,0.044110313057899475,0.048365525901317596,0.05262073874473572,0.05687595158815384,0.06113116443157196,0.06538637727499008,0.0696415901184082,0.07389680296182632,0.07815201580524445,0.08240722864866257,0.08666244149208069,0.09091765433549881,0.09517286717891693,0.09942808002233505,0.10368329286575317,0.1079385057091713,0.11219371855258942,0.11644893139600754,0.12070414423942566,0.12495935708284378,0.1292145699262619],"_type":"histogram"},"_wandb":{"runtime":24},"val_accuracy":0.5519125683060109,"_step":500,"_runtime":24.2294662,"parameters/fc2.bias":{"_type":"histogram","values":[1,0,0,0,0,0,0,1,1,1,0,0,1,0,3,3,0,0,4,4,2,0,2,1,1,2,3,2,5,3,1,1,2,1,1,2,1,1,2,0,2,0,1,1,1,0,1,0,0,0,1,1,0,0,0,1,2,0,0,0,0,0,0,1],"bins":[-0.2778315246105194,-0.2658900022506714,-0.25394850969314575,-0.24200698733329773,-0.2300654649734497,-0.21812394261360168,-0.20618243515491486,-0.19424092769622803,-0.18229940533638,-0.17035788297653198,-0.15841637551784515,-0.14647486805915833,-0.1345333456993103,-0.12259182333946228,-0.11065031588077545,-0.09870880842208862,-0.0867672860622406,-0.07482576370239258,-0.06288425624370575,-0.05094274878501892,-0.0390012264251709,-0.027059704065322876,-0.015118211507797241,-0.0031766891479492188,0.008764833211898804,0.020706355571746826,0.03264787793159485,0.04458937048912048,0.056530892848968506,0.06847241520881653,0.08041390776634216,0.09235543012619019,0.10429692268371582,0.11623844504356384,0.12817996740341187,0.1401214599609375,0.15206298232078552,0.16400450468063354,0.17594599723815918,0.1878875195980072,0.19982904195785522,0.21177056431770325,0.22371208667755127,0.2356535792350769,0.24759510159492493,0.25953662395477295,0.2714781165122986,0.2834196388721466,0.29536116123199463,0.30730268359184265,0.3192442059516907,0.3311856985092163,0.34312722086906433,0.35506874322891235,0.367010235786438,0.378951758146286,0.39089328050613403,0.40283480286598206,0.4147763252258301,0.4267178177833557,0.43865934014320374,0.45060086250305176,0.4625423550605774,0.4744838774204254,0.48642539978027344]},"gradients/fc2.weight":{"_type":"histogram","values":[1,1,1,2,2,2,5,3,7,8,8,11,10,9,7,10,8,9,11,21,26,26,20,27,34,69,66,70,129,278,2194,416,172,114,78,44,36,22,18,19,19,20,12,5,6,1,3,2,0,3,4,4,4,3,6,1,2,2,1,1,1,0,1,1],"bins":[-0.0675603598356247,-0.06536227464675903,-0.06316418200731277,-0.06096609681844711,-0.05876801162958145,-0.05656992271542549,-0.05437183380126953,-0.05217374861240387,-0.04997565969824791,-0.04777757078409195,-0.04557948559522629,-0.04338139668107033,-0.04118330776691437,-0.038985222578048706,-0.036787133663892746,-0.034589048475027084,-0.032390959560871124,-0.030192870646715164,-0.027994785457849503,-0.025796696543693542,-0.02359861135482788,-0.02140052244067192,-0.01920243352651596,-0.0170043483376503,-0.014806259423494339,-0.012608170509338379,-0.010410085320472717,-0.008211996406316757,-0.006013907492160797,-0.0038158223032951355,-0.0016177371144294739,0.0005803555250167847,0.002778448164463043,0.004976533353328705,0.007174625992774963,0.009372711181640625,0.011570796370506287,0.013768885284662247,0.015966974198818207,0.01816505938768387,0.02036314830183983,0.02256123721599579,0.02475932240486145,0.02695741131901741,0.02915550023317337,0.03135358542203903,0.03355167433619499,0.035749759525060654,0.037947848439216614,0.040145937353372574,0.042344022542238235,0.044542111456394196,0.04674019664525986,0.04893828555941582,0.05113637447357178,0.05333445966243744,0.0555325485765934,0.05773063749074936,0.05992872267961502,0.06212681159377098,0.06432490050792694,0.0665229856967926,0.06872107088565826,0.07091916352510452,0.07311724871397018]},"parameters/fc1.weight":{"bins":[-1.1910569667816162,-1.1569344997406006,-1.122812032699585,-1.0886895656585693,-1.0545670986175537,-1.0204445123672485,-0.9863220453262329,-0.9521995782852173,-0.9180771112442017,-0.883954644203186,-0.8498321771621704,-0.81570965051651,-0.7815871834754944,-0.7474647164344788,-0.7133421897888184,-0.6792197227478027,-0.6450972557067871,-0.6109747886657715,-0.5768523216247559,-0.5427297949790955,-0.5086073279380798,-0.4744848608970642,-0.4403623342514038,-0.4062398672103882,-0.37211740016937256,-0.33799493312835693,-0.3038724660873413,-0.2697499394416809,-0.23562747240066528,-0.20150500535964966,-0.16738247871398926,-0.13326001167297363,-0.09913754463195801,-0.06501507759094238,-0.030892610549926758,0.0032299160957336426,0.03735238313674927,0.07147485017776489,0.10559737682342529,0.13971984386444092,0.17384231090545654,0.20796477794647217,0.2420872449874878,0.2762097716331482,0.3103322386741638,0.34445470571517944,0.37857723236083984,0.41269969940185547,0.4468221664428711,0.4809446334838867,0.5150671005249023,0.5491896271705627,0.5833120942115784,0.617434561252594,0.6515570878982544,0.68567955493927,0.7198020219802856,0.7539244890213013,0.7880469560623169,0.8221694827079773,0.8562919497489929,0.8904144167900085,0.924536943435669,0.9586594104766846,0.9927818775177002],"_type":"histogram","values":[2,0,3,1,2,2,1,1,4,3,5,4,4,5,6,5,5,12,7,16,10,13,10,17,25,9,19,17,22,22,13,14,25,22,26,19,22,20,18,18,17,23,25,16,16,20,16,15,14,10,18,14,5,4,10,6,6,5,5,4,1,3,0,2]},"gradients/fc1.bias":{"values":[1,0,0,0,0,0,0,1,0,0,1,1,0,0,0,1,1,0,0,0,0,0,0,0,0,0,0,0,0,1,0,0,1,1,1,0,2,2,3,1,5,5,13,1,3,4,1,3,3,1,0,1,0,1,0,1,1,0,1,0,0,0,1,1],"bins":[-0.10281757265329361,-0.10037778317928314,-0.09793799370527267,-0.09549820423126221,-0.09305841475725174,-0.09061862528324127,-0.0881788358092308,-0.08573904633522034,-0.08329925686120987,-0.0808594673871994,-0.07841967791318893,-0.07597988843917847,-0.073540098965168,-0.07110030949115753,-0.06866052001714706,-0.0662207305431366,-0.06378094106912613,-0.06134115159511566,-0.058901362121105194,-0.05646157264709473,-0.05402178317308426,-0.05158199369907379,-0.049142204225063324,-0.046702414751052856,-0.04426262527704239,-0.04182283580303192,-0.039383046329021454,-0.036943256855010986,-0.03450346738100052,-0.03206367790699005,-0.029623888432979584,-0.027184098958969116,-0.02474430948495865,-0.02230452001094818,-0.019864730536937714,-0.017424941062927246,-0.014985151588916779,-0.012545362114906311,-0.010105572640895844,-0.007665783166885376,-0.0052259936928749084,-0.002786204218864441,-0.0003464147448539734,0.002093374729156494,0.004533164203166962,0.006972953677177429,0.009412743151187897,0.011852532625198364,0.014292322099208832,0.0167321115732193,0.019171901047229767,0.021611690521240234,0.024051479995250702,0.02649126946926117,0.028931058943271637,0.031370848417282104,0.03381063789129257,0.03625042736530304,0.03869021683931351,0.041130006313323975,0.04356979578733444,0.04600958526134491,0.04844937473535538,0.050889164209365845,0.05332895368337631],"_type":"histogram"},"train_accuracy":0.9972640218878249,