{"test_confusion_matrix":[[91,0,0,0,0,0],[0,95,2,1,0,0],[0,6,53,34,0,0],[0,5,19,49,21,7],[0,0,2,5,99,3],[0,0,0,0,0,88]],"_step":100,"gradients/graph_5fc3.weight":{"values":[1,0,0,0,0,0,0,1,0,0,0,0,0,1,0,2,1,0,0,1,1,1,0,1,1,1,0,1,1,2,0,2,2,3,5,9,6,4,11,76,8,7,4,2,4,4,3,2,2,1,2,4,1,1,1,2,3,1,0,0,3,1,1,1],"bins":[-0.2556062638759613,-0.24917002022266388,-0.24273377656936646,-0.23629753291606903,-0.2298612892627716,-0.22342504560947418,-0.21698880195617676,-0.21055255830287933,-0.2041163146495819,-0.19768007099628448,-0.19124382734298706,-0.18480758368968964,-0.1783713400363922,-0.1719350963830948,-0.16549885272979736,-0.15906260907649994,-0.15262636542320251,-0.1461901217699051,-0.13975387811660767,-0.13331763446331024,-0.12688139081001282,-0.1204451471567154,-0.11400890350341797,-0.10757265985012054,-0.10113641619682312,-0.0947001725435257,-0.08826392889022827,-0.08182768523693085,-0.07539144158363342,-0.068955197930336,-0.06251895427703857,-0.05608271062374115,-0.049646466970443726,-0.0432102233171463,-0.03677397966384888,-0.030337736010551453,-0.02390149235725403,-0.017465248703956604,-0.01102900505065918,-0.004592761397361755,0.001843482255935669,0.008279725909233093,0.014715969562530518,0.021152213215827942,0.027588456869125366,0.03402470052242279,0.040460944175720215,0.04689718782901764,0.053333431482315063,0.05976967513561249,0.06620591878890991,0.07264216244220734,0.07907840609550476,0.08551464974880219,0.09195089340209961,0.09838713705539703,0.10482338070869446,0.11125962436199188,0.1176958680152893,0.12413211166858673,0.13056835532188416,0.13700459897518158,0.143440842628479,0.14987708628177643,0.15631332993507385],"_type":"histogram"},"parameters/graph_5fc1.bias":{"bins":[-0.5996423363685608,-0.5789068341255188,-0.5581713318824768,-0.5374358296394348,-0.516700267791748,-0.49596479535102844,-0.47522926330566406,-0.45449376106262207,-0.4337582588195801,-0.4130227565765381,-0.3922872543334961,-0.3715517222881317,-0.3508162200450897,-0.33008071780204773,-0.30934518575668335,-0.28860968351364136,-0.26787418127059937,-0.24713867902755737,-0.22640317678451538,-0.205667644739151,-0.184932142496109,-0.16419664025306702,-0.14346110820770264,-0.12272560596466064,-0.10199010372161865,-0.08125460147857666,-0.06051909923553467,-0.039783596992492676,-0.019048035144805908,0.001687467098236084,0.022422969341278076,0.04315847158432007,0.06389391422271729,0.08462941646575928,0.10536491870880127,0.12610042095184326,0.14683592319488525,0.16757148504257202,0.188306987285614,0.209042489528656,0.229777991771698,0.25051349401474,0.271248996257782,0.29198452830314636,0.31272003054618835,0.33345553278923035,0.3541910648345947,0.3749265670776367,0.3956620693206787,0.4163975715637207,0.4371330738067627,0.4578686058521271,0.47860410809516907,0.49933961033821106,0.5200751423835754,0.5408106446266174,0.5615461468696594,0.5822816491127014,0.6030171513557434,0.6237526535987854,0.6444882154464722,0.6652237176895142,0.6859592199325562,0.7066947221755981,0.7274302244186401],"_type":"histogram","values":[1,0,1,0,0,0,0,1,0,0,0,1,1,0,0,0,0,0,1,0,3,0,0,1,0,1,0,1,0,0,1,1,0,2,1,1,0,2,0,0,1,0,1,1,0,1,0,1,0,0,0,0,1,1,1,0,0,0,0,1,0,1,0,2]},"test_classification_report":"              precision    recall  f1-score   support\n\n           0       1.00      1.00      1.00        91\n           1       0.90      0.97      0.93        98\n           2       0.70      0.57      0.63        93\n           3       0.55      0.49      0.52       101\n           4       0.82      0.91      0.86       109\n           5       0.90      1.00      0.95        88\n\n    accuracy                           0.82       580\n   macro avg       0.81      0.82      0.81       580\nweighted avg       0.81      0.82      0.81       580\n","parameters/graph_5fc3.weight":{"bins":[-3.219906806945801,-3.154616594314575,-3.0893261432647705,-3.024035930633545,-2.9587457180023193,-2.8934552669525146,-2.828165054321289,-2.7628748416900635,-2.697584390640259,-2.632294178009033,-2.5670037269592285,-2.501713514328003,-2.4364233016967773,-2.3711328506469727,-2.305842638015747,-2.2405524253845215,-2.175261974334717,-2.109971761703491,-2.0446815490722656,-1.9793912172317505,-1.9141008853912354,-1.8488106727600098,-1.7835203409194946,-1.7182300090789795,-1.652939796447754,-1.5876494646072388,-1.5223591327667236,-1.4570688009262085,-1.391778588294983,-1.3264882564544678,-1.2611979246139526,-1.1959075927734375,-1.130617380142212,-1.0653271675109863,-1.0000367164611816,-0.9347464442253113,-0.8694561123847961,-0.8041658997535706,-0.7388755679130554,-0.6735852360725403,-0.6082949042320251,-0.5430046916007996,-0.4777143597602844,-0.4124240279197693,-0.3471338152885437,-0.28184348344802856,-0.21655315160751343,-0.15126293897628784,-0.0859726071357727,-0.020682334899902344,0.04460799694061279,0.10989826917648315,0.1751886010169983,0.24047887325286865,0.305769145488739,0.37105947732925415,0.4363497495651245,0.5016400814056396,0.56693035364151,0.6322206258773804,0.6975109577178955,0.7628012299537659,0.8280915021896362,0.8933818340301514,0.9586721062660217],"_type":"histogram","values":[1,0,0,1,0,0,0,1,1,3,1,1,1,0,0,0,0,1,0,1,1,1,2,2,0,1,2,1,0,3,0,4,2,1,2,5,2,2,2,3,0,2,3,0,8,5,7,14,7,10,12,14,14,9,8,7,5,7,6,3,0,0,1,2]},"gradients/graph_5fc2.bias":{"bins":[-0.06293763220310211,-0.05994495376944542,-0.056952279061079025,-0.05395960062742233,-0.05096692219376564,-0.04797424376010895,-0.044981569051742554,-0.04198889061808586,-0.03899621218442917,-0.036003537476062775,-0.03301085904240608,-0.03001818060874939,-0.027025505900382996,-0.024032827466726303,-0.02104014903306961,-0.018047474324703217,-0.015054795891046524,-0.012062117457389832,-0.009069442749023438,-0.006076764315366745,-0.0030840858817100525,-9.141117334365845e-05,0.0029012709856033325,0.0058939456939697266,0.00888662040233612,0.011879302561283112,0.014871977269649506,0.0178646519780159,0.02085733413696289,0.023850008845329285,0.02684268355369568,0.02983536571264267,0.032828040421009064,0.03582071512937546,0.03881339728832245,0.04180607199668884,0.04479874670505524,0.04779142886400223,0.05078410357236862,0.053776778280735016,0.05676946043968201,0.0597621351480484,0.0627548098564148,0.06574749201536179,0.06874016672372818,0.07173284888267517,0.07472552359104156,0.07771819829940796,0.08071087300777435,0.08370355516672134,0.08669622987508774,0.08968891203403473,0.09268158674240112,0.09567426145076752,0.09866693615913391,0.1016596183180809,0.1046522930264473,0.10764497518539429,0.11063764989376068,0.11363032460212708,0.11662300676107407,0.11961568146944046,0.12260835617780685,0.12560103833675385,0.12859371304512024],"_type":"histogram","values":[1,0,0,1,0,0,0,1,0,1,0,0,1,2,1,0,1,1,1,1,0,2,1,2,0,2,2,1,2,3,1,0,0,1,1,0,0,1,0,0,0,0,0,0,0,0,0,0,0,0,0,0,0,0,0,0,0,0,0,0,0,0,0,1]},"val_loss":0.5120796404522041,"epoch":100,"test_accuracy":0.8189655172413793,"gradients/graph_5fc1.weight":{"values":[1,0,0,1,0,0,0,0,0,0,0,0,0,2,0,1,0,2,1,1,2,1,3,6,6,4,14,18,32,23,58,52,27,33,15,17,6,10,3,2,0,1,1,1,1,2,0,0,1,0,1,0,0,0,0,0,1,1,0,0,0,0,0,1],