{"parameters/fc2.bias":{"values":[1,0,0,0,0,0,0,0,0,0,0,0,0,0,0,0,0,0,0,0,0,0,1,0,0,0,0,0,1,0,0,0,0,0,0,0,0,0,0,0,0,0,0,0,1,0,0,0,0,0,0,0,0,1,0,0,0,0,0,0,0,0,0,1],"bins":[-0.027794184163212776,-0.026606781408190727,-0.02541937679052353,-0.02423197403550148,-0.02304457128047943,-0.021857168525457382,-0.020669763907790184,-0.019482361152768135,-0.018294956535100937,-0.017107553780078888,-0.01592015102505684,-0.014732747338712215,-0.013545343652367592,-0.012357940897345543,-0.011170538142323494,-0.009983133524656296,-0.008795730769634247,-0.007608328014612198,-0.006420923396945,-0.005233520641922951,-0.004046117886900902,-0.0028587132692337036,-0.0016713105142116547,-0.0004839077591896057,0.0007034968584775925,0.0018908996134996414,0.0030783023685216904,0.004265705123543739,0.005453107878565788,0.006640514358878136,0.007827917113900185,0.009015319868922234,0.010202720761299133,0.011390123516321182,0.012577526271343231,0.01376492902636528,0.014952335506677628,0.016139738261699677,0.017327141016721725,0.018514543771743774,0.019701946526765823,0.02088935114443302,0.02207675389945507,0.02326415665447712,0.024451561272144318,0.025638964027166367,0.026826366782188416,0.028013771399855614,0.029201174154877663,0.03038857690989971,0.03157598152756691,0.03276338428258896,0.03395078703761101,0.03513818979263306,0.036325596272945404,0.037512995302677155,0.0387004017829895,0.03988780453801155,0.0410752072930336,0.04226261004805565,0.0434500128030777,0.044637419283390045,0.045824822038412094,0.04701222479343414,0.04819962754845619],"_type":"histogram"},"parameters/fc1.weight":{"_type":"histogram","values":[1,0,0,0,0,0,0,5,11,12,16,19,20,12,26,26,27,25,14,38,26,24,33,37,30,28,29,32,32,22,41,27,32,35,28,28,27,34,24,34,28,30,32,29,36,35,46,34,28,35,15,23,24,25,22,20,23,16,15,8,10,9,5,5],"bins":[-0.5392035245895386,-0.5240464210510254,-0.5088893175125122,-0.4937322437763214,-0.4785751700401306,-0.46341806650161743,-0.44826096296310425,-0.43310388922691345,-0.41794681549072266,-0.4027897119522095,-0.3876326084136963,-0.3724755346775055,-0.3573184311389923,-0.3421613574028015,-0.32700425386428833,-0.31184715032577515,-0.29669007658958435,-0.28153297305107117,-0.26637589931488037,-0.2512187957763672,-0.2360617220401764,-0.2209046185016632,-0.2057475447654724,-0.19059044122695923,-0.17543333768844604,-0.16027626395225525,-0.14511916041374207,-0.12996208667755127,-0.11480498313903809,-0.09964790940284729,-0.0844908058643341,-0.06933373212814331,-0.05417662858963013,-0.03901952505111694,-0.023862451314926147,-0.008705347776412964,0.006451725959777832,0.021608829498291016,0.03676590323448181,0.051923006772994995,0.06708008050918579,0.08223718404769897,0.09739428758621216,0.11255136132240295,0.12770846486091614,0.14286553859710693,0.15802264213562012,0.1731797158718109,0.1883368194103241,0.2034939080476761,0.21865099668502808,0.23380808532238007,0.24896517395973206,0.26412227749824524,0.27927935123443604,0.2944364547729492,0.3095935583114624,0.3247506320476532,0.339907705783844,0.3550648093223572,0.37022191286087036,0.38537898659706116,0.40053609013557434,0.41569316387176514,0.4308502674102783]},"test_accuracy":0.6413793103448275,"gradients/fc2.bias":{"bins":[-0.06445379555225372,-0.06241237744688988,-0.06037095934152603,-0.058329541236162186,-0.05628812313079834,-0.054246705025434494,-0.05220528692007065,-0.050163865089416504,-0.04812245070934296,-0.04608102887868881,-0.044039614498615265,-0.04199819266796112,-0.039956774562597275,-0.03791535645723343,-0.03587393835186958,-0.03383252024650574,-0.03179110214114189,-0.029749684035778046,-0.0277082659304142,-0.025666847825050354,-0.023625429719686508,-0.021584011614322662,-0.019542593508958817,-0.01750117540359497,-0.015459753572940826,-0.01341833546757698,-0.011376917362213135,-0.009335499256849289,-0.007294081151485443,-0.005252663046121597,-0.0032112449407577515,-0.001169830560684204,0.0008715912699699402,0.0029130131006240845,0.004954427480697632,0.006995845586061478,0.009037263691425323,0.01107868179678917,0.013120099902153015,0.015161518007516861,0.017202936112880707,0.01924435794353485,0.021285776048898697,0.023327194154262543,0.02536861225962639,0.027410030364990234,0.02945144847035408,0.031492866575717926,0.03353428468108177,0.03557570278644562,0.037617120891809464,0.03965853899717331,0.041699957102537155,0.043741375207901,0.045782797038555145,0.04782421141862869,0.04986563324928284,0.051907047629356384,0.05394846946001053,0.055989887565374374,0.05803130567073822,0.060072723776102066,0.06211414188146591,0.06415555626153946,0.0661969780921936],"_type":"histogram","values":[1,0,0,0,0,0,0,0,0,0,0,0,0,0,0,0,0,0,0,1,0,0,0,0,0,0,1,0,0,0,0,0,0,0,0,0,0,0,1,0,0,1,0,0,0,0,0,0,0,0,0,0,0,0,0,0,0,0,0,0,0,0,0,1]},"_wandb":{"runtime":5},"parameters/fc1.bias":{"values":[1,1,1,0,1,3,2,1,3,0,2,3,2,0,4,4,3,0,0,0,3,0,6,3,5,1,1,5,3,3,5,3,1,2,1,3,4,5,3,2,2,3,2,3,3,4,1,1,1,1,3,1,2,2,2,0,2,1,0,0,1,0,1,2],"bins":[-0.29205745458602905,-0.2803749144077301,-0.26869237422943115,-0.2570098340511322,-0.24532729387283325,-0.2336447536945343,-0.22196219861507416,-0.2102796584367752,-0.19859711825847626,-0.1869145780801773,-0.17523203790187836,-0.1635494977235794,-0.15186694264411926,-0.1401844024658203,-0.12850186228752136,-0.11681932210922241,-0.10513678193092346,-0.09345424175262451,-0.08177170157432556,-0.07008916139602661,-0.05840662121772766,-0.04672406613826752,-0.03504154086112976,-0.02335900068283081,-0.011676430702209473,6.109476089477539e-06,0.011688649654388428,0.023371189832687378,0.03505373001098633,0.04673627018928528,0.05841881036758423,0.07010135054588318,0.08178392052650452,0.09346646070480347,0.10514900088310242,0.11683154106140137,0.12851408123970032,0.14019662141799927,0.15187916159629822,0.16356170177459717,0.17524424195289612,0.18692681193351746,0.1986093521118164,0.21029187738895416,0.2219744324684143,0.23365697264671326,0.2453395128250122,0.25702205300331116,0.2687045931816101,0.28038713335990906,0.292069673538208,0.30375221371650696,0.3154347538948059,0.32711732387542725,0.3387998342514038,0.35048240423202515,0.3621649146080017,0.37384748458862305,0.3855299949645996,0.39721256494522095,0.4088951051235199,0.42057764530181885,0.4322601854801178,0.44394272565841675,0.4556252658367157],"_type":"histogram"},"val_accuracy":0.6616379310344828,"parameters/fc2.weight":{"bins":[-0.2664998173713684,-0.25896432995796204,-0.25142884254455566,-0.2438933402299881,-0.23635785281658173,-0.22882235050201416,-0.2212868630886078,-0.21375137567520142,-0.20621588826179504,-0.19868038594722748,-0.1911448985338211,-0.18360939621925354,-0.17607390880584717,-0.1685384213924408,-0.16100293397903442,-0.15346744656562805,-0.14593194425106049,-0.1383964568376541,-0.13086095452308655,-0.12332546710968018,-0.1157899796962738,-0.10825447738170624,-0.10071898996829987,-0.0931835025548935,-0.08564800024032593,-0.07811251282691956,-0.07057702541351318,-0.06304153800010681,-0.055506035685539246,-0.047970548272132874,-0.0404350608587265,-0.032899558544158936,-0.025364071130752563,-0.01782858371734619,-0.010293081402778625,-0.0027575939893722534,0.004777893424034119,0.012313395738601685,0.019848883152008057,0.02738437056541443,0.0349198579788208,0.04245536029338837,0.04999084770679474,0.05752633512020111,0.06506183743476868,0.07259732484817505,0.08013281226158142,0.08766831457614899,0.09520380198955536,0.10273929685354233,0.1102747842669487,0.11781027913093567,0.12534576654434204,0.1328812539577484,0.14041675627231598,0.14795224368572235,0.15548774600028992,0.1630232334136963,0.17055872082710266,0.17809420824050903,0.1856297105550766,0.19316519796848297,0.20070068538188934,0.2082361876964569,0.21577167510986328],"_type":"histogram","values":[1,2,0,1,0,4,10,2,5,9,6,7,7,11,10,11,8,15,12,15,10,18,18,17,14,13,17,12,24,25,15,11,23,27,16,22,24,22,19,21,23,13,30,16,19,20,11,15,20,18,11,13,4,15,9,9,4,2,4,1,2,3,0,2]},