{"gradients/fc2.bias":{"_type":"histogram","values":[1,1,0,0,0,0,0,0,0,0,0,0,0,0,1,0,2,3,2,1,2,0,1,2,4,1,8,4,7,9,7,27,7,5,7,3,4,2,2,3,1,2,2,1,1,0,1,0,1,0,1,1,0,0,0,0,0,0,0,0,0,0,0,1],"bins":[-0.024171561002731323,-0.023412615060806274,-0.022653669118881226,-0.021894723176956177,-0.021135779097676277,-0.02037683315575123,-0.01961788721382618,-0.01885894127190113,-0.018099995329976082,-0.017341051250696182,-0.016582105308771133,-0.015823159366846085,-0.015064213424921036,-0.014305267482995987,-0.013546321541070938,-0.012787376530468464,-0.012028430588543415,-0.011269484646618366,-0.010510539636015892,-0.009751593694090843,-0.008992647752165794,-0.008233701810240746,-0.007474755868315697,-0.006715811789035797,-0.005956865847110748,-0.0051979199051856995,-0.004438973963260651,-0.003680028021335602,-0.002921082079410553,-0.0021621380001306534,-0.0014031920582056046,-0.0006442461162805557,0.0001146998256444931,0.0008736457675695419,0.0016325917094945908,0.0023915376514196396,0.003150481730699539,0.003909427672624588,0.004668373614549637,0.005427319556474686,0.0061862654983997345,0.006945211440324783,0.007704155519604683,0.008463101461529732,0.00922204740345478,0.00998099334537983,0.010739939287304878,0.011498884297907352,0.012257830239832401,0.01301677618175745,0.013775721192359924,0.014534667134284973,0.015293613076210022,0.01605255901813507,0.01681150496006012,0.01757045090198517,0.018329394981265068,0.019088340923190117,0.019847286865115166,0.020606232807040215,0.021365178748965263,0.022124122828245163,0.022883068770170212,0.02364201471209526,0.02440096065402031]},"parameters/fc2.weight":{"bins":[-0.55158531665802,-0.5368582010269165,-0.522131085395813,-0.5074039697647095,-0.49267688393592834,-0.47794976830482483,-0.4632226526737213,-0.4484955370426178,-0.43376845121383667,-0.41904133558273315,-0.40431421995162964,-0.3895871043205261,-0.3748599886894226,-0.3601328730583191,-0.3454057574272156,-0.33067867159843445,-0.31595155596733093,-0.3012244403362274,-0.2864973247051239,-0.2717702388763428,-0.25704312324523926,-0.24231600761413574,-0.22758889198303223,-0.2128617763519287,-0.1981346607208252,-0.18340757489204407,-0.16868045926094055,-0.15395334362983704,-0.13922622799873352,-0.12449911236763,-0.10977202653884888,-0.09504491090774536,-0.08031776547431946,-0.06559064984321594,-0.05086353421211243,-0.0361364483833313,-0.021409332752227783,-0.006682217121124268,0.008044898509979248,0.022772014141082764,0.03749909996986389,0.05222621560096741,0.06695333123207092,0.08168044686317444,0.09640756249427795,0.11113467812538147,0.1258617639541626,0.1405888795852661,0.15531599521636963,0.17004311084747314,0.18477021157741547,0.19949732720851898,0.2142244279384613,0.22895154356956482,0.24367865920066833,0.25840574502944946,0.273132860660553,0.2878599762916565,0.30258709192276,0.3173142075538635,0.33204132318496704,0.34676843881607056,0.3614955246448517,0.3762226402759552,0.3909497559070587],"_type":"histogram","values":[1,0,0,2,0,4,0,4,1,3,3,5,5,4,8,12,17,22,24,22,41,59,59,60,77,141,147,192,237,324,467,697,777,854,980,1022,1104,1079,1100,1106,1027,990,854,665,573,442,360,261,164,133,72,58,41,17,21,13,11,10,4,2,1,2,0,3]},"_wandb":{"runtime":4},"epoch":100,"val_loss":1.440061370531718,"test_classification_report":"              precision    recall  f1-score   support\n\n           0       1.00      0.00      0.00         6\n           1       0.00      0.00      0.00        96\n           2       0.29      0.32      0.31        99\n           3       0.13      0.46      0.20        26\n           4       0.08      1.00      0.14         2\n\n    accuracy                           0.20       229\n   macro avg       0.30      0.36      0.13       229\nweighted avg       0.17      0.20      0.16       229\n","parameters/fc3.weight":{"values":[3,0,1,0,0,1,0,0,2,3,0,1,2,1,5,3,7,7,9,4,6,14,8,14,15,16,17,19,25,14,26,44,35,44,33,52,54,43,44,45,42,21,27,17,9,7,4,2,2,5,1,4,2,2,2,1,1,0,1,0,0,0,0,1],"bins":[-0.6822219491004944,-0.6627930998802185,-0.6433642506599426,-0.623935341835022,-0.6045064926147461,-0.5850776433944702,-0.5656487941741943,-0.5462199449539185,-0.5267910957336426,-0.5073621869087219,-0.48793333768844604,-0.46850448846817017,-0.4490756392478943,-0.429646760225296,-0.41021791100502014,-0.3907890319824219,-0.371360182762146,-0.3519313335418701,-0.33250245451927185,-0.31307360529899597,-0.2936447262763977,-0.2742158770561218,-0.25478702783584595,-0.23535814881324768,-0.2159292995929718,-0.19650045037269592,-0.17707157135009766,-0.15764272212982178,-0.1382138729095459,-0.11878502368927002,-0.09935611486434937,-0.07992726564407349,-0.06049835681915283,-0.04106950759887695,-0.021640658378601074,-0.00221174955368042,0.01721709966659546,0.03664594888687134,0.05607479810714722,0.07550367712974548,0.09493252635002136,0.11436137557029724,0.1337902545928955,0.1532191038131714,0.17264795303344727,0.19207683205604553,0.2115056812763214,0.23093456029891968,0.25036340951919556,0.26979225873947144,0.2892211377620697,0.3086499869823456,0.32807886600494385,0.3475077152252197,0.3669365644454956,0.3863654136657715,0.40579429268836975,0.425223171710968,0.4446520209312439,0.4640808701515198,0.48350971937179565,0.5029385685920715,0.5223674774169922,0.5417963266372681,0.561225175857544],"_type":"histogram"},"test_confusion_matrix":[[0,0,4,2,0],[0,0,74,21,1],[0,1,32,57,9],[0,0,0,12,14],[0,0,0,0,2]],"test_accuracy":0.20087336244541484,"parameters/fc1.weight":{"values":[2,1,0,6,2,0,8,8,9,13,18,17,18,17,25,18,32,29,23,31,27,24,30,33,35,33,40,28,24,29,32,36,19,30,34,39,25,43,27,35,26,28,28,47,30,40,39,35,33,28,39,28,19,27,10,18,10,9,6,3,3,1,0,1],"bins":[-0.5576075315475464,-0.5411282777786255,-0.5246490240097046,-0.5081697702407837,-0.4916905462741852,-0.47521132230758667,-0.45873206853866577,-0.4422528147697449,-0.425773561000824,-0.40929433703422546,-0.39281508326530457,-0.37633585929870605,-0.35985660552978516,-0.34337735176086426,-0.32689809799194336,-0.31041884422302246,-0.29393962025642395,-0.27746036648750305,-0.26098114252090454,-0.24450188875198364,-0.22802263498306274,-0.21154341101646423,-0.19506415724754333,-0.17858490347862244,-0.16210567951202393,-0.14562642574310303,-0.12914717197418213,-0.11266791820526123,-0.09618869423866272,-0.07970944046974182,-0.06323018670082092,-0.04675096273422241,-0.0302717387676239,-0.013792484998703003,0.002686738967895508,0.019165992736816406,0.035645246505737305,0.052124470472335815,0.06860372424125671,0.08508297801017761,0.10156223177909851,0.11804145574569702,0.13452070951461792,0.15099996328353882,0.16747918725013733,0.18395844101905823,0.20043769478797913,0.21691691875457764,0.23339617252349854,0.24987541139125824,0.26635468006134033,0.28283390402793884,0.29931315779685974,0.31579238176345825,0.33227163553237915,0.34875088930130005,0.36523014307022095,0.38170936703681946,0.39818862080574036,0.41466784477233887,0.43114709854125977,0.44762635231018066,0.46410560607910156,0.4805848300457001,0.49706408381462097],"_type":"histogram"},"_timestamp":1.7328859610771835e+09,"_runtime":4.0817404,"_step":100,"gradients/fc3.weight":{"_type":"histogram","values":[1,0,0,0,0,0,0,0,0,0,0,0,0,2,0,2,1,1,7,3,6,6,14,16,28,24,24,22,21,19,26,240,86,44,33,19,26,20,16,10,13,11,10,6,3,1,3,1,0,0,0,1,0,1,0,0,0,0,0,0,0,0,0,1],