{"val_loss":1.0504030287265778,"parameters/graph_1fc1.weight":{"bins":[-0.628727912902832,-0.6114380359649658,-0.5941480994224548,-0.5768582224845886,-0.5595682859420776,-0.5422784090042114,-0.5249884724617004,-0.5076985955238342,-0.49040868878364563,-0.47311878204345703,-0.45582887530326843,-0.43853896856307983,-0.4212490916252136,-0.40395915508270264,-0.3866692781448364,-0.3693793714046478,-0.35208946466445923,-0.33479955792427063,-0.31750965118408203,-0.30021974444389343,-0.28292983770370483,-0.2656399607658386,-0.24835005402565002,-0.23106014728546143,-0.21377024054527283,-0.19648033380508423,-0.17919042706489563,-0.16190052032470703,-0.14461064338684082,-0.12732070684432983,-0.11003082990646362,-0.09274089336395264,-0.07545101642608643,-0.058161139488220215,-0.04087120294570923,-0.023581326007843018,-0.006291389465332031,0.01099848747253418,0.02828839421272278,0.04557830095291138,0.06286820769309998,0.08015811443328857,0.09744802117347717,0.11473792791366577,0.13202780485153198,0.14931771159172058,0.16660761833190918,0.18389752507209778,0.20118743181228638,0.21847733855247498,0.23576724529266357,0.2530571222305298,0.27034705877304077,0.287636935710907,0.3049268424510956,0.3222167491912842,0.3395066559314728,0.3567965626716614,0.37408646941185,0.3913763761520386,0.4086662530899048,0.4259561598300934,0.443246066570282,0.4605359733104706,0.4778258800506592],"_type":"histogram","values":[1,0,1,2,2,1,2,1,3,1,0,0,2,0,5,4,3,5,5,3,5,5,8,7,10,7,7,6,8,6,11,10,7,8,11,9,12,12,20,6,11,14,12,3,6,7,8,13,11,8,13,4,1,3,7,5,3,1,1,0,1,1,0,3]},"_step":100,"parameters/graph_1fc3.weight":{"_type":"histogram","values":[1,0,1,0,0,0,0,0,0,1,1,0,0,0,0,3,0,0,1,1,1,0,1,1,1,1,2,2,2,3,1,1,2,1,2,3,2,1,3,5,3,4,3,4,2,2,2,10,3,7,6,9,8,7,8,18,15,4,9,9,6,8,0,1],"bins":[-1.1023544073104858,-1.0812313556671143,-1.0601083040237427,-1.0389851331710815,-1.01786208152771,-0.9967390298843384,-0.975615918636322,-0.9544928669929504,-0.9333697557449341,-0.9122467041015625,-0.8911235928535461,-0.8700005412101746,-0.8488774299621582,-0.8277543783187866,-0.806631326675415,-0.7855082154273987,-0.7643851041793823,-0.7432620525360107,-0.7221390008926392,-0.7010158896446228,-0.6798927783966064,-0.6587697267532349,-0.6376466751098633,-0.6165235638618469,-0.5954005122184753,-0.574277400970459,-0.5531543493270874,-0.532031238079071,-0.5109081864356995,-0.4897850751876831,-0.4686620235443115,-0.44753891229629517,-0.42641592025756836,-0.4052928686141968,-0.3841697573661804,-0.36304670572280884,-0.3419235944747925,-0.3208005428314209,-0.29967743158340454,-0.27855437994003296,-0.2574312686920166,-0.23630820214748383,-0.21518512070178986,-0.1940620392560959,-0.17293895781040192,-0.15181587636470795,-0.13069279491901398,-0.10956971347332001,-0.08844663202762604,-0.06732355058193207,-0.0462004691362381,-0.02507738769054413,-0.003954306244850159,0.017168760299682617,0.03829184174537659,0.05941492319107056,0.08053800463676453,0.1016610860824585,0.12278416752815247,0.14390724897384644,0.1650303304195404,0.18615341186523438,0.20727647840976715,0.22839955985546112,0.2495226413011551]},"gradients/graph_1fc2.bias":{"_type":"histogram","values":[2,0,0,0,0,0,0,0,1,1,1,0,1,0,1,0,2,0,0,0,0,3,0,0,1,0,2,1,1,2,0,0,0,3,0,0,0,1,2,1,0,0,0,0,2,1,0,0,0,0,0,0,0,1,0,0,0,0,0,1,0,0,0,1],"bins":[-0.046035416424274445,-0.04444974288344383,-0.04286407306790352,-0.041278399527072906,-0.03969272971153259,-0.03810705617070198,-0.03652138262987137,-0.034935712814331055,-0.03335003927350044,-0.03176436573266983,-0.030178695917129517,-0.028593022376298904,-0.02700735069811344,-0.02542167901992798,-0.023836005479097366,-0.022250333800911903,-0.02066466212272644,-0.019078990444540977,-0.017493318766355515,-0.015907645225524902,-0.014321975409984589,-0.012736301869153976,-0.011150628328323364,-0.00956495851278305,-0.007979284971952438,-0.006393611431121826,-0.0048079416155815125,-0.0032222680747509003,-0.001636594533920288,-5.0924718379974365e-05,0.0015347488224506378,0.0031204186379909515,0.004706088453531265,0.0062917619943618774,0.007877431809902191,0.009463105350732803,0.011048775166273117,0.01263444870710373,0.014220122247934341,0.015805792063474655,0.017391465604305267,0.01897713914513588,0.020562808960676193,0.022148482501506805,0.023734156042337418,0.02531982585787773,0.026905499398708344,0.028491171076893806,0.03007684275507927,0.03166251629590988,0.033248186111450195,0.03483385965228081,0.03641953319311142,0.03800520300865173,0.039590876549482346,0.04117655009031296,0.04276221990585327,0.044347889721393585,0.0459335632622242,0.04751923680305481,0.04910490661859512,0.050690580159425735,0.05227625370025635,0.05386192351579666,0.055447597056627274]},"gradients/graph_1fc3.bias":{"_type":"histogram","values":[1,0,0,0,0,0,0,0,0,0,0,0,0,0,0,0,0,0,0,0,0,0,0,0,0,0,0,0,0,0,0,0,0,0,0,0,0,0,0,0,1,1,1,0,0,0,1,0,0,0,0,0,0,0,0,0,0,0,0,0,0,0,0,1],"bins":[-0.17827433347702026,-0.17372460663318634,-0.16917487978935242,-0.1646251529455185,-0.16007542610168457,-0.15552571415901184,-0.15097598731517792,-0.146426260471344,-0.14187653362751007,-0.13732680678367615,-0.13277707993984222,-0.1282273530960083,-0.12367763370275497,-0.11912790685892105,-0.11457818746566772,-0.1100284606218338,-0.10547873377799988,-0.10092900693416595,-0.09637928009033203,-0.0918295606970787,-0.08727983385324478,-0.08273010700941086,-0.07818038761615753,-0.07363066077232361,-0.06908093392848969,-0.06453120708465576,-0.05998148024082184,-0.05543176084756851,-0.050882041454315186,-0.04633231461048126,-0.04178258776664734,-0.037232860922813416,-0.032683148980140686,-0.028133422136306763,-0.02358369529247284,-0.019033968448638916,-0.014484241604804993,-0.009934522211551666,-0.00538480281829834,-0.0008350759744644165,0.003714650869369507,0.00826437771320343,0.012814104557037354,0.01736382395029068,0.021913550794124603,0.026463277637958527,0.031012997031211853,0.035562723875045776,0.0401124507188797,0.04466217756271362,0.049211904406547546,0.05376162379980087,0.058311350643634796,0.06286107748746872,0.06741079688072205,0.07196052372455597,0.07651025056838989,0.08105997741222382,0.08560970425605774,0.09015942364931107,0.09470915049314499,0.09925887733697891,0.10380859673023224,0.10835832357406616,0.11290805041790009]},"_runtime":7.7077444,"parameters/graph_1fc3.bias":{"values":[1,0,0,1,0,0,0,0,0,1,0,0,0,0,0,0,0,0,0,0,0,0,0,0,0,0,0,0,0,0,0,0,0,0,0,0,0,1,0,0,0,0,0,0,0,0,0,0,0,0,0,0,0,0,1,0,0,0,0,0,0,0,0,1],"bins":[-0.6277809739112854,-0.6128098368644714,-0.5978386998176575,-0.5828675627708435,-0.5678964257240295,-0.5529252886772156,-0.5379541516304016,-0.5229830145835876,-0.5080118775367737,-0.49304071068763733,-0.47806957364082336,-0.4630984365940094,-0.44812729954719543,-0.43315616250038147,-0.4181849956512451,-0.40321385860443115,-0.3882427215576172,-0.3732715845108032,-0.35830044746398926,-0.3433293104171753,-0.32835817337036133,-0.31338703632354736,-0.2984158992767334,-0.28344476222991943,-0.26847362518310547,-0.2535024881362915,-0.23853135108947754,-0.2235601842403412,-0.20858904719352722,-0.19361791014671326,-0.1786467730998993,-0.16367563605308533,-0.14870449900627136,-0.1337333619594574,-0.11876222491264343,-0.10379108786582947,-0.0888199508190155,-0.07384881377220154,-0.058877646923065186,-0.04390650987625122,-0.028935372829437256,-0.013964235782623291,0.0010069012641906738,0.01597803831100464,0.030949175357818604,0.04592031240463257,0.06089144945144653,0.0758625864982605,0.09083373844623566,0.10580487549304962,0.12077601253986359,0.13574716448783875,0.1507183015346527,0.16568943858146667,0.18066057562828064,0.1956317126750946,0.21060284972190857,0.22557398676872253,0.2405451387166977,0.25551629066467285,0.2704874277114868,0.2854585647583008,0.30042970180511475,0.3154008388519287,0.3303719758987427],"_type":"histogram"},"_wandb":{"runtime":7},"gradients/graph_1fc3.weight":{"values":[1,0,1,0,0,0,0,2,1,1,0,0,0,0,1,1,0,2,2,0,3,1,0,1,3,4,3,0,4,3,2,2,5,54,26,18,7,7,9,4,6,6,0,0,3,1,0,0,0,3,1,1,0,0,0,0,1,0,0,1,0,0,0,1],