{"gradients/graph_2fc2.weight":{"values":[3,0,2,2,4,1,2,4,10,14,12,16,15,20,34,41,78,133,232,119,68,56,34,18,22,14,11,12,11,9,7,3,2,1,4,1,1,1,0,1,1,2,0,0,0,0,0,1,0,0,0,0,1,0,0,0,0,0,0,0,0,0,0,1],"bins":[-0.05733819678425789,-0.054268814623355865,-0.051199428737163544,-0.04813004657626152,-0.0450606644153595,-0.041991282254457474,-0.03892190009355545,-0.03585251420736313,-0.032783132046461105,-0.029713749885559082,-0.02664436586201191,-0.023574981838464737,-0.020505599677562714,-0.01743621751666069,-0.014366831630468369,-0.011297449469566345,-0.008228067308664322,-0.005158685147762299,-0.0020893029868602753,0.0009800828993320465,0.00404946506023407,0.007118847221136093,0.010188233107328415,0.01325761154294014,0.01632699742913246,0.019396383315324783,0.022465761750936508,0.02553514763712883,0.02860453352332115,0.03167391195893288,0.0347432978451252,0.03781267628073692,0.04088206589221954,0.043951451778411865,0.04702083021402359,0.05009021610021591,0.05315959453582764,0.05622898042201996,0.05929836630821228,0.062367744743824005,0.06543713063001633,0.06850651651620865,0.07157589495182037,0.0746452808380127,0.07771466672420502,0.08078404515981674,0.08385343104600906,0.08692280948162079,0.08999219536781311,0.09306158125400543,0.09613095968961716,0.09920034557580948,0.1022697240114212,0.10533910989761353,0.10840849578380585,0.11147788166999817,0.1145472601056099,0.11761663854122162,0.12068602442741394,0.12375541031360626,0.12682479619979858,0.1298941820859909,0.13296355307102203,0.13603293895721436,0.13910232484340668],"_type":"histogram"},"_step":100,"parameters/graph_2fc2.weight":{"bins":[-1.7403634786605835,-1.695700764656067,-1.6510381698608398,-1.6063754558563232,-1.5617127418518066,-1.51705002784729,-1.472387433052063,-1.4277247190475464,-1.3830621242523193,-1.3383994102478027,-1.2937366962432861,-1.2490739822387695,-1.2044113874435425,-1.1597486734390259,-1.1150860786437988,-1.0704233646392822,-1.0257606506347656,-0.9810979962348938,-0.9364352822303772,-0.8917726278305054,-0.8471099138259888,-0.8024472594261169,-0.7577846050262451,-0.7131218910217285,-0.6684592962265015,-0.6237965822219849,-0.5791338682174683,-0.5344711542129517,-0.4898085594177246,-0.445145845413208,-0.4004831314086914,-0.35582053661346436,-0.31115782260894775,-0.26649510860443115,-0.2218325138092041,-0.1771697998046875,-0.1325070858001709,-0.08784449100494385,-0.043181777000427246,0.0014809370040893555,0.04614365100860596,0.09080624580383301,0.1354689598083496,0.18013161420822144,0.22479426860809326,0.26945698261260986,0.3141196370124817,0.3587823510169983,0.4034450054168701,0.44810765981674194,0.49277037382125854,0.5374330282211304,0.582095742225647,0.6267583966255188,0.6714210510253906,0.7160837650299072,0.760746419429779,0.8054090738296509,0.8500717878341675,0.8947344422340393,0.9393970966339111,0.9840598106384277,1.0287225246429443,1.0733851194381714,1.118047833442688],"_type":"histogram","values":[1,0,0,0,0,0,1,0,0,2,0,1,1,0,0,0,3,0,2,0,1,1,2,4,5,11,7,14,10,26,24,31,29,34,37,37,59,57,57,53,58,44,46,55,55,55,39,37,29,16,19,11,12,11,9,7,2,2,1,0,4,0,0,2]},"gradients/graph_2fc2.bias":{"values":[2,1,0,0,0,0,0,0,1,0,0,1,2,2,0,0,1,1,0,1,2,0,0,1,1,0,0,0,0,2,0,0,0,1,0,0,0,1,0,0,1,3,0,1,1,2,1,0,0,0,0,1,0,0,1,0,0,0,0,0,0,0,0,1],"bins":[-0.018021149560809135,-0.017402170225977898,-0.01678318902850151,-0.016164209693670273,-0.015545230358839035,-0.014926250092685223,-0.01430726982653141,-0.013688290491700172,-0.01306931022554636,-0.012450329959392548,-0.01183135062456131,-0.011212370358407497,-0.010593390092253685,-0.009974410757422447,-0.009355430491268635,-0.008736451156437397,-0.008117470890283585,-0.007498490624129772,-0.006879511289298534,-0.006260531023144722,-0.005641551688313484,-0.005022571422159672,-0.004403591156005859,-0.0037846118211746216,-0.003165631555020809,-0.0025466512888669968,-0.001927671954035759,-0.0013086926192045212,-0.0006897114217281342,-7.073208689689636e-05,0.0005482472479343414,0.0011672284454107285,0.0017862096428871155,0.0024051889777183533,0.0030241701751947403,0.003643149510025978,0.004262128844857216,0.004881110042333603,0.005500089377164841,0.0061190687119960785,0.006738048978149891,0.007357029244303703,0.007976008579134941,0.008594988845288754,0.009213969111442566,0.009832948446273804,0.010451928712427616,0.011070908047258854,0.011689888313412666,0.012308868579566479,0.012927847914397717,0.013546828180551529,0.014165807515382767,0.014784787781536579,0.015403768047690392,0.01602274738252163,0.016641728579998016,0.017260707914829254,0.017879687249660492,0.01849866658449173,0.019117647781968117,0.019736627116799355,0.020355606451630592,0.02097458764910698,0.021593566983938217],"_type":"histogram"},"train_accuracy":0.8797195253505933,"gradients/graph_2fc3.bias":{"_type":"histogram","values":[1,0,0,0,0,0,0,0,0,0,0,0,0,0,0,0,0,0,0,0,0,0,0,0,0,0,0,0,0,0,1,0,0,1,0,0,1,0,0,0,0,1,0,0,0,0,0,0,0,0,0,0,0,0,0,0,0,0,0,0,0,0,0,1],"bins":[-0.0378851555287838,-0.036776963621377945,-0.03566877171397209,-0.03456057980656624,-0.033452387899160385,-0.03234419599175453,-0.03123600222170353,-0.030127810314297676,-0.029019618406891823,-0.02791142649948597,-0.026803234592080116,-0.025695040822029114,-0.02458684891462326,-0.023478657007217407,-0.022370465099811554,-0.0212622731924057,-0.020154081284999847,-0.019045889377593994,-0.01793769747018814,-0.016829505562782288,-0.015721313655376434,-0.014613119885325432,-0.013504927977919579,-0.012396736070513725,-0.011288544163107872,-0.010180352255702019,-0.009072160348296165,-0.007963968440890312,-0.00685577467083931,-0.005747582763433456,-0.004639390856027603,-0.00353119894862175,-0.002423010766506195,-0.0013148188591003418,-0.00020662695169448853,0.0009015649557113647,0.002009756863117218,0.0031179506331682205,0.004226142540574074,0.005334334447979927,0.00644252635538578,0.007550718262791634,0.008658910170197487,0.00976710207760334,0.010875295847654343,0.011983487755060196,0.01309167966246605,0.014199871569871902,0.015308063477277756,0.01641625538468361,0.017524447292089462,0.018632639199495316,0.01974083110690117,0.020849023014307022,0.021957216784358025,0.023065408691763878,0.02417360059916973,0.025281792506575584,0.026389984413981438,0.02749817818403244,0.028606370091438293,0.029714561998844147,0.03082275390625,0.03193094581365585,0.03303913772106171]},"parameters/graph_2fc1.weight":{"values":[1,0,0,0,0,0,0,0,0,2,0,0,0,1,3,1,4,1,4,3,6,2,7,3,8,12,9,11,11,4,5,10,10,19,15,12,10,11,12,13,16,12,6,12,9,9,14,12,9,6,4,8,1,4,7,5,1,2,0,1,1,0,1,2],"bins":[-1.4596889019012451,-1.4211636781692505,-1.3826384544372559,-1.3441132307052612,-1.3055880069732666,-1.2670626640319824,-1.2285375595092773,-1.1900122165679932,-1.1514869928359985,-1.112961769104004,-1.0744365453720093,-1.0359113216400146,-0.99738609790802,-0.9588608741760254,-0.920335590839386,-0.8818103671073914,-0.8432851433753967,-0.8047599196434021,-0.7662346959114075,-0.7277094125747681,-0.6891841888427734,-0.6506589651107788,-0.6121337413787842,-0.5736085176467896,-0.5350832939147949,-0.4965580105781555,-0.45803284645080566,-0.4195075035095215,-0.38098227977752686,-0.3424570560455322,-0.3039318323135376,-0.26540660858154297,-0.22688138484954834,-0.1883561611175537,-0.14983093738555908,-0.11130571365356445,-0.07278048992156982,-0.034255266189575195,0.004270076751708984,0.04279524087905884,0.08132052421569824,0.11984574794769287,0.1583709716796875,0.19689619541168213,0.23542141914367676,0.2739466428756714,0.3124719262123108,0.3509971499443054,0.38952237367630005,0.4280475974082947,0.4665728211402893,0.5050981044769287,0.5436233282089233,0.582148551940918,0.6206737756729126,0.6591989994049072,0.6977242231369019,0.7362494468688965,0.7747747302055359,0.8132999539375305,0.8518251776695251,0.8903504610061646,0.9288756847381592,0.9674009084701538,1.0059261322021484],"_type":"histogram"},"test_confusion_matrix":[[91,0,0,0,0,0],[0,97,1,0,0,0],[3,8,56,26,0,0],[1,8,16,45,24,7],[0,0,1,8,98,2],[0,0,0,0,0,88]],