{"gradients/graph_8fc1.weight":{"values":[1,0,0,1,1,0,1,2,0,0,0,0,1,1,1,2,1,0,0,1,0,1,1,0,2,3,2,5,7,6,13,22,28,27,38,44,25,21,23,13,10,7,4,5,7,1,7,4,2,4,2,0,2,0,0,0,1,0,0,0,0,1,0,1],"bins":[-0.05102039873600006,-0.049578361213207245,-0.04813631996512413,-0.046694282442331314,-0.0452522449195385,-0.04381020367145538,-0.04236816614866257,-0.04092612862586975,-0.039484091103076935,-0.03804204985499382,-0.036600012332201004,-0.03515797108411789,-0.03371593356132507,-0.03227389603853226,-0.03083185665309429,-0.029389819130301476,-0.02794777974486351,-0.026505740359425545,-0.02506370283663273,-0.023621663451194763,-0.022179625928401947,-0.02073758654296398,-0.019295547157526016,-0.0178535096347332,-0.016411468386650085,-0.01496943086385727,-0.013527393341064453,-0.012085355818271637,-0.010643314570188522,-0.009201277047395706,-0.00775923952460289,-0.006317198276519775,-0.004875164479017258,-0.0034331269562244415,-0.001991085708141327,-0.0005490481853485107,0.0008929893374443054,0.00233503058552742,0.003777068108320236,0.005219105631113052,0.0066611431539058685,0.008103184401988983,0.0095452219247818,0.010987261310219765,0.01242930069565773,0.013871338218450546,0.015313377603888512,0.016755415126681328,0.018197454512119293,0.01963949389755726,0.021081531420350075,0.02252357080578804,0.023965608328580856,0.02540764771401882,0.026849687099456787,0.028291724622249603,0.02973376400768757,0.031175803393125534,0.03261784091591835,0.034059882164001465,0.03550191968679428,0.0369439572095871,0.03838599473237991,0.03982803598046303,0.041270073503255844],"_type":"histogram"},"_step":100,"gradients/graph_8fc1.bias":{"bins":[-0.02566138654947281,-0.025110319256782532,-0.024559251964092255,-0.024008186534047127,-0.02345711924135685,-0.022906051948666573,-0.022354984655976295,-0.02180391736328602,-0.02125285193324089,-0.020701784640550613,-0.020150717347860336,-0.01959965005517006,-0.019048582762479782,-0.018497515469789505,-0.017946448177099228,-0.0173953827470541,-0.016844315454363823,-0.016293248161673546,-0.015742182731628418,-0.015191114507615566,-0.014640048146247864,-0.014088980853557587,-0.01353791356086731,-0.012986847199499607,-0.01243577990680933,-0.011884712614119053,-0.01133364625275135,-0.010782578960061073,-0.010231511667370796,-0.009680444374680519,-0.009129378944635391,-0.008578311651945114,-0.008027243427932262,-0.007476176135241985,-0.006925108842551708,-0.00637404341250658,-0.005822976119816303,-0.005271908827126026,-0.004720841534435749,-0.004169775173068047,-0.0036187078803777695,-0.0030676405876874924,-0.00251657422631979,-0.001965506933629513,-0.0014144396409392357,-0.0008633732795715332,-0.0003123059868812561,0.00023876037448644638,0.0007898276671767235,0.0013408949598670006,0.001891961321234703,0.00244302861392498,0.00299409544095397,0.0035451622679829597,0.004096229560673237,0.004647296387702227,0.005198363214731216,0.005749430041760206,0.006300496868789196,0.006851564161479473,0.007402630988508463,0.007953697815537453,0.00850476510822773,0.009055831469595432,0.00960689876228571],"_type":"histogram","values":[1,0,0,0,0,1,0,1,1,0,0,0,0,0,0,1,1,0,0,1,0,1,0,0,0,0,1,0,0,0,0,1,0,0,2,2,0,0,0,2,1,2,1,0,3,5,1,0,0,2,0,0,0,0,0,0,0,0,0,0,0,0,0,1]},"val_accuracy":0.45689655172413796,"gradients/graph_8fc2.bias":{"_type":"histogram","values":[1,0,0,0,0,0,1,0,0,0,0,0,0,0,0,0,0,1,0,0,1,0,0,1,2,0,0,1,4,0,1,1,0,2,0,0,1,1,1,0,0,3,0,0,1,3,1,0,0,1,1,1,0,0,0,0,0,0,0,0,0,1,0,1],"bins":[-0.05234924703836441,-0.05109897628426552,-0.049848705530166626,-0.048598434776067734,-0.04734816402196884,-0.04609789326786995,-0.04484762251377106,-0.043597351759672165,-0.04234708100557327,-0.04109681025147438,-0.03984653949737549,-0.038596268743276596,-0.037345997989177704,-0.03609572723507881,-0.03484545648097992,-0.03359518572688103,-0.032344914972782135,-0.031094644218683243,-0.02984437346458435,-0.02859410271048546,-0.027343831956386566,-0.026093561202287674,-0.024843290448188782,-0.02359301969408989,-0.022342748939990997,-0.021092478185892105,-0.019842207431793213,-0.01859193667769432,-0.01734166592359543,-0.016091395169496536,-0.014841124415397644,-0.013590853661298752,-0.012340579181909561,-0.011090308427810669,-0.009840037673711777,-0.008589766919612885,-0.007339496165513992,-0.0060892254114151,-0.004838954657316208,-0.0035886839032173157,-0.0023384131491184235,-0.0010881423950195312,0.00016212835907936096,0.0014123991131782532,0.0026626698672771454,0.003912940621376038,0.00516321137547493,0.006413482129573822,0.007663752883672714,0.008914023637771606,0.010164294391870499,0.011414565145969391,0.012664835900068283,0.013915106654167175,0.015165377408266068,0.01641564816236496,0.017665918916463852,0.018916189670562744,0.020166460424661636,0.02141673117876053,0.02266700193285942,0.023917272686958313,0.025167543441057205,0.026417814195156097,0.02766808494925499]},"train_loss":1.5903433211918534,"gradients/graph_8fc2.weight":{"values":[1,0,0,0,0,0,1,0,0,0,2,1,0,1,1,4,4,3,3,3,4,3,3,5,6,6,10,8,13,13,14,24,23,24,23,44,36,30,60,57,62,183,65,56,40,39,28,24,24,21,13,7,8,5,5,4,3,1,2,1,1,0,0,2],"bins":[-0.043961361050605774,-0.04290035739541054,-0.0418393537402153,-0.040778350085020065,-0.03971734642982483,-0.03865634277462959,-0.03759533911943436,-0.03653433546423912,-0.035473331809043884,-0.03441232815384865,-0.03335132449865341,-0.032290320843458176,-0.03122931718826294,-0.030168313533067703,-0.029107309877872467,-0.02804630622267723,-0.026985302567481995,-0.02592429891228676,-0.024863295257091522,-0.023802291601896286,-0.02274128794670105,-0.021680284291505814,-0.020619280636310577,-0.01955827698111534,-0.018497273325920105,-0.01743626967072487,-0.016375266015529633,-0.015314262360334396,-0.01425325870513916,-0.013192255049943924,-0.012131251394748688,-0.011070247739553452,-0.010009244084358215,-0.008948240429162979,-0.007887236773967743,-0.006826233118772507,-0.0057652294635772705,-0.004704225808382034,-0.003643222153186798,-0.002582218497991562,-0.0015212148427963257,-0.0004602111876010895,0.0006007924675941467,0.001661796122789383,0.002722799777984619,0.0037838034331798553,0.0048448070883750916,0.005905810743570328,0.006966814398765564,0.0080278180539608,0.009088821709156036,0.010149825364351273,0.011210829019546509,0.012271832674741745,0.013332836329936981,0.014393839985132217,0.015454843640327454,0.01651584729552269,0.017576850950717926,0.018637854605913162,0.0196988582611084,0.020759861916303635,0.02182086557149887,0.022881869226694107,0.023942872881889343],"_type":"histogram"},"parameters/graph_8fc1.weight":{"_type":"histogram","values":[1,2,2,5,8,4,6,8,4,6,7,1,8,4,3,9,5,8,5,8,4,2,11,7,7,4,5,6,7,10,10,5,3,7,3,11,4,4,7,7,6,6,6,9,5,6,5,11,7,4,4,10,1,9,6,7,7,3,2,6,0,1,1,2],"bins":[-0.34443768858909607,-0.3335895240306854,-0.3227413594722748,-0.31189319491386414,-0.3010450303554535,-0.29019686579704285,-0.2793487012386322,-0.26850053668022156,-0.2576523721218109,-0.24680420756340027,-0.23595604300498962,-0.22510787844657898,-0.21425971388816833,-0.2034115493297577,-0.19256338477134705,-0.1817152202129364,-0.17086705565452576,-0.1600188910961151,-0.14917072653770447,-0.13832256197929382,-0.12747439742088318,-0.11662623286247253,-0.10577806830406189,-0.09492990374565125,-0.0840817391872406,-0.07323357462882996,-0.06238541007041931,-0.05153724551200867,-0.04068908095359802,-0.029840916395187378,-0.018992751836776733,-0.008144587278366089,0.002703547477722168,0.013551712036132812,0.024399876594543457,0.0352480411529541,0.046096205711364746,0.05694437026977539,0.06779253482818604,0.07864069938659668,0.08948886394500732,0.10033702850341797,0.11118519306182861,0.12203335762023926,0.1328815221786499,0.14372968673706055,0.1545778512954712,0.16542601585388184,0.17627418041229248,0.18712234497070312,0.19797050952911377,0.20881867408752441,0.21966683864593506,0.2305150032043457,0.24136316776275635,0.252211332321167,0.26305949687957764,0.2739076614379883,0.2847558259963989,0.29560399055480957,0.3064521551132202,0.31730031967163086,0.3281484842300415,0.33899664878845215,0.3498448133468628]},