{"test_accuracy":0.6396551724137931,"train_accuracy":0.6618122977346278,"parameters/graph_1fc2.bias":{"values":[1,0,0,0,0,0,0,0,0,1,0,0,0,0,0,0,0,0,0,0,0,0,0,0,0,1,0,0,0,0,0,0,0,0,0,0,0,0,0,0,0,0,0,0,0,0,0,0,0,0,0,1,0,0,0,1,0,0,0,0,0,0,0,1],"bins":[-0.1956135630607605,-0.19093206524848938,-0.18625056743621826,-0.18156908452510834,-0.17688758671283722,-0.1722060889005661,-0.16752459108829498,-0.16284309327602386,-0.15816161036491394,-0.15348011255264282,-0.1487986147403717,-0.14411711692810059,-0.13943561911582947,-0.13475412130355835,-0.13007262349128723,-0.1253911405801773,-0.12070964276790619,-0.11602814495563507,-0.11134665459394455,-0.10666515678167343,-0.10198366641998291,-0.09730216860771179,-0.09262067079544067,-0.08793918043375015,-0.08325768262147903,-0.07857618480920792,-0.0738946944475174,-0.06921319663524628,-0.06453169882297516,-0.05985020101070404,-0.055168718099594116,-0.050487220287323,-0.045805707573890686,-0.04112420976161957,-0.03644271194934845,-0.031761229038238525,-0.027079731225967407,-0.02239823341369629,-0.01771673560142517,-0.01303524523973465,-0.008353747427463531,-0.0036722496151924133,0.001009240746498108,0.005690738558769226,0.010372236371040344,0.015053726732730865,0.019735224545001984,0.024416714906692505,0.029098212718963623,0.03377971053123474,0.03846120089292526,0.04314269870519638,0.0478241927921772,0.05250568687915802,0.05718718469142914,0.06186867877840996,0.06655017286539078,0.0712316632270813,0.07591316103935242,0.08059465885162354,0.08527615666389465,0.08995764702558517,0.09463914483785629,0.09932063519954681,0.10400213301181793],"_type":"histogram"},"gradients/graph_1fc1.bias":{"values":[1,0,0,0,1,0,0,1,1,0,0,0,0,1,1,1,0,1,0,1,1,1,0,1,1,5,2,1,0,3,1,1,1,0,0,1,0,0,0,1,0,0,1,0,0,0,1,0,0,0,0,0,0,0,0,0,0,0,0,0,0,0,0,1],"bins":[-0.03282151743769646,-0.03141174092888832,-0.030001962557435036,-0.02859218418598175,-0.027182405814528465,-0.02577262744307518,-0.024362850934267044,-0.02295307256281376,-0.021543294191360474,-0.020133517682552338,-0.018723739311099052,-0.017313960939645767,-0.01590418443083763,-0.014494406059384346,-0.01308462768793106,-0.011674851179122925,-0.01026507280766964,-0.008855294436216354,-0.007445517927408218,-0.006035739555954933,-0.004625961184501648,-0.003216184675693512,-0.0018064063042402267,-0.00039662793278694153,0.0010131485760211945,0.002422928810119629,0.003832705318927765,0.005242481827735901,0.006652262061834335,0.008062038570642471,0.009471815079450607,0.010881595313549042,0.012291371822357178,0.013701148331165314,0.015110928565263748,0.016520705074071884,0.01793048158288002,0.019340261816978455,0.02075003832578659,0.022159814834594727,0.02356959506869316,0.024979371577501297,0.026389149948954582,0.027798928320407867,0.029208704829216003,0.03061848320066929,0.032028261572122574,0.03343803808093071,0.034847818315029144,0.03625759482383728,0.037667371332645416,0.03907714784145355,0.04048692807555199,0.04189670458436012,0.04330648481845856,0.04471626132726669,0.04612603783607483,0.047535814344882965,0.0489455945789814,0.050355371087789536,0.05176515132188797,0.053174927830696106,0.05458470433950424,0.055994484573602676,0.05740426108241081],"_type":"histogram"},"gradients/graph_1fc1.weight":{"values":[1,0,0,0,0,0,0,0,0,0,1,0,0,1,1,1,2,2,0,0,1,0,3,6,7,6,10,8,10,10,17,21,24,28,41,38,21,17,20,15,8,3,6,4,4,1,5,0,2,2,0,2,0,0,2,0,0,0,0,0,0,0,0,1],"bins":[-0.08853743970394135,-0.08596295863389969,-0.08338847756385803,-0.08081399649381638,-0.07823951542377472,-0.07566503435373306,-0.0730905532836914,-0.07051606476306915,-0.0679415911436081,-0.06536710262298584,-0.06279262900352478,-0.06021814048290253,-0.05764365941286087,-0.055069178342819214,-0.05249469727277756,-0.0499202162027359,-0.047345735132694244,-0.04477125406265259,-0.04219677299261093,-0.039622291922569275,-0.03704781085252762,-0.03447332605719566,-0.03189884498715401,-0.02932436391711235,-0.026749882847070694,-0.02417539805173874,-0.021600916981697083,-0.019026435911655426,-0.01645195484161377,-0.013877473771572113,-0.011302992701530457,-0.0087285116314888,-0.006154023110866547,-0.00357954204082489,-0.0010050609707832336,0.0015694200992584229,0.004143901169300079,0.006718382239341736,0.009292863309383392,0.011867344379425049,0.014441829174757004,0.01701631024479866,0.019590791314840317,0.022165272384881973,0.024739757180213928,0.027314238250255585,0.02988871932029724,0.0324632003903389,0.035037681460380554,0.03761216253042221,0.04018664360046387,0.042761124670505524,0.04533560574054718,0.04791008681058884,0.05048457160592079,0.05305905267596245,0.055633533746004105,0.05820801481604576,0.06078249588608742,0.06335698068141937,0.06593146175146103,0.06850594282150269,0.07108042389154434,0.073654904961586,0.07622938603162766],"_type":"histogram"},"parameters/graph_1fc1.bias":{"_type":"histogram","values":[1,0,0,0,1,0,0,0,1,1,0,0,0,1,1,1,1,2,0,0,1,1,0,0,5,1,0,2,0,0,0,0,0,1,0,0,0,0,0,0,2,1,0,2,0,2,0,0,0,0,0,0,0,0,0,0,2,0,0,0,0,0,0,2],"bins":[-0.10343235731124878,-0.0919245034456253,-0.08041664212942123,-0.06890878826379776,-0.05740093067288399,-0.045893073081970215,-0.03438521921634674,-0.02287735790014267,-0.011369504034519196,0.00013834983110427856,0.01164621114730835,0.023154065012931824,0.0346619188785553,0.04616977274417877,0.05767764151096344,0.06918549537658691,0.08069334924221039,0.09220120310783386,0.10370905697345734,0.115216925740242,0.12672477960586548,0.13823263347148895,0.14974048733711243,0.1612483561038971,0.17275619506835938,0.18426406383514404,0.19577190279960632,0.207279771566391,0.21878764033317566,0.23029547929763794,0.2418033480644226,0.2533111870288849,0.26481905579566956,0.2763269245624542,0.2878347635269165,0.29934263229370117,0.31085047125816345,0.3223583400249481,0.3338662087917328,0.34537404775619507,0.35688191652297974,0.368389755487442,0.3798976242542267,0.39140546321868896,0.40291333198547363,0.4144212007522583,0.42592906951904297,0.43743690848350525,0.44894474744796753,0.4604526162147522,0.47196048498153687,0.48346835374832153,0.4949761927127838,0.5064840316772461,0.5179919004440308,0.5294997692108154,0.5410076379776001,0.55251544713974,0.5640233159065247,0.5755311846733093,0.587039053440094,0.5985469222068787,0.6100547313690186,0.6215626001358032,0.6330704689025879]},"_step":100,"gradients/graph_1fc2.bias":{"_type":"histogram","values":[1,0,0,0,0,0,0,0,0,0,0,0,0,0,0,0,0,0,0,0,0,0,0,0,0,1,0,0,0,0,1,0,0,0,1,0,0,0,0,0,0,0,1,0,0,0,0,0,0,0,0,0,0,0,0,0,0,0,0,0,0,0,0,1],"bins":[-0.0714201107621193,-0.06924857199192047,-0.06707702577114105,-0.06490548700094223,-0.06273394823074341,-0.060562409460544586,-0.058390866965055466,-0.056219324469566345,-0.05404778569936752,-0.0518762469291687,-0.04970470443367958,-0.04753316193819046,-0.04536162316799164,-0.043190084397792816,-0.041018541902303696,-0.038846999406814575,-0.03667546063661575,-0.03450392186641693,-0.03233237937092781,-0.03016083687543869,-0.027989298105239868,-0.025817759335041046,-0.023646216839551926,-0.021474674344062805,-0.019303135573863983,-0.01713159680366516,-0.01496005430817604,-0.01278851181268692,-0.010616973042488098,-0.008445434272289276,-0.006273888051509857,-0.004102349281311035,-0.0019308105111122131,0.0002407282590866089,0.002412267029285431,0.00458381325006485,0.006755352020263672,0.008926890790462494,0.011098433285951614,0.013269975781440735,0.015441514551639557,0.01761305332183838,0.0197845958173275,0.02195613831281662,0.024127677083015442,0.026299215853214264,0.028470758348703384,0.030642300844192505,0.03281383961439133,0.03498537838459015,0.03715692088007927,0.03932846337556839,0.04150000214576721,0.043671540915966034,0.045843083411455154,0.048014625906944275,0.0501861646771431,0.05235770344734192,0.05452924594283104,0.05670078843832016,0.05887232720851898,0.061043865978717804,0.06321540474891663,0.06538695096969604,0.06755848973989487]},"_runtime":14.1390244,"parameters/graph_1fc1.weight":{"_type":"histogram",