{"gradients/graph_7fc2.bias":{"_type":"histogram","values":[1,0,0,0,0,0,1,0,1,0,0,0,1,2,1,0,0,2,0,1,0,1,3,3,2,2,3,1,2,1,1,2,2,0,3,2,4,1,3,1,2,1,4,2,2,0,1,0,1,0,0,0,0,0,2,0,1,0,0,0,0,0,0,1],"bins":[-0.02499079704284668,-0.024187413975596428,-0.023384029045701027,-0.022580645978450775,-0.021777262911200523,-0.02097387984395027,-0.02017049491405487,-0.01936711184680462,-0.018563728779554367,-0.017760343849658966,-0.016956960782408714,-0.016153577715158463,-0.015350192785263062,-0.01454680971801281,-0.013743425719439983,-0.012940042652189732,-0.012136658653616905,-0.011333274655044079,-0.010529891587793827,-0.009726507589221,-0.008923124521970749,-0.008119739592075348,-0.007316356524825096,-0.006512973457574844,-0.005709588527679443,-0.004906205460429192,-0.00410282239317894,-0.003299439325928688,-0.002496054396033287,-0.0016926713287830353,-0.0008892882615327835,-8.590333163738251e-05,0.0007174797356128693,0.001520862802863121,0.002324247732758522,0.003127630800008774,0.003931013867259026,0.004734398797154427,0.005537781864404678,0.00634116493165493,0.007144547998905182,0.007947932928800583,0.008751315996050835,0.009554699063301086,0.010358083993196487,0.01116146706044674,0.011964851059019566,0.012768234126269817,0.013571618124842644,0.01437500212341547,0.015178385190665722,0.01598176918923855,0.0167851522564888,0.0175885371863842,0.018391920253634453,0.019195303320884705,0.019998688250780106,0.020802071318030357,0.02160545438528061,0.02240883931517601,0.023212222382426262,0.024015605449676514,0.024818988516926765,0.025622373446822166,0.026425756514072418]},"parameters/graph_7fc3.weight":{"_type":"histogram","values":[2,0,1,1,2,3,2,2,0,0,6,8,4,2,2,5,7,6,4,3,7,3,7,8,6,6,9,13,6,5,15,18,13,35,34,27,25,19,15,14,14,8,4,1,2,3,2,1,0,1,0,0,0,1,0,0,0,0,0,0,1,0,0,1],"bins":[-1.5959384441375732,-1.5473167896270752,-1.4986950159072876,-1.4500732421875,-1.401451587677002,-1.352829933166504,-1.3042081594467163,-1.2555863857269287,-1.2069647312164307,-1.1583430767059326,-1.109721302986145,-1.0610995292663574,-1.0124778747558594,-0.9638561606407166,-0.9152344465255737,-0.8666127324104309,-0.8179910182952881,-0.7693693041801453,-0.7207475900650024,-0.6721258759498596,-0.6235041618347168,-0.5748825073242188,-0.5262607336044312,-0.47763895988464355,-0.4290173053741455,-0.38039565086364746,-0.33177387714385986,-0.28315210342407227,-0.23453044891357422,-0.18590879440307617,-0.13728702068328857,-0.08866524696350098,-0.04004359245300293,0.008578062057495117,0.057199835777282715,0.10582160949707031,0.15444326400756836,0.2030649185180664,0.251686692237854,0.3003084659576416,0.34893012046813965,0.3975517749786377,0.4461735486984253,0.4947953224182129,0.5434169769287109,0.5920386910438538,0.6406604051589966,0.6892821192741394,0.7379038333892822,0.786525547504425,0.8351472616195679,0.8837689757347107,0.9323906898498535,0.9810124039649963,1.0296341180801392,1.0782558917999268,1.1268775463104248,1.1754992008209229,1.2241209745407104,1.272742748260498,1.321364402770996,1.3699860572814941,1.4186078310012817,1.4672296047210693,1.5158512592315674]},"test_confusion_matrix":[[91,0,0,0,0,0],[0,97,0,1,0,0],[0,4,64,25,0,0],[0,5,13,57,20,6],[0,0,1,4,102,2],[0,0,0,0,0,88]],"gradients/graph_7fc3.bias":{"_type":"histogram","values":[1,0,0,0,0,0,0,0,1,0,1,0,0,0,1,0,0,0,0,1,0,0,0,0,0,0,0,0,0,0,0,0,0,0,0,0,0,0,0,0,0,0,0,0,0,0,0,0,0,0,0,0,0,0,0,0,0,0,0,0,0,0,0,1],"bins":[-0.020299401134252548,-0.019250424578785896,-0.018201448023319244,-0.017152469605207443,-0.01610349304974079,-0.01505451649427414,-0.014005539938807487,-0.012956563383340836,-0.011907585896551609,-0.010858609341084957,-0.00980963185429573,-0.008760655298829079,-0.007711678743362427,-0.0066627012565732,-0.005613724701106548,-0.004564747214317322,-0.00351577065885067,-0.002466794103384018,-0.001417817547917366,-0.0003688391298055649,0.000680137425661087,0.001729113981127739,0.002778090536594391,0.003827067092061043,0.004876043647527695,0.005925022065639496,0.006973998621106148,0.0080229751765728,0.009071951732039452,0.010120928287506104,0.011169906705617905,0.012218881398439407,0.013267859816551208,0.01431683823466301,0.015365812927484512,0.016414791345596313,0.017463767901062965,0.018512744456529617,0.01956172101199627,0.02061069756746292,0.021659675985574722,0.022708652541041374,0.023757629096508026,0.024806605651974678,0.02585558220744133,0.026904558762907982,0.027953537181019783,0.029002513736486435,0.030051490291953087,0.03110046684741974,0.03214944526553154,0.03319841995835304,0.034247398376464844,0.035296373069286346,0.03634535148739815,0.03739432990550995,0.03844330459833145,0.03949228301644325,0.040541261434555054,0.041590236127376556,0.04263921454548836,0.04368818923830986,0.04473716765642166,0.045786142349243164,0.046835120767354965]},"test_accuracy":0.8603448275862069,"parameters/graph_7fc2.weight":{"_type":"histogram","values":[1,1,0,1,1,1,1,1,3,2,3,6,2,1,9,4,4,10,5,14,16,13,25,30,30,37,51,55,59,67,96,109,144,172,187,211,232,252,240,256,228,236,240,194,168,140,127,105,86,60,40,41,20,18,6,12,4,10,3,1,2,2,0,1],"bins":[-1.2052251100540161,-1.1731836795806885,-1.1411423683166504,-1.1091009378433228,-1.0770595073699951,-1.045018196105957,-1.0129767656326294,-0.9809353351593018,-0.9488939642906189,-0.916852593421936,-0.8848111629486084,-0.8527697920799255,-0.8207284212112427,-0.788686990737915,-0.7566456198692322,-0.7246042490005493,-0.6925628185272217,-0.6605214476585388,-0.6284800171852112,-0.5964386463165283,-0.5643972158432007,-0.5323558449745178,-0.500314474105835,-0.4682730436325073,-0.43623167276382446,-0.4041903018951416,-0.37214887142181396,-0.3401075005531311,-0.30806612968444824,-0.2760246992111206,-0.24398332834243774,-0.2119418978691101,-0.17990058660507202,-0.14785921573638916,-0.11581778526306152,-0.08377641439437866,-0.051734983921051025,-0.019693613052368164,0.012347757816314697,0.044389188289642334,0.0764305591583252,0.10847193002700806,0.1405133605003357,0.17255473136901855,0.20459610223770142,0.23663753271102905,0.2686789035797119,0.30072033405303955,0.3327617049217224,0.36480310559272766,0.3968445062637329,0.42888587713241577,0.460927277803421,0.49296867847442627,0.5250100493431091,0.557051420211792,0.5890928506851196,0.6211342811584473,0.6531756520271301,0.685217022895813,0.7172584533691406,0.7492998242378235,0.7813411951065063,0.813382625579834,0.8454239964485168]},"parameters/graph_7fc2.bias":{"_type":"histogram","values":[1,0,0,0,0,0,0,1,0,0,0,0,0,0,0,0,0,0,0,0,0,0,1,0,0,1,0,3,2,3,1,1,3,0,5,2,3,2,0,3,2,0,1,2,2,1,2,5,2,1,4,2,3,1,0,1,0,0,0,0,1,0,1,1],"bins":[-0.34822261333465576,-0.3376636505126953,-0.32710468769073486,-0.3165457248687744,-0.30598679184913635,-0.2954278290271759,-0.28486886620521545,-0.274309903383255,-0.26375094056129456,-0.2531920075416565,-0.24263302981853485,-0.2320740818977356,-0.22151511907577515,-0.2109561562538147,-0.20039719343185425,-0.189838245511055,-0.17927928268909454,-0.1687203198671341,-0.15816137194633484,-0.1476024091243744,-0.13704344630241394,-0.12648449838161469,-0.11592553555965424,-0.10536657273769379,-0.09480762481689453,-0.08424866199493408,-0.07368969917297363,-0.06313073635101318,-0.052571773529052734,-0.04201284050941467,-0.031453877687454224,-0.020894914865493774,-0.010335952043533325,0.00022301077842712402,0.010781973600387573,0.021340936422348022,0.031899869441986084,0.04245883226394653,0.05301779508590698,0.06357675790786743,0.07413572072982788,0.08469466865062714,0.09525363147258759,0.10581259429454803,0.11637154221534729,0.12693050503730774,0.1374894678592682,0.14804841578006744,0.1586073786020279,0.16916634142398834,0.1797252893447876,0.19028425216674805,0.2008432149887085,0.21140217781066895,0.2219611257314682,0.23252008855342865,0.2430790364742279,0.25363799929618835,0.2641969621181488,0.27475592494010925,0.2853148877620697,0.29587382078170776,0.3064327836036682,0.31699174642562866,0.3275507092475891]},