{"_timestamp":1.7328949939710386e+09,"val_loss":0.35695212533076603,"test_classification_report":"              precision    recall  f1-score   support\n\n           0       1.00      1.00      1.00        91\n           1       0.92      1.00      0.96        98\n           2       0.70      0.80      0.75        93\n           3       0.69      0.40      0.50       101\n           4       0.80      0.95      0.87       109\n           5       0.99      1.00      0.99        88\n\n    accuracy                           0.85       580\n   macro avg       0.85      0.86      0.85       580\nweighted avg       0.85      0.85      0.84       580\n","_step":250,"gradients/graph_5fc2.weight":{"bins":[-0.06474775820970535,-0.061885375529527664,-0.059022992849349976,-0.056160613894462585,-0.0532982274889946,-0.05043584853410721,-0.04757346585392952,-0.04471108317375183,-0.04184870049357414,-0.038986317813396454,-0.036123935133218765,-0.03326155245304108,-0.030399173498153687,-0.027536790817975998,-0.02467440813779831,-0.02181202545762062,-0.018949642777442932,-0.016087260097265244,-0.013224877417087555,-0.010362494736909866,-0.007500112056732178,-0.004637733101844788,-0.0017753466963768005,0.0010870322585105896,0.00394941121339798,0.006811797618865967,0.009674176573753357,0.012536562979221344,0.015398941934108734,0.01826132833957672,0.02112370729446411,0.0239860936999321,0.02684847265481949,0.02971085160970688,0.032573238015174866,0.035435616970062256,0.03829800337553024,0.04116038233041763,0.04402276873588562,0.04688514769077301,0.049747534096241,0.05260991305112839,0.05547229200601578,0.058334678411483765,0.061197057366371155,0.06405943632125854,0.06692182272672653,0.06978420913219452,0.07264658808708191,0.0755089670419693,0.07837135344743729,0.08123373985290527,0.08409611880779266,0.08695849776268005,0.08982087671756744,0.09268326312303543,0.09554564952850342,0.09840802848339081,0.1012704074382782,0.10413279384374619,0.10699517279863358,0.10985755920410156,0.11271993815898895,0.11558232456445694,0.11844470351934433],"_type":"histogram","values":[1,1,0,0,0,1,4,5,1,6,3,9,15,14,21,23,37,54,68,125,241,585,13877,562,215,129,93,63,48,28,25,35,14,17,15,6,4,8,11,3,4,2,1,2,2,3,0,0,0,0,0,1,1,0,0,0,0,0,0,0,0,0,0,1]},"parameters/graph_5fc2.weight":{"bins":[-1.2043437957763672,-1.1633892059326172,-1.1224344968795776,-1.081479787826538,-1.040525197982788,-0.9995705485343933,-0.9586158990859985,-0.9176612496376038,-0.876706600189209,-0.8357519507408142,-0.7947973012924194,-0.7538426518440247,-0.7128880023956299,-0.6719333529472351,-0.6309787034988403,-0.5900240540504456,-0.5490694046020508,-0.508114755153656,-0.46716010570526123,-0.42620545625686646,-0.3852508068084717,-0.3442961573600769,-0.30334150791168213,-0.26238685846328735,-0.22143220901489258,-0.18047761917114258,-0.13952291011810303,-0.09856820106506348,-0.05761361122131348,-0.016659021377563477,0.024295687675476074,0.06525039672851562,0.10620498657226562,0.14715957641601562,0.18811428546905518,0.22906899452209473,0.2700235843658447,0.3109781742095947,0.3519328832626343,0.39288759231567383,0.43384218215942383,0.4747968316078186,0.5157514810562134,0.5567061305046082,0.5976607799530029,0.6386154294013977,0.6795700788497925,0.7205247282981873,0.761479377746582,0.8024340271949768,0.8433886766433716,0.8843433260917664,0.9252979755401611,0.9662526249885559,1.0072072744369507,1.0481619834899902,1.0891165733337402,1.1300711631774902,1.1710258722305298,1.2119805812835693,1.2529351711273193,1.2938897609710693,1.3348444700241089,1.3757991790771484,1.4167537689208984],"_type":"histogram","values":[1,1,2,2,5,11,9,13,22,30,49,52,60,73,84,103,126,156,176,199,256,303,314,395,526,656,925,1281,1882,2388,1941,1307,855,550,354,228,180,132,93,101,83,93,65,56,49,47,34,26,22,12,16,11,8,3,7,4,1,2,1,1,1,0,0,1]},"test_accuracy":0.853448275862069,"epoch":250,"gradients/graph_5fc1.weight":{"values":[2,0,0,0,1,0,1,0,0,0,2,0,1,1,1,0,0,0,2,0,0,4,6,8,7,7,11,8,14,17,33,66,73,115,239,330,158,95,56,49,23,21,9,7,12,6,5,2,3,3,0,3,0,2,1,1,0,0,1,0,0,0,0,2],"bins":[-0.16503377258777618,-0.16033850610256195,-0.15564323961734772,-0.15094797313213348,-0.14625270664691925,-0.14155744016170502,-0.13686217367649078,-0.13216690719127655,-0.12747164070606232,-0.12277637422084808,-0.11808110773563385,-0.11338584125041962,-0.10869058221578598,-0.10399531573057175,-0.09930004924535751,-0.09460478276014328,-0.08990951627492905,-0.08521424978971481,-0.08051898330450058,-0.07582371681928635,-0.07112845033407211,-0.06643318384885788,-0.061737917363643646,-0.05704265087842941,-0.052347391843795776,-0.04765212535858154,-0.04295685887336731,-0.038261592388153076,-0.03356632590293884,-0.02887105941772461,-0.024175792932510376,-0.019480526447296143,-0.01478525996208191,-0.010089993476867676,-0.005394726991653442,-0.000699460506439209,0.003995805978775024,0.008691072463989258,0.013386338949203491,0.018081605434417725,0.022776871919631958,0.027472130954265594,0.03216739743947983,0.03686266392469406,0.041557930409908295,0.04625319689512253,0.05094846338033676,0.055643729865550995,0.06033899635076523,0.06503426283597946,0.0697295293211937,0.07442479580640793,0.07912006229162216,0.0838153213262558,0.08851058781147003,0.09320585429668427,0.0979011207818985,0.10259638726711273,0.10729165375232697,0.1119869202375412,0.11668218672275543,0.12137745320796967,0.1260727196931839,0.13076798617839813,0.13546325266361237],"_type":"histogram"},"test_confusion_matrix":[[91,0,0,0,0,0],[0,98,0,0,0,0],[0,4,74,15,0,0],[0,5,29,40,26,1],[0,0,2,3,104,0],[0,0,0,0,0,88]],"gradients/graph_5fc1.bias":{"bins":[-0.07743553817272186,-0.07377471774816513,-0.0701138898730278,-0.06645306944847107,-0.06279224157333374,-0.05913142114877701,-0.05547059699892998,-0.05180977284908295,-0.048148948699235916,-0.044488124549388885,-0.040827300399541855,-0.037166476249694824,-0.03350565582513809,-0.02984483167529106,-0.02618400752544403,-0.022523183375597,-0.01886235922574997,-0.015201535075902939,-0.011540710926055908,-0.007879890501499176,-0.004219062626361847,-0.0005582422018051147,0.0031025856733322144,0.0067634060978889465,0.010424226522445679,0.014085054397583008,0.01774587482213974,0.02140670269727707,0.0250675231218338,0.02872835099697113,0.03238917142152786,0.03604999929666519,0.039710819721221924,0.043371640145778656,0.047032468020915985,0.05069328844547272,0.054354116320610046,0.05801493674516678,0.06167576462030411,0.06533658504486084,0.06899741291999817,0.0726582333445549,0.07631905376911163,0.07997988164424896,0.0836407020688057,0.08730152994394302,0.09096235036849976,0.09462317824363708,0.09828399866819382,0.10194481909275055,0.10560564696788788,0.10926647484302521,0.11292729526758194,0.11658811569213867,0.120248943567276,0.12390976399183273,0.12757058441638947,0.1312314122915268,0.13489224016666412,0.13855305314064026,0.1422138810157776,0.14587470889091492,0.14953553676605225,0.15319634974002838,0.1568571776151657],"_type":"histogram","values":[1,1,0,0,0,0,0,0,1,2,0,3,2,1,6,5,4,4,6,16,12,15,10,9,4,2,6,4,2,0,2,1,2,1,0,1,0,0,0,1,2,0,0,0,0,0,0,0,0,0,0,0,0,0,0,0,0,0,0,1,0,0,0,1]},"parameters/graph_5fc1.bias":{"values":[3,0,0,1,0,2,0,0,6,3,1,2,4,0,1,5,2,1,1,2,4,5,3,4,2,1,1,4,3,3,3,5,2,4,5,4,4,2,2,1,5,1,3,2,3,3,0,0,2,1,2,0,1,3,2,0,0,1,0,0,1,0,0,2],