{"parameters/graph_2fc3.weight":{"_type":"histogram","values":[1,0,0,0,2,4,1,1,2,0,2,3,4,4,1,4,5,6,6,7,2,6,2,2,3,1,2,4,6,3,4,7,4,4,5,3,4,4,1,8,5,5,3,2,5,2,3,2,6,4,4,1,2,3,3,2,4,0,1,1,1,2,1,2],"bins":[-0.3337261974811554,-0.3242063522338867,-0.31468650698661804,-0.30516666173934937,-0.2956468164920807,-0.286126971244812,-0.27660712599754333,-0.26708728075027466,-0.257567435503006,-0.2480475902557373,-0.23852774500846863,-0.22900789976119995,-0.21948806941509247,-0.2099682241678238,-0.20044837892055511,-0.19092853367328644,-0.18140868842601776,-0.17188884317874908,-0.1623689979314804,-0.15284915268421173,-0.14332930743694305,-0.13380946218967438,-0.1242896169424057,-0.11476977169513702,-0.10524994134902954,-0.09573009610176086,-0.08621025085449219,-0.07669040560722351,-0.06717056035995483,-0.05765071511268616,-0.04813086986541748,-0.038611024618148804,-0.029091179370880127,-0.01957133412361145,-0.010051488876342773,-0.0005316436290740967,0.00898820161819458,0.018508046865463257,0.028027892112731934,0.03754773736000061,0.04706758260726929,0.05658741295337677,0.06610725820064545,0.07562710344791412,0.0851469486951828,0.09466679394245148,0.10418663918972015,0.11370648443698883,0.12322632968425751,0.13274617493152618,0.14226602017879486,0.15178586542606354,0.16130571067333221,0.1708255410194397,0.18034538626670837,0.18986523151397705,0.19938507676124573,0.2089049220085144,0.21842476725578308,0.22794461250305176,0.23746445775032043,0.2469843029975891,0.2565041482448578,0.26602399349212646,0.27554383873939514]},"gradients/graph_2fc3.bias":{"values":[1,0,0,0,0,0,0,0,0,0,0,0,0,0,0,0,0,0,0,0,0,1,0,1,0,0,0,0,0,0,0,0,0,0,0,0,1,0,0,0,0,1,0,0,0,0,0,0,0,0,0,0,0,0,0,0,0,0,0,0,0,0,0,1],"bins":[-0.07723012566566467,-0.07474885880947113,-0.07226758450269699,-0.06978631019592285,-0.06730504333972931,-0.06482377648353577,-0.06234250217676163,-0.059861231595277786,-0.057379961013793945,-0.054898690432310104,-0.05241741985082626,-0.04993614926934242,-0.04745487868785858,-0.04497360810637474,-0.0424923375248909,-0.04001106694340706,-0.03752979636192322,-0.03504852578043938,-0.032567255198955536,-0.030085984617471695,-0.027604714035987854,-0.025123443454504013,-0.022642172873020172,-0.02016090229153633,-0.01767963171005249,-0.01519836112856865,-0.012717090547084808,-0.010235816240310669,-0.0077545493841171265,-0.005273282527923584,-0.0027920082211494446,-0.0003107339143753052,0.0021705403923988342,0.004651807248592377,0.007133081555366516,0.009614355862140656,0.012095622718334198,0.01457688957452774,0.01705816388130188,0.01953943446278572,0.022020705044269562,0.024501975625753403,0.026983246207237244,0.029464516788721085,0.031945787370204926,0.034427057951688766,0.03690832853317261,0.03938959911465645,0.04187086969614029,0.04435214027762413,0.04683341085910797,0.04931468144059181,0.05179595202207565,0.054277222603559494,0.056758493185043335,0.059239763766527176,0.06172103434801102,0.06420230865478516,0.0666835755109787,0.06916484236717224,0.07164611667394638,0.07412739098072052,0.07660865783691406,0.0790899246931076,0.08157119899988174],"_type":"histogram"},"_step":99,"_timestamp":1.7328855678998613e+09,"_wandb":{"runtime":4},"epoch":100,"parameters/graph_2fc2.bias":{"_type":"histogram","values":[1,0,0,1,0,0,2,0,1,0,0,0,0,0,0,1,0,0,0,0,1,1,2,1,0,0,1,0,2,2,0,2,0,1,0,1,0,0,0,1,0,1,0,1,1,0,0,0,0,0,3,0,0,0,0,0,1,0,2,0,0,1,0,1],"bins":[-0.1615390032529831,-0.15563713014125824,-0.14973527193069458,-0.14383339881896973,-0.13793152570724487,-0.13202965259552002,-0.12612777948379517,-0.1202259212732315,-0.11432404816150665,-0.1084221750497818,-0.10252030938863754,-0.09661844372749329,-0.09071657061576843,-0.08481469750404358,-0.07891283184289932,-0.07301096618175507,-0.06710909307003021,-0.06120721995830536,-0.0553053542971611,-0.049403488636016846,-0.04350161552429199,-0.03759974241256714,-0.03169788420200348,-0.025796011090278625,-0.019894137978553772,-0.013992264866828918,-0.008090391755104065,-0.0021885335445404053,0.0037133395671844482,0.009615212678909302,0.015517070889472961,0.021418944001197815,0.02732081711292267,0.03322269022464752,0.039124563336372375,0.045026421546936035,0.05092829465866089,0.05683016777038574,0.0627320259809494,0.06863389909267426,0.07453577220439911,0.08043764531612396,0.08633951842784882,0.09224137663841248,0.09814324975013733,0.10404512286186218,0.10994698852300644,0.1158488541841507,0.12175072729587555,0.1276526004076004,0.13355445861816406,0.13945633172988892,0.14535820484161377,0.15126007795333862,0.15716195106506348,0.16306380927562714,0.168965682387352,0.17486755549907684,0.1807694137096405,0.18667128682136536,0.1925731599330902,0.19847503304481506,0.20437690615653992,0.21027876436710358,0.21618063747882843]},"gradients/graph_2fc1.weight":{"bins":[-0.044478435069322586,-0.04284614697098732,-0.041213858872652054,-0.03958157077431679,-0.03794928267598152,-0.036316994577646255,-0.03468470647931099,-0.03305241838097572,-0.03142013028264046,-0.02978784218430519,-0.028155554085969925,-0.02652326598763466,-0.024890977889299393,-0.023258689790964127,-0.02162640169262886,-0.019994113594293594,-0.018361825495958328,-0.016729537397623062,-0.015097249299287796,-0.01346496120095253,-0.011832673102617264,-0.010200385004281998,-0.008568096905946732,-0.0069358088076114655,-0.005303520709276199,-0.0036712326109409332,-0.002038944512605667,-0.000406656414270401,0.0012256316840648651,0.0028579197824001312,0.004490207880735397,0.0061224959790706635,0.007754787802696228,0.009387075901031494,0.01101936399936676,0.012651652097702026,0.014283940196037292,0.01591622829437256,0.017548516392707825,0.01918080449104309,0.020813092589378357,0.022445380687713623,0.02407766878604889,0.025709956884384155,0.02734224498271942,0.028974533081054688,0.030606821179389954,0.03223910927772522,0.033871397376060486,0.03550368547439575,0.03713597357273102,0.038768261671066284,0.04040054976940155,0.042032837867736816,0.04366512596607208,0.04529741406440735,0.046929702162742615,0.04856199026107788,0.05019427835941315,0.05182656645774841,0.05345885455608368,0.055091142654418945,0.05672343075275421,0.05835571885108948,0.059988006949424744],"_type":"histogram","values":[1,0,2,0,1,1,1,0,3,2,6,2,3,0,4,6,8,4,5,6,7,19,19,14,16,16,15,22,18,16,16,8,12,9,15,5,7,6,8,6,4,4,2,5,2,2,2,4,2,1,2,2,1,0,2,2,1,0,0,0,1,1,2,1]},"val_accuracy":0.5737704918032787,"gradients/graph_2fc1.bias":{"bins":[-0.037555452436208725,-0.036619119346141815,-0.035682786256074905,-0.0347464494407177,-0.03381011635065079,-0.03287378326058388,-0.03193745017051697,-0.03100111521780491,-0.03006478026509285,-0.02912844717502594,-0.02819211408495903,-0.02725577913224697,-0.02631944604218006,-0.025383111089468002,-0.024446777999401093,-0.023510444909334183,-0.022574109956622124,-0.021637776866555214,-0.020701441913843155,-0.019765108823776245,-0.018828773871064186,-0.017892440780997276,-0.016956105828285217,-0.016019772738218307,-0.015083439648151398,-0.014147104695439339,-0.013210771605372429,-0.01227443665266037,-0.01133810356259346,-0.010401768609881401,-0.009465435519814491,-0.008529100567102432,-0.007592765614390373,-0.0066564325243234634,-0.005720097571611404,-0.004783764481544495,-0.0038474295288324356,-0.002911096438765526,-0.001974761486053467,-0.001038428395986557,-0.00010209344327449799,0.0008342396467924118,0.0017705727368593216,0.0027069076895713806,0.0036432407796382904,0.004579575732350349,0.005515908822417259,0.006452243775129318,0.007388576865196228,0.008324910886585712,0.009261244907975197,0.010197578929364681,0.011133912950754166,0.012070246040821075,0.01300658006221056,0.013942914083600044,0.014879248104989529,0.015815582126379013,0.016751915216445923,0.017688250169157982,0.01862458325922489,0.01956091821193695,0.02049725130200386,0.02143358625471592,0.02236991934478283],"_type":"histogram","values":[2,0,0,0,0,0,1,1,0,1,0,0,0,1,0,0,0,2,0,0,1,0,0,0,2,2,0,0,1,1,0,0,0,0,0,1,0,0,0,1,0,1,1,0,2,0,1,2,0,0,1,0,1,0,0,1,0,1,2,0,1,0,0,1]},"train_accuracy":0.627906976744186,"parameters/graph_2fc3.bias":{"_type":"histogram",