{"accuracy":0.7275711159737418,"confusion_matrix":[[0,0,4,2,0],[0,1,74,20,1],[0,0,32,52,15],[0,0,1,10,15],[0,0,0,0,2]],"parameters/fc3.bias":{"bins":[-0.19446784257888794,-0.18897221982479095,-0.18347659707069397,-0.17798097431659698,-0.1724853515625,-0.16698972880840302,-0.16149410605430603,-0.15599849820137024,-0.15050286054611206,-0.14500725269317627,-0.1395116150379181,-0.1340160071849823,-0.12852038443088531,-0.12302476167678833,-0.11752913892269135,-0.11203351616859436,-0.10653789341449738,-0.10104227066040039,-0.0955466479063034,-0.09005102515220642,-0.08455540239810944,-0.07905978709459305,-0.07356416434049606,-0.06806853413581848,-0.06257292628288269,-0.057077303528785706,-0.05158168077468872,-0.046086058020591736,-0.04059043526649475,-0.035094812512397766,-0.02959918975830078,-0.024103567004203796,-0.01860794425010681,-0.013112321496009827,-0.007616698741912842,-0.002121075987815857,0.003374546766281128,0.008870169520378113,0.014365792274475098,0.019861415028572083,0.025357037782669067,0.03085264563560486,0.03634827584028244,0.041843898594379425,0.04733951389789581,0.0528351366519928,0.05833075940608978,0.06382638216018677,0.06932200491428375,0.07481762766838074,0.08031325042247772,0.08580887317657471,0.09130449593067169,0.09680011868476868,0.10229573398828506,0.10779135674238205,0.11328697949647903,0.11878260225057602,0.124278225004673,0.1297738403081894,0.13526946306228638,0.14076508581638336,0.14626070857048035,0.15175633132457733,0.15725195407867432],"_type":"histogram","values":[2,0,0,0,0,0,0,0,0,0,1,0,0,0,0,0,0,0,0,0,0,0,0,0,0,0,0,0,0,0,0,0,0,0,0,0,0,0,0,1,1,0,0,0,0,0,0,0,0,0,0,0,0,0,0,0,0,0,0,0,0,0,0,1]},"gradients/fc1.weight":{"values":[1,0,0,0,1,0,2,0,1,0,0,1,2,2,2,3,2,3,8,8,8,8,18,18,18,28,37,37,58,50,40,58,53,42,40,33,32,23,18,9,7,5,6,2,5,3,3,0,1,1,2,2,1,0,0,0,0,0,0,0,0,0,1,1],"bins":[-0.08501096069812775,-0.08225437998771667,-0.0794978067278862,-0.07674122601747513,-0.07398465275764465,-0.07122807204723358,-0.06847149133682251,-0.06571491807699203,-0.06295834481716156,-0.06020176410675049,-0.057445187121629715,-0.05468861013650894,-0.05193202942609787,-0.0491754524409771,-0.04641887545585632,-0.04366229847073555,-0.04090572148561478,-0.038149144500494,-0.03539256751537323,-0.03263599053025246,-0.029879413545131683,-0.02712283283472061,-0.024366255849599838,-0.021609678864479065,-0.018853098154067993,-0.01609652489423752,-0.013339944183826447,-0.010583370923995972,-0.0078267902135849,-0.005070216953754425,-0.0023136362433433533,0.0004429370164871216,0.0031995102763175964,0.005956090986728668,0.008712664246559143,0.011469244956970215,0.01422581821680069,0.01698239892721176,0.019738972187042236,0.022495552897453308,0.025252126157283783,0.028008706867694855,0.030765283852815628,0.0335218608379364,0.03627844154834747,0.039035018533468246,0.04179159551858902,0.04454817250370979,0.047304749488830566,0.05006132647395134,0.05281790345907211,0.055574480444192886,0.05833105742931366,0.06108763813972473,0.0638442188501358,0.06660079210996628,0.06935736536979675,0.07211394608020782,0.0748705267906189,0.07762710005044937,0.08038368076086044,0.08314025402069092,0.08589683473110199,0.08865340799093246,0.09140998870134354],"_type":"histogram"},"_wandb":{"runtime":3},"gradients/fc2.bias":{"_type":"histogram","values":[2,0,0,0,2,0,0,1,0,2,2,0,0,2,1,5,2,0,2,1,1,1,2,0,2,1,0,5,1,3,0,3,1,3,0,5,0,1,1,1,1,2,1,1,1,0,1,0,0,0,1,0,0,0,0,0,0,1,0,0,0,1,0,1],"bins":[-0.04319915547966957,-0.04165244847536087,-0.04010574147105217,-0.03855903446674347,-0.03701232746243477,-0.03546562045812607,-0.03391891345381737,-0.03237220644950867,-0.030825499445199966,-0.029278792440891266,-0.027732085436582565,-0.026185378432273865,-0.024638671427965164,-0.023091964423656464,-0.021545257419347763,-0.019998550415039062,-0.018451843410730362,-0.01690513640642166,-0.01535842940211296,-0.01381172239780426,-0.01226501539349556,-0.010718308389186859,-0.009171601384878159,-0.007624894380569458,-0.0060781873762607574,-0.004531480371952057,-0.0029847733676433563,-0.0014380663633346558,0.0001086406409740448,0.0016553476452827454,0.003202054649591446,0.0047487616539001465,0.006295464932918549,0.00784217193722725,0.00938887894153595,0.01093558594584465,0.01248229295015335,0.014028999954462051,0.015575706958770752,0.017122413963079453,0.018669120967388153,0.020215827971696854,0.021762534976005554,0.023309241980314255,0.024855948984622955,0.026402655988931656,0.027949362993240356,0.029496069997549057,0.031042777001857758,0.03258948400616646,0.03413619101047516,0.03568289801478386,0.03722960501909256,0.03877631202340126,0.04032301902770996,0.04186972603201866,0.04341643303632736,0.04496314004063606,0.04650984704494476,0.048056554049253464,0.049603261053562164,0.051149968057870865,0.052696675062179565,0.054243382066488266,0.05579008907079697]},"parameters/fc3.weight":{"values":[1,0,0,0,0,1,0,0,0,0,0,1,2,0,0,1,2,1,0,1,2,2,2,6,2,1,1,7,9,7,8,9,17,11,4,11,16,20,18,16,18,17,15,16,12,15,15,18,12,16,13,10,15,7,0,1,1,0,1,1,1,0,0,1],"bins":[-0.8318106532096863,-0.8120638132095337,-0.7923169732093811,-0.7725701928138733,-0.7528233528137207,-0.7330765128135681,-0.7133296728134155,-0.6935828328132629,-0.6738359928131104,-0.6540892124176025,-0.63434237241745,-0.6145955324172974,-0.5948486924171448,-0.5751018524169922,-0.5553550720214844,-0.5356082320213318,-0.5158613920211792,-0.4961145520210266,-0.4763677418231964,-0.4566209018230438,-0.4368740916252136,-0.41712725162506104,-0.39738041162490845,-0.37763360142707825,-0.35788676142692566,-0.33813992142677307,-0.31839311122894287,-0.2986462712287903,-0.2788994312286377,-0.2591525912284851,-0.2394058108329773,-0.2196589708328247,-0.19991210103034973,-0.18016526103019714,-0.16041842103004456,-0.14067164063453674,-0.12092480063438416,-0.10117796063423157,-0.08143112063407898,-0.06168431043624878,-0.04193747043609619,-0.022190630435943604,-0.0024438202381134033,0.017303019762039185,0.03704985976219177,0.05679666996002197,0.07654350996017456,0.09629032015800476,0.11603716015815735,0.13578400015830994,0.15553081035614014,0.17527765035629272,0.19502447545528412,0.2147713005542755,0.2345181405544281,0.2542649507522583,0.2740117907524109,0.2937586307525635,0.3135054409503937,0.33325228095054626,0.35299909114837646,0.37274593114852905,0.39249277114868164,0.41223958134651184,0.43198642134666443],"_type":"histogram"},"parameters/fc1.weight":{"values":[1,0,0,0,0,0,0,0,0,0,1,1,2,0,2,5,6,4,5,7,13,16,12,18,16,20,19,15,21,16,17,13,16,19,22,23,13,19,18,24,18,26,19,23,16,15,13,20,14,20,17,28,13,13,10,10,13,13,6,6,1,1,3,2],"bins":[-0.7063568234443665,-0.6879662275314331,-0.669575572013855,-0.6511849761009216,-0.6327943205833435,-0.6144037246704102,-0.596013069152832,-0.5776224732398987,-0.5592318177223206,-0.5408412218093872,-0.5224505662918091,-0.5040599703788757,-0.48566934466362,-0.46727871894836426,-0.4488880932331085,-0.4304974675178528,-0.41210684180259705,-0.3937162160873413,-0.37532559037208557,-0.35693496465682983,-0.3385443389415741,-0.32015371322631836,-0.3017630875110626,-0.2833724617958069,-0.26498186588287354,-0.2465912401676178,-0.22820061445236206,-0.20980998873710632,-0.19141936302185059,-0.17302870750427246,-0.1546381115913391,-0.136247456073761,-0.11785683035850525,-0.0994662344455719,-0.08107557892799377,-0.06268498301506042,-0.0442943274974823,-0.025903701782226562,-0.007513076066970825,0.010877549648284912,0.02926817536354065,0.047658771276474,0.06604939699172974,0.08444002270698547,0.10283064842224121,0.12122127413749695,0.13961189985275269,0.15800252556800842,0.17639315128326416,0.1947837769985199,0.21317440271377563,0.23156502842903137,0.2499556541442871,0.26834625005722046,0.2867369055747986,0.30512750148773193,0.32351815700531006,0.3419087529182434,0.36029940843582153,0.3786900043487549,0.3970806300640106,0.41547125577926636,0.4338618814945221,0.45225250720977783,0.47064313292503357],"_type":"histogram"},"loss":0.6677088891637737,"gradients/fc3.bias":{"_type":"histogram",