{"_timestamp":1.7328664643523319e+09,"parameters/graph_1fc3.weight":{"values":[1,0,0,0,0,0,0,0,1,0,0,1,1,2,1,2,1,5,2,3,4,7,6,3,6,6,6,11,8,3,11,5,7,9,4,8,10,5,7,7,7,8,31,48,52,26,11,9,8,11,4,3,4,2,4,0,0,2,0,0,0,0,0,1],"bins":[-2.4502949714660645,-2.391745090484619,-2.333195209503174,-2.2746453285217285,-2.216095447540283,-2.157545566558838,-2.0989956855773926,-2.0404458045959473,-1.9818960428237915,-1.9233461618423462,-1.8647962808609009,-1.8062465190887451,-1.7476966381072998,-1.6891467571258545,-1.6305968761444092,-1.5720469951629639,-1.5134971141815186,-1.4549472332000732,-1.396397352218628,-1.3378474712371826,-1.2792975902557373,-1.2207478284835815,-1.1621979475021362,-1.103648066520691,-1.0450981855392456,-0.9865483045578003,-0.927998423576355,-0.8694485425949097,-0.8108987808227539,-0.7523488998413086,-0.6937990188598633,-0.635249137878418,-0.5766993761062622,-0.5181494951248169,-0.4595996141433716,-0.40104973316192627,-0.34249985218048096,-0.2839500904083252,-0.22540020942687988,-0.16685032844543457,-0.10830044746398926,-0.049750566482543945,0.008799314498901367,0.06734919548034668,0.12589895725250244,0.18444883823394775,0.24299871921539307,0.3015486001968384,0.3600984811782837,0.418648362159729,0.4771982431411743,0.5357480645179749,0.5942979454994202,0.6528478264808655,0.711397647857666,0.7699475288391113,0.8284974098205566,0.887047290802002,0.9455971717834473,1.0041470527648926,1.062696933746338,1.1212466955184937,1.179796576499939,1.2383464574813843,1.2968963384628296],"_type":"histogram"},"parameters/graph_1fc3.bias":{"_type":"histogram","values":[1,0,0,0,0,0,0,0,1,0,0,0,0,0,0,0,0,0,0,0,0,0,0,0,0,0,0,0,0,0,0,0,0,0,0,1,0,0,0,1,0,0,0,1,0,0,0,0,0,0,0,0,0,0,0,0,0,0,0,0,0,0,0,1],"bins":[-0.3230483829975128,-0.3148775100708008,-0.30670666694641113,-0.2985357940196991,-0.29036495089530945,-0.2821940779685974,-0.27402323484420776,-0.2658523619174957,-0.2576814889907837,-0.24951064586639404,-0.2413397878408432,-0.23316892981529236,-0.22499805688858032,-0.21682721376419067,-0.20865634083747864,-0.2004854828119278,-0.19231462478637695,-0.1841437667608261,-0.17597290873527527,-0.16780205070972443,-0.15963119268417358,-0.15146031975746155,-0.1432894617319107,-0.13511860370635986,-0.12694774568080902,-0.11877688765525818,-0.11060602962970734,-0.1024351716041565,-0.09426429867744446,-0.08609344065189362,-0.07792258262634277,-0.06975173950195312,-0.06158086657524109,-0.05340999364852905,-0.045239150524139404,-0.03706829249858856,-0.02889743447303772,-0.020726561546325684,-0.012555703520774841,-0.004384845495223999,0.0037860125303268433,0.011956870555877686,0.020127728581428528,0.02829858660697937,0.036469459533691406,0.04464031755924225,0.05281117558479309,0.06098203361034393,0.06915289163589478,0.07732374966144562,0.08549460768699646,0.0936654731631279,0.10183633118867874,0.11000718921422958,0.11817805469036102,0.12634891271591187,0.1345197707414627,0.14269062876701355,0.1508614867925644,0.15903234481811523,0.16720321774482727,0.1753740757703781,0.18354493379592896,0.1917157918214798,0.19988664984703064]},"_wandb":{"runtime":45},"gradients/graph_1fc3.weight":{"_type":"histogram","values":[1,0,0,0,0,0,0,0,0,0,0,1,0,0,0,0,1,0,0,0,0,0,0,0,1,1,0,3,1,4,3,8,14,20,220,57,19,7,10,2,3,1,1,1,0,2,0,0,0,1,0,0,0,0,1,0,0,0,0,0,0,0,0,1],"bins":[-0.6954701542854309,-0.6754944324493408,-0.6555187702178955,-0.6355430483818054,-0.6155673265457153,-0.5955916047096252,-0.5756159424781799,-0.5556402206420898,-0.5356644988059998,-0.5156887769699097,-0.49571311473846436,-0.47573739290237427,-0.45576170086860657,-0.4357859790325165,-0.4158102869987488,-0.3958345651626587,-0.375858873128891,-0.3558831810951233,-0.3359074592590332,-0.3159317672252655,-0.2959560453891754,-0.2759803533554077,-0.2560046315193176,-0.23602893948554993,-0.21605324745178223,-0.19607752561569214,-0.17610180377960205,-0.15612614154815674,-0.13615041971206665,-0.11617469787597656,-0.09619897603988647,-0.07622331380844116,-0.056247591972351074,-0.036271870136260986,-0.016296207904815674,0.003679513931274414,0.023655235767364502,0.04363095760345459,0.0636066198348999,0.08358234167098999,0.10355806350708008,0.12353375554084778,0.14350944757461548,0.16348516941070557,0.18346086144447327,0.20343658328056335,0.22341227531433105,0.24338799715042114,0.26336368918418884,0.28333938121795654,0.30331510305404663,0.32329079508781433,0.3432665169239044,0.3632422089576721,0.3832179307937622,0.4031936228275299,0.4231693148612976,0.4431450366973877,0.4631207585334778,0.4830964505672455,0.5030721426010132,0.5230478644371033,0.5430235862731934,0.5629992485046387,0.5829749703407288]},"confusion_matrix":[[0,0,3,3,0],[0,0,75,20,1],[0,1,25,65,8],[0,0,0,13,13],[0,0,0,1,1]],"parameters/graph_1fc2.weight":{"_type":"histogram","values":[1,1,0,1,0,1,0,2,1,2,1,3,1,7,9,12,7,7,16,22,22,31,44,36,54,69,87,97,154,181,330,468,611,600,414,249,177,102,80,47,34,25,18,16,11,8,10,4,2,6,2,3,0,4,1,0,0,1,1,0,2,0,0,1],"bins":[-1.93888521194458,-1.879746437072754,-1.8206077814102173,-1.7614690065383911,-1.7023303508758545,-1.6431915760040283,-1.5840528011322021,-1.524914026260376,-1.4657753705978394,-1.4066367149353027,-1.3474979400634766,-1.2883591651916504,-1.2292203903198242,-1.1700817346572876,-1.1109429597854614,-1.0518043041229248,-0.9926655292510986,-0.9335267543792725,-0.8743880987167358,-0.8152493238449097,-0.756110668182373,-0.6969718933105469,-0.6378331184387207,-0.5786944627761841,-0.5195556879043579,-0.46041691303253174,-0.4012782573699951,-0.34213948249816895,-0.2830007076263428,-0.22386205196380615,-0.16472327709197998,-0.10558462142944336,-0.04644584655761719,0.012692928314208984,0.0718315839767456,0.13097035884857178,0.1901090145111084,0.24924778938293457,0.30838656425476074,0.36752521991729736,0.42666399478912354,0.4858027696609497,0.5449414253234863,0.6040802001953125,0.6632189750671387,0.7223576307296753,0.7814964056015015,0.8406350612640381,0.8997738361358643,0.9589125514030457,1.018051266670227,1.0771900415420532,1.1363286972045898,1.195467472076416,1.2546062469482422,1.3137450218200684,1.372883677482605,1.4320223331451416,1.4911611080169678,1.550299882888794,1.6094386577606201,1.6685773134231567,1.727716088294983,1.7868547439575195,1.8459935188293457]},"_runtime":45.2047297,"epoch":500,"gradients/graph_1fc1.bias":{"_type":"histogram","values":[1,0,0,0,0,0,0,0,0,0,0,0,0,1,0,1,0,2,0,2,1,0,2,1,2,1,10,1,8,8,2,5,3,4,4,2,1,0,0,0,0,0,0,0,0,0,1,0,0,0,0,0,0,0,0,0,0,0,0,0,0,0,0,1],"bins":[-0.18987029790878296,-0.1833348572254181,-0.17679943144321442,-0.17026399075984955,-0.16372856497764587,-0.157193124294281,-0.15065768361091614,-0.14412225782871246,-0.1375868171453476,-0.13105139136314392,-0.12451595067977905,-0.11798051744699478,-0.11144508421421051,-0.10490965098142624,-0.09837421029806137,-0.0918387770652771,-0.08530334383249283,-0.07876791059970856,-0.07223247736692429,-0.06569703668355942,-0.059161603450775146,-0.05262617766857147,-0.046090736985206604,-0.039555296301841736,-0.03301987051963806,-0.026484429836273193,-0.01994900405406952,-0.013413563370704651,-0.006878122687339783,-0.0003426969051361084,0.00619274377822876,0.012728169560432434,0.019263610243797302,0.02579905092716217,0.032334476709365845,0.03886991739273071,0.04540534317493439,0.051940783858299255,0.058476224541664124,0.0650116503238678,0.07154709100723267,0.07808251678943634,0.08461795747280121,0.09115339815616608,0.09768882393836975,0.10422425717115402,0.11075969785451889,0.11729513108730316,0.12383056432008743,0.1303659975528717,0.13690143823623657,0.14343687891960144,0.14997230470180511,0.1565077304840088,0.16304317116737366,0.16957861185073853,0.1761140376329422,0.18264947831630707,0.18918490409851074,0.1957203447818756,0.20225578546524048,0.20879121124744415,0.21532665193080902,0.2218620777130127,0.22839751839637756]},"parameters/graph_1fc1.bias":{"values":[1,1,0,1,2,0,0,0,1,1,1,1,1,0,2,2,1,1,1,0,1,1,1,1,2,1,0,0,2,2,1,2,2,0,3,0,3,0,1,0,0,4,1,0,0,3,1,1,2,2,1,0,0,1,1,2,1,0,1,0,1,0,0,2],