{"val_loss":0.49498734546118767,"train_loss":0.38680731672151336,"parameters/fc1.weight":{"_type":"histogram","values":[1,0,0,2,0,0,0,3,3,0,9,4,7,14,14,25,8,25,26,28,33,36,32,38,26,31,38,31,20,29,24,45,28,36,42,32,37,34,23,47,39,37,31,36,30,29,25,30,36,31,49,46,31,27,21,17,16,17,14,4,6,2,0,3],"bins":[-0.6618780493736267,-0.6435770392417908,-0.6252760291099548,-0.6069750189781189,-0.588674008846283,-0.570372998714447,-0.5520719885826111,-0.5337709784507751,-0.5154699683189392,-0.49716895818710327,-0.47886794805526733,-0.4605669379234314,-0.44226592779159546,-0.4239649176597595,-0.4056639075279236,-0.38736289739608765,-0.3690618872642517,-0.35076087713241577,-0.33245986700057983,-0.3141588568687439,-0.29585784673690796,-0.277556836605072,-0.2592558264732361,-0.24095481634140015,-0.2226538062095642,-0.20435279607772827,-0.18605178594589233,-0.1677507758140564,-0.14944976568222046,-0.13114875555038452,-0.11284774541854858,-0.09454673528671265,-0.07624572515487671,-0.05794471502304077,-0.039643704891204834,-0.021342694759368896,-0.003041684627532959,0.015259325504302979,0.033560335636138916,0.051861345767974854,0.07016235589981079,0.08846336603164673,0.10676437616348267,0.1250653862953186,0.14336639642715454,0.16166740655899048,0.17996841669082642,0.19826942682266235,0.2165704369544983,0.23487144708633423,0.25317245721817017,0.2714734673500061,0.28977447748184204,0.308075487613678,0.3263764977455139,0.34467750787734985,0.3629785180091858,0.38127952814102173,0.39958053827285767,0.4178815484046936,0.43618255853652954,0.4544835686683655,0.4727845788002014,0.49108558893203735,0.5093865990638733]},"gradients/fc1.bias":{"bins":[-0.06741398572921753,-0.06517791748046875,-0.06294184923171997,-0.06070578098297119,-0.05846971273422241,-0.05623364448547363,-0.053997572511434555,-0.051761504262685776,-0.049525436013936996,-0.04728936776518822,-0.04505329951643944,-0.04281722754240036,-0.04058115929365158,-0.0383450910449028,-0.03610902279615402,-0.03387295454740524,-0.031636886298656464,-0.029400818049907684,-0.027164749801158905,-0.024928681552410126,-0.022692613303661346,-0.02045654132962227,-0.01822047308087349,-0.01598440483212471,-0.01374833658337593,-0.011512268334627151,-0.009276200085878372,-0.007040131837129593,-0.004804059863090515,-0.002567991614341736,-0.00033192336559295654,0.0019041448831558228,0.004140205681324005,0.006376273930072784,0.008612342178821564,0.010848410427570343,0.013084478676319122,0.0153205506503582,0.01755661889910698,0.01979268714785576,0.022028755396604538,0.024264823645353317,0.026500891894102097,0.028736960142850876,0.030973032116889954,0.03320910036563873,0.03544516861438751,0.03768123686313629,0.03991730511188507,0.04215337336063385,0.04438944160938263,0.04662550985813141,0.04886157810688019,0.05109764635562897,0.053333718329668045,0.055569786578416824,0.057805854827165604,0.06004192307591438,0.06227799132466316,0.06451406329870224,0.06675013154745102,0.0689861997961998,0.07122226804494858,0.07345833629369736,0.07569440454244614],"_type":"histogram","values":[1,0,0,0,0,0,0,0,1,0,0,0,2,1,3,1,1,3,2,2,5,2,2,3,3,7,6,4,5,8,7,6,6,4,5,1,2,5,4,4,3,2,4,1,1,2,1,1,2,0,1,0,0,1,0,0,1,0,1,0,0,0,0,1]},"_step":100,"test_classification_report":"              precision    recall  f1-score   support\n\n           0       0.98      1.00      0.99        91\n           1       0.87      0.96      0.91        98\n           2       0.72      0.65      0.68        93\n           3       0.56      0.47      0.51       101\n           4       0.77      0.80      0.78       109\n           5       0.89      1.00      0.94        88\n\n    accuracy                           0.81       580\n   macro avg       0.80      0.81      0.80       580\nweighted avg       0.79      0.81      0.80       580\n","_timestamp":1.7328908825407813e+09,"_wandb":{"runtime":20},"parameters/fc2.weight":{"_type":"histogram","values":[1,0,0,0,1,0,2,1,1,4,3,6,7,16,11,27,33,48,65,79,85,138,180,214,317,356,445,607,681,784,862,905,968,954,1049,979,998,988,840,765,697,592,466,351,244,194,119,92,62,45,34,29,16,6,4,4,2,3,2,0,1,0,0,1],"bins":[-0.47070592641830444,-0.4566367566585541,-0.4425675868988037,-0.42849841713905334,-0.414429247379303,-0.4003600776195526,-0.38629090785980225,-0.3722217381000519,-0.3581525683403015,-0.34408339858055115,-0.3300142288208008,-0.3159450590610504,-0.30187588930130005,-0.2878067195415497,-0.2737375497817993,-0.25966838002204895,-0.24559921026229858,-0.23153004050254822,-0.21746087074279785,-0.20339170098304749,-0.18932253122329712,-0.17525336146354675,-0.1611841917037964,-0.14711502194404602,-0.13304585218429565,-0.11897668242454529,-0.10490751266479492,-0.09083834290504456,-0.07676917314529419,-0.06270000338554382,-0.04863083362579346,-0.03456166386604309,-0.020492464303970337,-0.006423294544219971,0.0076458752155303955,0.02171504497528076,0.03578421473503113,0.049853384494781494,0.06392255425453186,0.07799172401428223,0.09206089377403259,0.10613006353378296,0.12019923329353333,0.1342684030532837,0.14833757281303406,0.16240674257278442,0.1764759123325348,0.19054508209228516,0.20461425185203552,0.2186834216117859,0.23275259137153625,0.24682176113128662,0.260890930891037,0.27496010065078735,0.2890292704105377,0.3030984401702881,0.31716760993003845,0.3312367796897888,0.3453059494495392,0.35937511920928955,0.3734442889690399,0.3875134587287903,0.40158262848854065,0.415651798248291,0.4297209680080414]},"parameters/fc3.bias":{"bins":[-0.0836929976940155,-0.0813685953617096,-0.07904419302940369,-0.07671979069709778,-0.07439538836479187,-0.07207098603248596,-0.06974658370018005,-0.06742218136787415,-0.06509777903556824,-0.06277337670326233,-0.06044897064566612,-0.058124564588069916,-0.05580016225576401,-0.0534757599234581,-0.05115135759115219,-0.04882695525884628,-0.046502552926540375,-0.04417815059423447,-0.04185374826192856,-0.03952934592962265,-0.03720494359731674,-0.034880537539720535,-0.03255613520741463,-0.03023173287510872,-0.02790733054280281,-0.025582928210496902,-0.023258525878190994,-0.020934119820594788,-0.01860971748828888,-0.01628531515598297,-0.013960912823677063,-0.011636510491371155,-0.00931210070848465,-0.0069876983761787415,-0.004663296043872833,-0.002338893711566925,-1.4491379261016846e-05,0.0023099109530448914,0.004634317010641098,0.006958719342947006,0.009283121675252914,0.011607524007558823,0.01393192633986473,0.01625632867217064,0.018580734729766846,0.020905137062072754,0.023229539394378662,0.02555394172668457,0.02787834405899048,0.030202746391296387,0.032527148723602295,0.0348515510559082,0.03717595338821411,0.03950035572052002,0.041824761778116226,0.044149164110422134,0.04647356644272804,0.04879796877503395,0.05112237110733986,0.053446777164936066,0.055771179497241974,0.05809558182954788,0.06041998416185379,0.0627443864941597,0.0650687888264656],"_type":"histogram","values":[1,1,0,0,0,0,1,0,0,0,0,0,0,0,0,0,0,0,0,0,0,0,0,0,0,1,0,0,0,0,0,0,0,0,0,0,0,0,0,0,0,0,0,0,0,0,0,0,0,1,0,0,0,0,0,0,0,0,0,0,0,0,0,1]},"parameters/fc2.bias":{"_type":"histogram","values":[1,0,0,0,1,0,0,0,1,3,1,0,1,2,0,1,3,2,1,2,0,3,1,3,7,1,2,4,4,4,1,2,2,3,4,1,0,1,5,4,5,3,2,4,5,2,3,4,2,1,4,1,3,6,1,2,0,1,1,1,1,3,0,2],