{"gradients/graph_2fc1.bias":{"bins":[-0.041137900203466415,-0.04000629484653473,-0.03887468948960304,-0.037743084132671356,-0.03661147877573967,-0.03547987341880798,-0.0343482680618763,-0.03321666270494461,-0.03208506107330322,-0.030953453853726387,-0.0298218484967947,-0.028690245002508163,-0.027558639645576477,-0.02642703428864479,-0.025295428931713104,-0.024163823574781418,-0.02303221821784973,-0.021900612860918045,-0.02076900750398636,-0.019637402147054672,-0.018505796790122986,-0.01737419329583645,-0.016242587938904762,-0.015110982581973076,-0.01397937722504139,-0.012847771868109703,-0.011716166511178017,-0.01058456115424633,-0.009452957659959793,-0.008321352303028107,-0.00718974694609642,-0.006058141589164734,-0.004926539957523346,-0.0037949346005916595,-0.002663329243659973,-0.0015317238867282867,-0.00040011852979660034,0.0007314849644899368,0.0018630903214216232,0.0029946956783533096,0.004126301035284996,0.0052579063922166824,0.006389511749148369,0.007521117106080055,0.008652720600366592,0.009784325957298279,0.010915931314229965,0.012047536671161652,0.013179142028093338,0.014310747385025024,0.01544235274195671,0.016573958098888397,0.017705563455820084,0.01883716881275177,0.019968772307038307,0.021100377663969994,0.02223198302090168,0.023363588377833366,0.024495193734765053,0.02562679722905159,0.026758402585983276,0.027890007942914963,0.02902161329984665,0.030153218656778336,0.03128482401371002],"_type":"histogram","values":[1,0,0,0,0,0,0,0,1,0,0,0,0,0,0,0,0,0,1,1,1,0,1,1,0,1,4,3,5,3,6,3,3,8,5,10,5,8,10,9,4,2,2,3,6,2,4,3,3,2,1,0,0,0,3,1,0,0,0,0,0,0,0,2]},"test_confusion_matrix":[[0,0,3,3,0],[1,0,73,21,1],[0,1,34,56,8],[0,0,1,16,9],[0,0,0,0,2]],"_runtime":4.4807558,"val_accuracy":0.6010928961748634,"parameters/graph_2fc2.bias":{"values":[1,0,0,0,0,2,2,0,0,2,0,0,2,2,0,0,5,3,2,1,1,3,1,4,5,4,3,3,5,1,5,9,7,5,6,4,4,2,1,4,3,3,2,3,2,5,0,1,0,3,2,1,1,0,2,0,0,0,0,0,0,0,0,1],"bins":[-0.14866597950458527,-0.14258724451065063,-0.136508509516716,-0.13042977452278137,-0.12435102462768555,-0.11827228963375092,-0.11219355463981628,-0.10611481964588165,-0.10003607720136642,-0.0939573347568512,-0.08787859976291656,-0.08179986476898193,-0.0757211297750473,-0.06964238733053207,-0.06356365233659744,-0.057484909892082214,-0.05140617489814758,-0.04532743990421295,-0.03924869745969772,-0.03316996246576309,-0.027091220021247864,-0.021012485027313232,-0.014933750033378601,-0.00885501503944397,-0.0027762800455093384,0.003302469849586487,0.009381204843521118,0.01545993983745575,0.02153867483139038,0.027617409825325012,0.03369615972042084,0.03977489471435547,0.0458536297082901,0.05193236470222473,0.05801109969615936,0.06408984959125519,0.07016858458518982,0.07624731957912445,0.08232605457305908,0.08840478956699371,0.09448353946208954,0.10056227445602417,0.1066410094499588,0.11271974444389343,0.11879847943782806,0.12487722188234329,0.13095596432685852,0.13703469932079315,0.14311343431472778,0.14919216930866241,0.15527090430259705,0.16134965419769287,0.1674283891916275,0.17350712418556213,0.17958585917949677,0.1856645941734314,0.19174334406852722,0.19782207906246185,0.20390081405639648,0.20997954905033112,0.21605828404426575,0.22213703393936157,0.2282157689332962,0.23429450392723083,0.24037323892116547],"_type":"histogram"},"test_accuracy":0.22707423580786026,"train_loss":0.6824255188306173,"parameters/graph_2fc2.weight":{"bins":[-0.302125483751297,-0.2931205928325653,-0.2841157019138336,-0.27511081099510193,-0.26610592007637024,-0.25710102915763855,-0.24809613823890686,-0.23909124732017517,-0.23008635640144348,-0.2210814654827118,-0.2120765745639801,-0.2030716836452484,-0.19406680762767792,-0.18506191670894623,-0.17605702579021454,-0.16705213487148285,-0.15804724395275116,-0.14904235303401947,-0.14003746211528778,-0.1310325711965561,-0.1220276802778244,-0.11302278935909271,-0.10401789844036102,-0.09501300752162933,-0.08600813150405884,-0.07700324058532715,-0.06799834966659546,-0.05899345874786377,-0.04998856782913208,-0.04098367691040039,-0.0319787859916687,-0.02297389507293701,-0.013969004154205322,-0.004964113235473633,0.004040777683258057,0.013045668601989746,0.022050559520721436,0.031055450439453125,0.040060341358184814,0.049065232276916504,0.05807012319564819,0.06707499921321869,0.07607989013195038,0.08508478105068207,0.09408967196941376,0.10309456288814545,0.11209945380687714,0.12110434472560883,0.13010923564434052,0.1391141265630722,0.1481190174818039,0.15712390840053558,0.16612879931926727,0.17513367533683777,0.18413856625556946,0.19314345717430115,0.20214834809303284,0.21115323901176453,0.22015812993049622,0.2291630208492279,0.2381679117679596,0.24717280268669128,0.256177693605423,0.26518258452415466,0.27418747544288635],"_type":"histogram","values":[2,1,1,1,5,4,8,11,12,23,24,20,36,36,55,74,87,95,128,156,193,244,295,345,426,533,555,581,648,660,744,724,770,740,731,778,812,690,660,629,631,590,482,410,362,298,255,202,153,125,77,70,45,40,33,20,20,10,8,7,3,1,2,3]},"epoch":100,"val_loss":1.0893937746683757,"test_classification_report":"              precision    recall  f1-score   support\n\n           0       0.00      0.00      0.00         6\n           1       0.00      0.00      0.00        96\n           2       0.31      0.34      0.32        99\n           3       0.17      0.62      0.26        26\n           4       0.10      1.00      0.18         2\n\n    accuracy                           0.23       229\n   macro avg       0.11      0.39      0.15       229\nweighted avg       0.15      0.23      0.17       229\n","gradients/graph_2fc3.weight":{"_type":"histogram","values":[1,0,0,0,0,0,1,0,0,1,0,0,1,0,1,0,2,1,5,3,4,5,0,10,9,7,9,7,10,17,14,24,29,33,161,175,78,45,25,12,15,10,8,7,10,2,5,4,1,4,4,3,0,0,0,0,2,0,0,0,2,0,0,1],"bins":[-0.107795350253582,-0.10470584034919739,-0.10161633044481277,-0.09852682054042816,-0.09543730318546295,-0.09234779328107834,-0.08925828337669373,-0.08616877347230911,-0.0830792635679245,-0.07998975366353989,-0.07690024375915527,-0.07381072640419006,-0.07072122395038605,-0.06763170659542084,-0.06454219669103622,-0.06145268678665161,-0.058363176882267,-0.055273666977882385,-0.05218415707349777,-0.04909464344382286,-0.04600513353943825,-0.042915619909763336,-0.03982611000537872,-0.03673660010099411,-0.0336470901966095,-0.030557580292224884,-0.02746807038784027,-0.024378560483455658,-0.021289043128490448,-0.018199533224105835,-0.015110023319721222,-0.012020513415336609,-0.008931010961532593,-0.00584150105714798,-0.0027519911527633667,0.00033751875162124634,0.0034270286560058594,0.006516546010971069,0.009606055915355682,0.012695565819740295,0.01578507572412491,0.01887458562850952,0.021964095532894135,0.025053605437278748,0.02814311906695366,0.031232628971338272,0.034322142601013184,0.0374116525053978,0.04050116240978241,0.04359067231416702,0.046680182218551636,0.04976969584822655,0.05285920575261116,0.05594871565699577,0.059038229286670685,0.0621277391910553,0.06521724909543991,0.06830675899982452,0.07139626890420914,0.07448577880859375,0.07757529616355896,0.08066480606794357,0.08375431597232819,0.0868438258767128,0.08993333578109741]},