{"epoch":100,"train_accuracy":0.8230852211434736,"_step":100,"test_classification_report":"              precision    recall  f1-score   support\n\n           0       1.00      1.00      1.00        91\n           1       0.86      1.00      0.92        98\n           2       0.72      0.70      0.71        93\n           3       0.58      0.42      0.48       101\n           4       0.78      0.86      0.82       109\n           5       0.96      1.00      0.98        88\n\n    accuracy                           0.82       580\n   macro avg       0.82      0.83      0.82       580\nweighted avg       0.81      0.82      0.81       580\n","_wandb":{"runtime":14},"parameters/graph_1fc3.bias":{"values":[1,0,0,0,0,0,0,0,0,0,0,0,0,0,0,0,0,0,0,0,0,0,0,1,0,0,0,0,0,1,0,0,0,0,0,0,0,0,0,0,0,0,0,0,1,1,0,0,0,0,0,0,0,0,0,0,0,0,0,0,0,0,0,1],"bins":[-0.29759445786476135,-0.2874828577041626,-0.27737128734588623,-0.2672596871852875,-0.2571480870246887,-0.24703650176525116,-0.2369249165058136,-0.22681331634521484,-0.21670173108577728,-0.20659014582633972,-0.19647854566574097,-0.1863669604063034,-0.17625537514686584,-0.1661437749862671,-0.15603218972682953,-0.14592058956623077,-0.1358090043067932,-0.12569741904735565,-0.1155858188867569,-0.10547423362731934,-0.09536263346672058,-0.08525104820728302,-0.07513946294784546,-0.0650278627872467,-0.05491627752780914,-0.04480469226837158,-0.03469309210777283,-0.024581491947174072,-0.014469921588897705,-0.00435832142829895,0.005753278732299805,0.015864849090576172,0.025976479053497314,0.03608807921409607,0.046199649572372437,0.05631124973297119,0.06642284989356995,0.07653442025184631,0.08664602041244507,0.09675762057304382,0.10686920583248138,0.11698079109191895,0.1270923912525177,0.13720397651195526,0.14731556177139282,0.15742716193199158,0.16753874719142914,0.1776503473520279,0.18776193261146545,0.19787351787090302,0.20798511803150177,0.21809670329093933,0.22820830345153809,0.23831988871097565,0.2484314739704132,0.25854307413101196,0.26865464448928833,0.2787662446498871,0.28887784481048584,0.2989894151687622,0.30910101532936096,0.3192126154899597,0.32932421565055847,0.33943578600883484,0.3495473861694336],"_type":"histogram"},"gradients/graph_1fc1.weight":{"_type":"histogram","values":[1,0,0,0,0,0,0,0,0,0,0,1,0,0,0,0,0,0,0,1,0,0,0,0,0,0,0,2,1,2,4,4,5,6,12,15,21,54,108,381,537,113,44,25,18,13,11,8,5,3,5,2,3,0,0,0,1,0,0,0,1,0,0,1],"bins":[-0.3748209774494171,-0.365461528301239,-0.3561020493507385,-0.3467426002025604,-0.33738312125205994,-0.32802367210388184,-0.31866419315338135,-0.30930474400520325,-0.29994529485702515,-0.29058581590652466,-0.28122636675834656,-0.27186691761016846,-0.26250743865966797,-0.25314798951148987,-0.24378852546215057,-0.23442906141281128,-0.22506959736347198,-0.2157101333141327,-0.2063506692647934,-0.1969912201166153,-0.187631756067276,-0.1782722920179367,-0.1689128279685974,-0.15955336391925812,-0.15019389986991882,-0.14083445072174072,-0.13147498667240143,-0.12211552262306213,-0.11275607347488403,-0.10339659452438354,-0.09403714537620544,-0.08467766642570496,-0.07531823217868805,-0.06595878303050995,-0.05659930408000946,-0.04723985493183136,-0.03788037598133087,-0.02852092683315277,-0.019161462783813477,-0.009801998734474182,-0.00044254958629608154,0.008916914463043213,0.018276378512382507,0.027635842561721802,0.036995306611061096,0.04635477066040039,0.05571421980857849,0.06507368385791779,0.07443314790725708,0.08379261195659637,0.09315207600593567,0.10251153260469437,0.11187098920345306,0.12123045325279236,0.13058991730213165,0.13994938135147095,0.14930883049964905,0.15866830945014954,0.16802775859832764,0.17738722264766693,0.18674668669700623,0.19610613584518433,0.20546559989452362,0.21482506394386292,0.2241845279932022]},"gradients/graph_1fc2.bias":{"values":[1,0,0,0,0,1,0,0,0,0,0,0,0,1,2,1,0,0,0,1,0,0,3,0,0,0,0,1,4,0,3,3,1,4,3,1,4,13,6,9,12,6,5,2,3,5,3,1,6,1,4,4,1,4,1,1,3,1,1,0,0,1,0,1],"bins":[-0.046205367892980576,-0.04505923017859459,-0.043913088738918304,-0.04276695102453232,-0.04162081331014633,-0.040474675595760345,-0.03932853415608406,-0.038182396441698074,-0.03703625500202179,-0.0358901172876358,-0.03474397957324982,-0.03359784185886383,-0.032451700419187546,-0.03130556270480156,-0.030159423127770424,-0.029013285413384438,-0.027867145836353302,-0.026721006259322166,-0.02557486854493618,-0.024428728967905045,-0.023282591253519058,-0.022136451676487923,-0.020990312099456787,-0.0198441743850708,-0.018698034808039665,-0.01755189523100853,-0.016405757516622543,-0.015259617939591408,-0.014113478362560272,-0.012967340648174286,-0.0118212029337883,-0.010675061494112015,-0.009528927505016327,-0.00838278979063034,-0.007236648350954056,-0.0060905106365680695,-0.004944372922182083,-0.0037982333451509476,-0.002652093768119812,-0.0015059560537338257,-0.0003598164767026901,0.0007863231003284454,0.0019324608147144318,0.0030786003917455673,0.004224739968776703,0.005370877683162689,0.006517017260193825,0.007663154974579811,0.008809294551610947,0.009955434128642082,0.011101571843028069,0.012247711420059204,0.013393850065767765,0.014539988711476326,0.01568612828850746,0.016832266002893448,0.017978405579924583,0.01912454515695572,0.020270682871341705,0.02141682244837284,0.022562962025403976,0.023709099739789963,0.0248552393168211,0.026001377031207085,0.02714751660823822],"_type":"histogram"},"gradients/graph_1fc3.bias":{"values":[1,0,0,0,0,0,0,0,0,0,0,0,0,0,0,0,0,0,0,0,0,0,0,0,0,0,0,0,0,0,0,1,0,0,0,0,0,1,0,0,0,0,0,0,0,0,0,1,0,0,0,0,0,0,0,0,0,1,0,0,0,0,0,1],"bins":[-0.09317369759082794,-0.09082110971212387,-0.0884685292840004,-0.08611594140529633,-0.08376335352659225,-0.08141076564788818,-0.07905818521976471,-0.07670559734106064,-0.07435300946235657,-0.0720004290342331,-0.06964784115552902,-0.06729525327682495,-0.06494267284870148,-0.0625900849699974,-0.060237497091293335,-0.057884909212589264,-0.05553232505917549,-0.05317974090576172,-0.05082715302705765,-0.048474568873643875,-0.046121980994939804,-0.04376939684152603,-0.04141680896282196,-0.03906422480940819,-0.036711640655994415,-0.034359052777290344,-0.03200646862387657,-0.0296538844704628,-0.027301296591758728,-0.024948708713054657,-0.022596120834350586,-0.020243540406227112,-0.01789095252752304,-0.01553836464881897,-0.013185784220695496,-0.010833196341991425,-0.008480608463287354,-0.0061280205845832825,-0.00377543643116951,-0.0014228522777557373,0.0009297356009483337,0.0032823197543621063,0.005634903907775879,0.00798749178647995,0.010340075939893723,0.012692663818597794,0.015045247972011566,0.017397835850715637,0.01975042000412941,0.022103004157543182,0.024455592036247253,0.026808178052306175,0.029160764068365097,0.03151334822177887,0.03386593610048294,0.03621852025389671,0.038571104407310486,0.04092369228601456,0.04327628016471863,0.0456288643181324,0.04798144847154617,0.050334036350250244,0.05268662050366402,0.05503920838236809,0.05739179253578186],"_type":"histogram"},"parameters/graph_1fc2.weight":{"values":[2,1,6,7,9,11,9,22,21,24,28,33,58,65,67,84,101,140,144,166,243,299,354,397,517,619,806,1100,1438,1787,1732,1483,1129,864,659,432,337,209,170,151,107,86,73,63,54,46,43,35,28,20,19,11,17,12,8,10,6,10,4,5,0,1,0,2],