{"parameters/graph_7fc2.bias":{"bins":[-0.20777907967567444,-0.1969655156135559,-0.18615195155143738,-0.17533838748931885,-0.16452482342720032,-0.1537112593650818,-0.14289769530296326,-0.13208413124084473,-0.1212705671787262,-0.11045700311660767,-0.09964343905448914,-0.0888298749923706,-0.07801631093025208,-0.06720274686813354,-0.056389182806015015,-0.045575618743896484,-0.034762054681777954,-0.023948490619659424,-0.013134926557540894,-0.0023213624954223633,0.008492201566696167,0.019305765628814697,0.030119329690933228,0.04093289375305176,0.05174645781517029,0.06256002187728882,0.07337358593940735,0.08418715000152588,0.09500071406364441,0.10581427812576294,0.11662784218788147,0.12744140625,0.13825497031211853,0.14906853437423706,0.1598820984363556,0.17069566249847412,0.18150922656059265,0.19232279062271118,0.2031363546848297,0.21394991874694824,0.22476348280906677,0.2355770468711853,0.24639061093330383,0.25720417499542236,0.2680177390575409,0.2788313031196594,0.28964486718177795,0.3004584312438965,0.311271995306015,0.32208555936813354,0.3328991234302521,0.3437126874923706,0.35452625155448914,0.36533981561660767,0.3761533796787262,0.3869669437408447,0.39778050780296326,0.4085940718650818,0.4194076359272003,0.43022119998931885,0.4410347640514374,0.4518483281135559,0.46266189217567444,0.47347545623779297,0.4842890202999115],"_type":"histogram","values":[1,0,0,0,1,0,1,1,0,1,1,1,1,1,1,1,1,0,3,2,1,2,2,1,1,0,3,1,5,1,1,1,0,2,2,1,1,0,0,0,3,3,0,3,1,0,2,1,0,0,2,0,2,1,0,0,1,1,0,0,0,1,0,1]},"_runtime":13.522332800000001,"parameters/graph_7fc1.weight":{"values":[1,0,0,0,1,0,3,2,0,1,3,0,1,2,2,8,7,7,7,8,8,5,13,9,16,20,22,21,12,18,21,19,29,25,24,26,19,20,21,25,32,19,24,34,21,25,20,16,13,20,11,8,6,9,7,4,1,1,3,2,0,1,0,1],"bins":[-0.9217348694801331,-0.8964038491249084,-0.8710728883743286,-0.845741868019104,-0.8204108476638794,-0.7950798273086548,-0.769748866558075,-0.7444178462028503,-0.7190868854522705,-0.6937558650970459,-0.6684248447418213,-0.6430938243865967,-0.6177628636360168,-0.5924318432807922,-0.5671008825302124,-0.5417698621749878,-0.5164388418197632,-0.49110785126686096,-0.46577683091163635,-0.44044584035873413,-0.4151148200035095,-0.3897838592529297,-0.3644528388977051,-0.33912181854248047,-0.31379085779190063,-0.288459837436676,-0.2631288170814514,-0.2377977967262268,-0.21246683597564697,-0.18713581562042236,-0.16180479526519775,-0.13647383451461792,-0.11114281415939331,-0.0858117938041687,-0.06048083305358887,-0.03514981269836426,-0.009818792343139648,0.015512168407440186,0.040843188762664795,0.0661742091178894,0.09150522947311401,0.11683619022369385,0.14216721057891846,0.16749823093414307,0.1928291916847229,0.2181602120399475,0.24349120259284973,0.26882222294807434,0.29415321350097656,0.3194842040538788,0.3448152244091034,0.3701462149620056,0.3954772353172302,0.42080822587013245,0.44613921642303467,0.4714702367782593,0.4968012273311615,0.5221322178840637,0.5474632382392883,0.5727941989898682,0.5981252193450928,0.6234562397003174,0.648787260055542,0.6741182208061218,0.6994492411613464],"_type":"histogram"},"parameters/graph_7fc2.weight":{"values":[4,3,3,2,6,6,5,10,13,15,16,17,20,17,15,25,21,32,35,36,57,59,71,85,82,124,135,144,182,240,379,519,315,204,199,148,123,91,76,77,57,54,44,40,35,22,24,23,30,29,22,15,23,15,11,11,6,4,9,1,2,3,2,3],"bins":[-0.8080184459686279,-0.782080888748169,-0.7561433911323547,-0.7302058339118958,-0.7042682766914368,-0.6783307790756226,-0.6523932218551636,-0.6264556646347046,-0.6005181074142456,-0.5745806097984314,-0.5486430525779724,-0.5227055549621582,-0.4967679977416992,-0.47083044052124023,-0.44489291310310364,-0.41895535588264465,-0.39301782846450806,-0.36708030104637146,-0.3411427438259125,-0.3152052164077759,-0.2892676591873169,-0.2633301615715027,-0.2373926043510437,-0.21145504713058472,-0.1855175495147705,-0.15957999229431152,-0.13364243507385254,-0.10770487785339355,-0.08176738023757935,-0.05582982301712036,-0.029892265796661377,-0.003954768180847168,0.021982789039611816,0.0479203462600708,0.07385784387588501,0.099795401096344,0.12573295831680298,0.1516704559326172,0.17760801315307617,0.20354557037353516,0.22948312759399414,0.25542062520980835,0.28135818243026733,0.3072957396507263,0.3332332372665405,0.3591707944869995,0.3851083219051361,0.4110458791255951,0.4369834065437317,0.4629209339618683,0.48885849118232727,0.5147960186004639,0.5407335758209229,0.5666711330413818,0.592608630657196,0.618546187877655,0.6444836854934692,0.6704212427139282,0.6963587999343872,0.7222963571548462,0.7482338547706604,0.7741714119911194,0.8001089692115784,0.8260464668273926,0.8519840240478516],"_type":"histogram"},"epoch":100,"_step":100,"parameters/graph_7fc1.bias":{"values":[1,0,1,0,0,2,0,1,1,2,0,0,0,2,1,3,1,2,1,3,1,1,2,2,2,1,0,1,4,1,2,2,3,2,3,2,0,2,1,1,0,1,0,0,0,0,0,0,2,1,1,1,1,0,1,0,0,0,0,0,0,1,0,1],"bins":[-0.41806989908218384,-0.4057678282260895,-0.39346572756767273,-0.38116365671157837,-0.3688615560531616,-0.35655948519706726,-0.3442574143409729,-0.33195531368255615,-0.3196532428264618,-0.30735114216804504,-0.2950490713119507,-0.28274697065353394,-0.2704448997974396,-0.2581428289413452,-0.24584074318408966,-0.2335386574268341,-0.22123657166957855,-0.208934485912323,-0.19663240015506744,-0.18433032929897308,-0.17202824354171753,-0.15972614288330078,-0.14742407202720642,-0.13512200117111206,-0.12281990051269531,-0.11051782965660095,-0.0982157289981842,-0.08591365814208984,-0.07361158728599548,-0.061309486627578735,-0.049007415771484375,-0.03670531511306763,-0.024403244256973267,-0.012101173400878906,0.0002009272575378418,0.012502998113632202,0.02480509877204895,0.03710716962814331,0.04940924048423767,0.06171134114265442,0.07401341199874878,0.08631551265716553,0.09861758351325989,0.11091965436935425,0.123221755027771,0.13552384078502655,0.1478259116411209,0.16012799739837646,0.17243008315563202,0.18473216891288757,0.19703425467014313,0.2093363255262375,0.22163841128349304,0.2339404970407486,0.24624258279800415,0.2585446536540985,0.27084675431251526,0.2831488251686096,0.29545092582702637,0.3077529966831207,0.3200550675392151,0.33235716819763184,0.3446592390537262,0.35696133971214294,0.3692634105682373],"_type":"histogram"},"test_confusion_matrix":[[91,0,0,0,0,0],[0,83,14,0,1,0],[0,12,61,18,2,0],[0,11,21,35,32,2],[0,1,3,14,86,5],[0,0,0,0,0,88]],"val_loss":0.5453587154547374,"train_loss":0.652956215472057,"gradients/graph_7fc2.bias":{"bins":[-0.08775386959314346,-0.08570058643817902,-0.08364729583263397,-0.08159401267766953,-0.07954072207212448,-0.07748743891716003,-0.07543414831161499,-0.07338086515665054,-0.0713275820016861,-0.06927429139614105,-0.06722100079059601,-0.06516771763563156,-0.06311443448066711,-0.06106114387512207,-0.05900786072015762,-0.05695457383990288,-0.05490128695964813,-0.05284800007939339,-0.05079471319913864,-0.048741426318883896,-0.04668813943862915,-0.0446348562836647,-0.04258156940340996,-0.04052828252315521,-0.03847499564290047,-0.03642170876264572,-0.034368421882390976,-0.03231513500213623,-0.030261851847171783,-0.028208564966917038,-0.026155278086662292,-0.02410198748111725,-0.0220487080514431,-0.019995424896478653,-0.01794213429093361,-0.015888847410678864,-0.013835560530424118,-0.011782277375459671,-0.009728990495204926,-0.00767570361495018,-0.005622416734695435,-0.003569129854440689,-0.0015158429741859436,0.0005374439060688019,0.002590727061033249,0.004644013941287994,0.00669730082154274,0.008750587701797485,0.01080387458205223,0.012857161462306976,0.014910448342561722,0.016963733360171318,0.019017020240426064,0.02107030712068081,0.023123592138290405,0.02517687901854515,0.027230165898799896,0.02928345277905464,0.03133673965930939,0.033390022814273834,0.03544331341981888,0.037496596574783325,0.03954988345503807,0.041603170335292816,0.04365645721554756],"_type":"histogram","values":[1,0,0,0,0,0,1,0,0,0,0,0,1,0,0,0,0,1,0,0,0,0,0,0,0,0,0,0,0,0,0,0,0,0,0,0,1,3,2,7,3,9,4,5,9,1,3,1,2,1,1,0,1,2,1,2,1,0,0,0,0,0,0,1]},