{"epoch":10,"train_loss":0.8786547482013702,"val_accuracy":0.5846994535519126,"test_accuracy":0.23580786026200873,"_step":10,"train_accuracy":0.6511627906976745,"test_confusion_matrix":[[0,0,3,3,0],[0,0,75,20,1],[0,0,37,57,5],[0,0,3,15,8],[0,0,0,0,2]],"_timestamp":1.7328860247338197e+09,"_runtime":1.5908337000000001,"test_classification_report":"              precision    recall  f1-score   support\n\n           0       1.00      0.00      0.00         6\n           1       1.00      0.00      0.00        96\n           2       0.31      0.37      0.34        99\n           3       0.16      0.58      0.25        26\n           4       0.12      1.00      0.22         2\n\n    accuracy                           0.24       229\n   macro avg       0.52      0.39      0.16       229\nweighted avg       0.60      0.24      0.18       229\n","val_loss":1.0498241633176804,"_wandb":{"runtime":1}}