{"gradients/fc2.weight":{"bins":[-0.06327824294567108,-0.0606224499642849,-0.05796665698289871,-0.055310867726802826,-0.05265507474541664,-0.04999928176403046,-0.04734349250793457,-0.044687699526548386,-0.0420319065451622,-0.039376113563776016,-0.03672032058238983,-0.034064531326293945,-0.03140873834490776,-0.028752945363521576,-0.02609715610742569,-0.023441363126039505,-0.02078557014465332,-0.018129777163267136,-0.015473984181880951,-0.012818194925785065,-0.01016240194439888,-0.007506608963012695,-0.004850819706916809,-0.0021950267255306244,0.0004607662558555603,0.0031165555119514465,0.00577235221862793,0.008428141474723816,0.011083930730819702,0.013739727437496185,0.01639551669359207,0.019051313400268555,0.021707095205783844,0.02436288446187973,0.027018681168556213,0.0296744704246521,0.03233026713132858,0.03498605638742447,0.037641845643520355,0.04029764235019684,0.042953431606292725,0.04560922458767891,0.048265017569065094,0.05092080682516098,0.053576599806547165,0.05623239278793335,0.058888182044029236,0.06154397502541542,0.0641997680068016,0.06685556471347809,0.06951135396957397,0.07216714322566986,0.07482293248176575,0.07747872918844223,0.08013451844453812,0.0827903151512146,0.08544610440731049,0.08810189366340637,0.09075769037008286,0.09341347962617874,0.09606927633285522,0.09872506558895111,0.101380854845047,0.10403665155172348,0.10669244080781937],"_type":"histogram","values":[2,0,1,1,2,2,1,5,7,9,6,20,25,28,32,57,71,80,107,194,244,354,455,765,490,287,221,158,106,83,58,45,40,28,23,25,10,13,7,6,7,2,5,2,5,2,2,0,0,0,0,0,1,0,0,0,0,0,1,0,0,0,0,1]},"parameters/fc1.bias":{"values":[1,0,0,0,1,0,1,0,0,0,1,1,1,0,0,1,1,1,0,1,1,0,1,2,2,2,0,1,3,1,1,2,2,2,1,1,0,3,0,1,1,2,0,2,0,0,2,3,3,0,2,0,1,2,1,0,4,1,1,1,1,0,0,1],"bins":[-0.3918322026729584,-0.3775246739387512,-0.3632171154022217,-0.34890955686569214,-0.334602028131485,-0.32029449939727783,-0.3059869408607483,-0.29167938232421875,-0.2773718535900116,-0.26306432485580444,-0.2487567663192749,-0.23444922268390656,-0.2201416790485382,-0.20583413541316986,-0.1915265917778015,-0.17721904814243317,-0.16291150450706482,-0.14860396087169647,-0.13429641723632812,-0.11998888850212097,-0.10568132996559143,-0.09137377142906189,-0.07706624269485474,-0.06275871396064758,-0.04845115542411804,-0.0341435968875885,-0.019836068153381348,-0.005528539419174194,0.008779019117355347,0.023086577653884888,0.03739410638809204,0.051701635122299194,0.06600922346115112,0.08031678199768066,0.09462431073188782,0.10893183946609497,0.12323939800262451,0.13754695653915405,0.1518544852733612,0.16616201400756836,0.1804695725440979,0.19477713108062744,0.2090846598148346,0.22339218854904175,0.2376997470855713,0.25200730562210083,0.266314834356308,0.28062236309051514,0.2949299216270447,0.3092374801635742,0.32354500889778137,0.3378525376319885,0.35216009616851807,0.3664676547050476,0.38077518343925476,0.3950827121734619,0.40939027070999146,0.423697829246521,0.43800535798072815,0.4523128867149353,0.46662044525146484,0.4809280037879944,0.49523553252220154,0.5095430612564087,0.5238506197929382],"_type":"histogram"},"parameters/fc3.weight":{"_type":"histogram","values":[1,0,0,0,0,0,0,0,0,2,1,0,1,1,2,1,3,2,0,2,2,5,5,3,6,2,7,4,4,6,3,12,9,11,10,14,16,20,16,12,18,17,18,24,18,11,17,18,17,6,8,9,6,5,1,0,2,2,0,1,1,1,0,1],"bins":[-1.1794625520706177,-1.150819182395935,-1.1221758127212524,-1.0935324430465698,-1.0648890733718872,-1.0362457036972046,-1.007602334022522,-0.9789589047431946,-0.950315535068512,-0.9216721653938293,-0.8930287957191467,-0.8643854260444641,-0.8357420563697815,-0.8070986866950989,-0.7784552574157715,-0.7498118877410889,-0.7211685180664062,-0.6925251483917236,-0.663881778717041,-0.6352384090423584,-0.6065950393676758,-0.5779516696929932,-0.5493083000183105,-0.5206649303436279,-0.4920215606689453,-0.4633781909942627,-0.4347348213195801,-0.4060913920402527,-0.37744802236557007,-0.34880465269088745,-0.32016128301620483,-0.2915179133415222,-0.2628745436668396,-0.23423117399215698,-0.20558780431747437,-0.17694443464279175,-0.14830106496810913,-0.11965769529342651,-0.09101426601409912,-0.062370896339416504,-0.03372752666473389,-0.0050841569900512695,0.023559212684631348,0.052202582359313965,0.08084595203399658,0.1094893217086792,0.13813269138336182,0.16677609086036682,0.19541946053504944,0.22406283020973206,0.2527061998844147,0.2813495993614197,0.3099929690361023,0.3386363387107849,0.36727970838546753,0.39592307806015015,0.42456644773483276,0.4532098174095154,0.4818532168865204,0.5104966163635254,0.539139986038208,0.5677833557128906,0.5964267253875732,0.6250700950622559,0.6537134647369385]},"gradients/fc1.weight":{"values":[1,0,0,0,0,0,0,0,0,0,0,0,0,1,2,0,1,2,0,0,0,3,5,7,6,16,12,6,17,14,23,27,27,24,48,47,53,45,52,38,38,42,28,25,14,14,14,11,11,6,4,6,1,1,2,1,0,2,2,0,1,1,1,2],"bins":[-0.14149348437786102,-0.1376803070306778,-0.13386711478233337,-0.13005393743515015,-0.12624076008796692,-0.12242758274078369,-0.11861439794301987,-0.11480121314525604,-0.11098803579807281,-0.10717485845088959,-0.10336167365312576,-0.09954848885536194,-0.09573531150817871,-0.09192213416099548,-0.08810894936323166,-0.08429576456546783,-0.0804825872182846,-0.07666940987110138,-0.07285622507333755,-0.06904304027557373,-0.0652298629283905,-0.061416685581207275,-0.05760350078344345,-0.053790315985679626,-0.0499771386384964,-0.04616396129131317,-0.04235077649354935,-0.03853759169578552,-0.034724414348602295,-0.030911237001419067,-0.027098052203655243,-0.02328486740589142,-0.019471697509288788,-0.01565852016210556,-0.011845335364341736,-0.008032150566577911,-0.004218973219394684,-0.0004057958722114563,0.003407388925552368,0.007220573723316193,0.01103375107049942,0.014846928417682648,0.018660113215446472,0.022473298013210297,0.026286475360393524,0.03009965270757675,0.033912837505340576,0.0377260223031044,0.04153919965028763,0.045352380722761154,0.04916556179523468,0.052978742867708206,0.05679192394018173,0.06060510501265526,0.06441828608512878,0.06823146343231201,0.07204464823007584,0.07585783302783966,0.07967101037502289,0.08348418772220612,0.08729737251996994,0.09111055731773376,0.09492373466491699,0.09873691201210022,0.10255009680986404],"_type":"histogram"},"loss":0.505809713026573,"gradients/fc2.bias":{"_type":"histogram","values":[1,0,0,0,0,0,0,0,0,0,1,2,0,0,3,1,1,0,5,7,2,3,3,1,1,5,3,4,1,2,2,3,1,1,3,1,1,0,1,0,1,0,0,0,0,3,0,0,0,0,0,0,0,0,0,0,0,0,0,0,0,0,0,1],"bins":[-0.04970650002360344,-0.04782383143901825,-0.04594115912914276,-0.04405848681926727,-0.04217581823468208,-0.04029314965009689,-0.038410477340221405,-0.03652780503034592,-0.03464513644576073,-0.03276246786117554,-0.03087979555130005,-0.02899712510406971,-0.02711445465683937,-0.02523178420960903,-0.023349113762378693,-0.021466443315148354,-0.019583772867918015,-0.017701100558042526,-0.015818431973457336,-0.013935763388872147,-0.012053091078996658,-0.01017041876912117,-0.00828775018453598,-0.00640508159995079,-0.004522409290075302,-0.002639736980199814,-0.000757068395614624,0.0011256001889705658,0.003008272498846054,0.004890944808721542,0.006773613393306732,0.008656281977891922,0.010538950562477112,0.0124216228723526,0.01430429145693779,0.01618696004152298,0.018069632351398468,0.019952304661273956,0.021834973245859146,0.023717641830444336,0.025600314140319824,0.027482986450195312,0.029365655034780502,0.031248323619365692,0.03313099592924118,0.03501366823911667,0.03689633682370186,0.03877900540828705,0.04066167771816254,0.042544350028038025,0.044427018612623215,0.046309687197208405,0.04819235950708389,0.05007503181695938,0.05195770040154457,0.05384036898612976,0.05572304129600525,0.05760571360588074,0.05948838219046593,0.06137105077505112,0.0632537230849266,0.0651363953948021,0.06701906025409698,0.06890173256397247,0.07078440487384796]},"parameters/fc2.bias":{"_type":"histogram","values":[1,0,0,0,0,0,0,0,2,0,0,0,2,0,0,2,1,0,1,1,0,0,1,3,1,0,0,1,2,2,0,1,3,0,2,3,2,1,1,2,2,1,2,4,3,0,1,1,3,2,1,1,0,0,0,1,0,1,0,1,1,1,0,3],