{"_wandb":{"runtime":1},"test_confusion_matrix":[[0,0,4,2,0],[0,0,72,24,0],[0,0,39,60,0],[0,0,4,22,0],[0,0,0,2,0]],"_runtime":0.9801628,"test_accuracy":0.2663755458515284,"epoch":10,"val_accuracy":0.5300546448087432,"_timestamp":1.732886009001519e+09,"_step":10,"val_loss":1.3609883387883503,"test_classification_report":"              precision    recall  f1-score   support\n\n           0       1.00      0.00      0.00         6\n           1       1.00      0.00      0.00        96\n           2       0.33      0.39      0.36        99\n           3       0.20      0.85      0.32        26\n           4       1.00      0.00      0.00         2\n\n    accuracy                           0.27       229\n   macro avg       0.71      0.25      0.14       229\nweighted avg       0.62      0.27      0.19       229\n","train_loss":1.3304929534594219,"train_accuracy":0.573187414500684}