{"_wandb":{"runtime":40},"gradients/graph_6fc1.weight":{"bins":[-0.09470474720001221,-0.09109722077846527,-0.08748968690633774,-0.0838821604847908,-0.08027462661266327,-0.07666710019111633,-0.0730595737695694,-0.06945203989744186,-0.06584450602531433,-0.062236979603767395,-0.05862944945693016,-0.055021919310092926,-0.05141439288854599,-0.047806862741708755,-0.04419933259487152,-0.040591802448034286,-0.03698427230119705,-0.03337674215435982,-0.029769212007522583,-0.026161685585975647,-0.022554151713848114,-0.018946625292301178,-0.015339091420173645,-0.011731564998626709,-0.008124038577079773,-0.00451650470495224,-0.000908978283405304,0.002698555588722229,0.006306082010269165,0.009913615882396698,0.013521142303943634,0.017128676176071167,0.020736202597618103,0.02434372901916504,0.027951262891292572,0.03155878931283951,0.03516632318496704,0.03877384960651398,0.04238138347864151,0.045988909900188446,0.04959644377231598,0.053203970193862915,0.05681149661540985,0.060419030487537384,0.06402655690908432,0.06763409078121185,0.07124161720275879,0.07484914362430573,0.07845667749643326,0.08206421136856079,0.08567173779010773,0.08927926421165466,0.0928867980837822,0.09649432450532913,0.10010185837745667,0.1037093847990036,0.10731691122055054,0.11092444509267807,0.1145319789648056,0.11813950538635254,0.12174703180789948,0.1253545582294464,0.12896209955215454,0.13256962597370148,0.1361771523952484],"_type":"histogram","values":[1,1,1,0,1,0,0,4,1,1,1,0,3,8,4,6,2,8,7,12,9,9,18,15,22,30,25,25,24,15,16,8,12,6,9,8,5,9,4,5,1,0,1,1,2,2,2,2,0,0,0,2,0,0,0,0,0,0,0,1,0,2,0,1]},"val_loss":0.7135936597297932,"parameters/graph_6fc1.weight":{"values":[2,0,0,0,0,0,0,0,0,0,1,0,0,0,0,0,0,0,3,0,2,0,2,3,1,3,3,7,13,4,8,8,13,14,8,11,13,17,7,10,15,10,12,13,18,19,18,8,8,12,5,10,8,9,5,6,1,8,4,5,1,2,1,1],"bins":[-1.5429799556732178,-1.505998969078064,-1.4690178632736206,-1.4320368766784668,-1.3950557708740234,-1.3580747842788696,-1.3210936784744263,-1.2841126918792725,-1.247131586074829,-1.2101505994796753,-1.1731696128845215,-1.1361885070800781,-1.0992075204849243,-1.062226414680481,-1.0252454280853271,-0.9882643818855286,-0.95128333568573,-0.9143022894859314,-0.8773212432861328,-0.8403401970863342,-0.8033591508865356,-0.7663781642913818,-0.7293971180915833,-0.6924160718917847,-0.6554350256919861,-0.6184539794921875,-0.5814729332923889,-0.5444918870925903,-0.5075109004974365,-0.47052979469299316,-0.43354880809783936,-0.396567702293396,-0.35958659648895264,-0.32260560989379883,-0.28562450408935547,-0.24864351749420166,-0.2116624116897583,-0.1746814250946045,-0.1377003788948059,-0.10071933269500732,-0.06373828649520874,-0.026757240295410156,0.010223805904388428,0.04720485210418701,0.08418583869934082,0.1211668848991394,0.158147931098938,0.19512897729873657,0.23211002349853516,0.26909106969833374,0.3060721158981323,0.3430531322956085,0.3800341784954071,0.4170152246952057,0.4539962410926819,0.49097728729248047,0.527958333492279,0.5649393796920776,0.6019204258918762,0.6389014720916748,0.6758824586868286,0.7128635048866272,0.7498445510864258,0.7868255972862244,0.823806643486023],"_type":"histogram"},"gradients/graph_6fc1.bias":{"bins":[-0.10483706742525101,-0.10206922888755798,-0.09930139034986496,-0.09653355181217194,-0.09376571327447891,-0.09099787473678589,-0.08823003619909286,-0.08546219766139984,-0.08269435912370682,-0.0799265205860138,-0.07715868204832077,-0.07439084351062775,-0.07162301242351532,-0.0688551664352417,-0.06608733534812927,-0.06331948935985565,-0.06055165454745293,-0.0577838160097599,-0.05501597747206688,-0.052248138934373856,-0.04948030039668083,-0.04671246185898781,-0.043944623321294785,-0.04117678850889206,-0.038408949971199036,-0.03564111143350601,-0.03287327289581299,-0.030105434358119965,-0.02733759582042694,-0.024569757282733917,-0.021801918745040894,-0.01903408020734787,-0.016266241669654846,-0.013498403131961823,-0.010730564594268799,-0.007962726056575775,-0.0051948875188827515,-0.002427048981189728,0.0003407895565032959,0.0031086280941963196,0.005876466631889343,0.008644305169582367,0.011412139981985092,0.014179978519678116,0.01694781705737114,0.019715655595064163,0.022483494132757187,0.02525133267045021,0.028019171208143234,0.030787009745836258,0.03355484828352928,0.036322686821222305,0.03909052535891533,0.041858360171318054,0.04462619870901108,0.0473940372467041,0.050161875784397125,0.05292971432209015,0.05569755285978317,0.058465391397476196,0.06123322993516922,0.06400106847286224,0.06676890701055527,0.06953674554824829,0.07230458408594131],"_type":"histogram","values":[1,0,0,0,0,0,0,0,0,0,0,0,0,0,0,0,0,0,1,0,1,0,0,0,0,2,1,2,1,0,0,1,1,3,3,1,0,0,1,0,1,2,1,1,0,0,0,2,0,0,1,0,1,0,0,0,1,1,0,0,0,0,1,1]},"gradients/graph_6fc2.bias":{"bins":[-0.11804910004138947,-0.11449549347162247,-0.11094187945127487,-0.10738827288150787,-0.10383466631174088,-0.10028105974197388,-0.09672744572162628,-0.09317383915185928,-0.08962023258209229,-0.08606661856174469,-0.08251301199197769,-0.0789594054222107,-0.0754057914018631,-0.0718521922826767,-0.0682985782623291,-0.0647449716925621,-0.061191361397504807,-0.05763775110244751,-0.05408414453268051,-0.05053053796291351,-0.04697692394256592,-0.04342331737279892,-0.03986971080303192,-0.03631610423326492,-0.03276249021291733,-0.02920888364315033,-0.02565527707338333,-0.022101663053035736,-0.018548056483268738,-0.01499444991350174,-0.011440843343734741,-0.007887229323387146,-0.004333622753620148,-0.0007800161838531494,0.002773597836494446,0.006327204406261444,0.009880810976028442,0.01343441754579544,0.016988031566143036,0.020541638135910034,0.024095244705677032,0.027648858726024628,0.031202465295791626,0.034756071865558624,0.03830967843532562,0.04186329245567322,0.045416899025440216,0.048970505595207214,0.05252411589026451,0.05607772618532181,0.059631332755088806,0.0631849467754364,0.0667385458946228,0.0702921599149704,0.0738457664847374,0.0773993730545044,0.08095298707485199,0.08450659364461899,0.08806020021438599,0.09161381423473358,0.09516742080450058,0.09872102737426758,0.10227463394403458,0.10582824796438217,0.10938185453414917],"_type":"histogram","values":[1,0,0,0,0,0,0,0,0,0,0,0,0,0,0,0,0,0,0,0,0,0,0,0,1,0,0,0,0,1,0,0,0,0,0,0,0,0,1,0,0,0,1,0,0,0,0,0,0,0,0,0,0,0,0,0,0,0,0,0,0,0,0,1]},"test_confusion_matrix":[[91,0,0,0,0,0],[5,72,12,7,2,0],[3,10,59,19,2,0],[0,9,21,40,25,6],[0,3,0,27,57,22],[0,0,0,0,0,88]],"gradients/graph_6fc2.weight":{"bins":[-0.21621295809745789,-0.20938937366008759,-0.2025657743215561,-0.1957421898841858,-0.1889185905456543,-0.182095006108284,-0.1752714216709137,-0.1684478223323822,-0.1616242378950119,-0.1548006534576416,-0.1479770541191101,-0.1411534696817398,-0.1343298852443695,-0.127506285905838,-0.12068270146846771,-0.11385910958051682,-0.10703551769256592,-0.10021192580461502,-0.09338833391666412,-0.08656474947929382,-0.07974115014076233,-0.07291756570339203,-0.06609398126602173,-0.059270381927490234,-0.052446797490119934,-0.045623213052749634,-0.03879961371421814,-0.03197602927684784,-0.02515244483947754,-0.018328845500946045,-0.011505261063575745,-0.0046816617250442505,0.0021419376134872437,0.008965522050857544,0.015789121389389038,0.02261270582675934,0.029436305165290833,0.03625988960266113,0.04308347404003143,0.04990707337856293,0.05673065781593323,0.06355424225330353,0.07037784159183502,0.07720142602920532,0.08402501046657562,0.09084860980510712,0.09767219424247742,0.10449578613042831,0.11131937801837921,0.11814296990633011,0.124966561794281,0.1317901462316513,0.1386137306690216,0.1454373300075531,0.1522609144449234,0.1590844988822937,0.1659080982208252,0.1727316975593567,0.179555281996727,0.1863788664340973,0.19320246577262878,0.20002605020999908,0.20684963464736938,0.21367323398590088,0.22049681842327118],"_type":"histogram","values":[1,0,1,0,0,1,1,4,1,3,1,1,2,0,3,1,0,0,2,0,0,0,3,2,4,1,0,5,7,6,8,34,12,19,13,10,8,5,3,4,6,1,3,3,1,3,0,1,0,1,2,2,1,0,0,0,0,0,0,0,1,0,0,1]},"_timestamp":1.732891482057687e+09,"train_loss":0.6786526792265218,"parameters/graph_6fc2.bias":{"_type":"histogram",