{"train_accuracy":0.5167206040992449,"gradients/graph_9fc2.bias":{"values":[1,0,0,1,0,0,0,0,0,0,0,0,0,0,0,0,0,0,0,0,0,0,0,0,0,0,0,0,1,0,0,0,0,0,0,0,0,0,0,0,0,0,1,1,0,0,0,0,0,0,0,0,0,0,0,0,0,0,0,0,0,0,0,1],"bins":[-0.0585421659052372,-0.05661104619503021,-0.054679930210113525,-0.05274881422519684,-0.05081769451498985,-0.04888657480478287,-0.04695545881986618,-0.04502434283494949,-0.04309322312474251,-0.04116210341453552,-0.039230987429618835,-0.03729987144470215,-0.03536875173449516,-0.03343763202428818,-0.03150651603937149,-0.029575398191809654,-0.027644280344247818,-0.02571316435933113,-0.023782044649124146,-0.02185092493891716,-0.019919808954000473,-0.017988692969083786,-0.0160575732588768,-0.014126453548669815,-0.012195337563753128,-0.010264221578836441,-0.008333101868629456,-0.00640198215842247,-0.004470866173505783,-0.002539750188589096,-0.0006086304783821106,0.0013224892318248749,0.0032536089420318604,0.005184724926948547,0.007115844637155533,0.009046964347362518,0.010978080332279205,0.012909196317195892,0.014840316027402878,0.016771435737609863,0.01870255172252655,0.020633667707443237,0.022564787417650223,0.024495907127857208,0.026427023112773895,0.028358139097690582,0.030289258807897568,0.03222037851810455,0.03415149450302124,0.03608261048793793,0.03801373019814491,0.0399448499083519,0.041875965893268585,0.04380708187818527,0.04573820158839226,0.04766932129859924,0.04960043728351593,0.05153155326843262,0.0534626729786396,0.05539379268884659,0.057324908673763275,0.05925602465867996,0.06118714436888695,0.06311826407909393,0.06504938006401062],"_type":"histogram"},"parameters/graph_9fc2.weight":{"values":[3,1,3,3,2,0,2,2,5,0,4,5,4,5,1,5,6,2,7,2,9,4,5,11,6,12,6,11,4,9,12,11,7,7,16,10,10,9,12,7,9,8,6,8,8,8,15,6,9,8,6,8,4,4,7,4,5,4,4,1,4,3,1,4],"bins":[-0.25022315979003906,-0.2431398332118988,-0.23605650663375854,-0.2289731800556183,-0.22188985347747803,-0.21480652689933777,-0.20772318542003632,-0.20063985884189606,-0.1935565322637558,-0.18647320568561554,-0.17938987910747528,-0.17230653762817383,-0.16522321105003357,-0.1581398844718933,-0.15105655789375305,-0.1439732313156128,-0.13688990473747253,-0.12980657815933228,-0.12272325158119202,-0.11563992500305176,-0.1085565984249115,-0.10147325694561005,-0.09438993036746979,-0.08730660378932953,-0.08022327721118927,-0.07313995063304901,-0.06605662405490875,-0.058973297476768494,-0.05188995599746704,-0.04480662941932678,-0.03772330284118652,-0.030639976263046265,-0.023556634783744812,-0.016473308205604553,-0.009389981627464294,-0.0023066550493240356,0.004776671528816223,0.011860013008117676,0.018943339586257935,0.026026666164398193,0.03310999274253845,0.04019331932067871,0.04727664589881897,0.05435997247695923,0.06144331395626068,0.06852664053440094,0.0756099671125412,0.08269329369068146,0.08977662026882172,0.09685994684696198,0.10394327342510223,0.11102660745382309,0.11810993403196335,0.1251932680606842,0.13227659463882446,0.13935992121696472,0.14644324779510498,0.15352657437324524,0.1606099009513855,0.16769322752952576,0.17477655410766602,0.18185989558696747,0.18894322216510773,0.19602654874324799,0.20310987532138824],"_type":"histogram"},"_wandb":{"runtime":24},"gradients/graph_9fc2.weight":{"values":[1,1,0,0,0,1,0,0,0,0,0,0,0,0,0,0,1,0,0,0,0,1,1,2,3,2,0,3,1,2,1,0,3,2,5,5,3,8,2,4,13,10,4,12,10,13,23,44,44,30,38,31,19,12,7,5,4,3,5,3,0,1,0,1],"bins":[-0.22543449699878693,-0.22058868408203125,-0.21574287116527557,-0.2108970731496811,-0.20605126023292542,-0.20120544731616974,-0.19635963439941406,-0.1915138214826584,-0.1866680085659027,-0.18182221055030823,-0.17697639763355255,-0.17213058471679688,-0.1672847718000412,-0.16243895888328552,-0.15759316086769104,-0.15274734795093536,-0.1479015350341797,-0.143055722117424,-0.13820990920066833,-0.13336411118507385,-0.12851829826831818,-0.1236724853515625,-0.11882667243480682,-0.11398086696863174,-0.10913505405187607,-0.10428924113512039,-0.09944343566894531,-0.09459762275218964,-0.08975180983543396,-0.08490599691867828,-0.0800601989030838,-0.07521438598632812,-0.07036855816841125,-0.06552274525165558,-0.0606769323348999,-0.05583113431930542,-0.050985321402549744,-0.04613950848579407,-0.04129369556903839,-0.03644789010286331,-0.031602077186107635,-0.02675626426935196,-0.02191045880317688,-0.017064645886421204,-0.012218832969665527,-0.007373027503490448,-0.0025272145867347717,0.0023185908794403076,0.007164403796195984,0.01201021671295166,0.01685602217912674,0.021701835095882416,0.026547644287347794,0.03139345347881317,0.03623926639556885,0.041085075587034225,0.0459308847784996,0.05077669396996498,0.05562250316143036,0.060468316078186035,0.06531412899494171,0.07015993446111679,0.07500574737787247,0.07985155284404755,0.08469736576080322],"_type":"histogram"},"gradients/graph_9fc1.bias":{"values":[1,0,0,0,0,0,0,0,0,0,0,0,0,0,0,1,0,0,0,2,0,0,2,1,0,0,1,1,1,0,3,0,2,3,4,1,1,2,2,0,2,2,5,2,2,0,4,2,2,4,2,1,0,1,3,0,1,2,0,0,0,0,0,1],"bins":[-0.033691905438899994,-0.03289828449487686,-0.03210466727614403,-0.031311046332120895,-0.03051742911338806,-0.02972380816936493,-0.028930189087986946,-0.028136570006608963,-0.02734295092523098,-0.026549331843852997,-0.025755712762475014,-0.02496209368109703,-0.0241684727370739,-0.023374855518341064,-0.022581234574317932,-0.02178761549293995,-0.020993996411561966,-0.020200377330183983,-0.019406758248806,-0.018613137304782867,-0.017819520086050034,-0.0170258991420269,-0.016232280060648918,-0.015438660979270935,-0.014645041897892952,-0.013851422816514969,-0.013057803735136986,-0.012264184653759003,-0.01147056370973587,-0.010676944628357887,-0.009883325546979904,-0.009089706465601921,-0.008296089246869087,-0.007502470165491104,-0.006708851084113121,-0.005915232002735138,-0.005121612921357155,-0.0043279919773340225,-0.0035343728959560394,-0.0027407538145780563,-0.0019471347332000732,-0.0011535156518220901,-0.00035989657044410706,0.00043372251093387604,0.0012273434549570084,0.002020961605012417,0.0028145816177129745,0.0036082006990909576,0.004401819780468941,0.005195438861846924,0.005989057943224907,0.006782677955925465,0.007576297037303448,0.00836991611868143,0.009163536131381989,0.009957155212759972,0.010750774294137955,0.011544393375515938,0.012338012456893921,0.013131632469594479,0.013925251550972462,0.014718870632350445,0.015512490645051003,0.016306109726428986,0.01709972880780697],"_type":"histogram"},"gradients/graph_9fc1.weight":{"bins":[-0.04574623331427574,-0.043686699122190475,-0.04162716493010521,-0.03956763073801994,-0.037508100271224976,-0.03544856607913971,-0.03338903188705444,-0.03132949769496918,-0.02926996350288391,-0.027210429310798645,-0.02515089511871338,-0.023091362789273262,-0.021031828597187996,-0.01897229440510273,-0.016912762075662613,-0.014853227883577347,-0.01279369369149208,-0.010734159499406815,-0.008674625307321548,-0.006615091115236282,-0.004555556923151016,-0.0024960264563560486,-0.00043649226427078247,0.0016230419278144836,0.0036825761198997498,0.005742110311985016,0.007801644504070282,0.009861178696155548,0.011920709162950516,0.013980243355035782,0.016039777547121048,0.018099311739206314,0.020158842206001282,0.022218376398086548,0.024277910590171814,0.02633744478225708,0.028396978974342346,0.030456509441137314,0.03251604363322258,0.034575577825307846,0.03663511201739311,0.03869464620947838,0.040754180401563644,0.04281371459364891,0.04487324506044388,0.046932779252529144,0.04899231344461441,0.051051847636699677,0.05311138182878494,0.05517091602087021,0.057230450212955475,0.05928998440504074,0.06134951859712601,0.06340905278921127,0.06546857953071594,0.06752811372280121,0.06958764791488647,0.07164718210697174,0.073706716299057,0.07576625049114227,0.07782578468322754,0.0798853188753128,0.08194485306739807,0.08400438725948334,0.0860639214515686],"_type":"histogram","values":[2,0,0,0,1,1,5,1,4,2,4,10,9,10,13,19,17,27,20,54,47,62,50,72,54,46,39,29,26,20,16,8,5,5,5,6,5,0,1,2,1,3,0,0,0,0,0,0,1,1,0,0,0,0,0,0,0,0,0,0,0,0,0,1]},"val_accuracy":0.5452586206896551,"_timestamp":1.732891599432628e+09,