{"_step":100,"train_accuracy":0.7017783857729138,"gradients/graph_1fc1.bias":{"values":[1,0,0,0,0,0,0,0,1,1,0,0,1,1,2,4,4,1,3,4,6,1,2,7,9,5,6,4,7,11,6,6,5,1,2,4,0,4,3,3,2,2,0,0,1,2,2,0,0,0,0,0,0,0,2,0,0,1,0,0,0,0,0,1],"bins":[-0.04802244156599045,-0.04621380940079689,-0.044405173510313034,-0.042596541345119476,-0.04078790545463562,-0.03897927328944206,-0.037170637398958206,-0.03536200523376465,-0.03355336934328079,-0.031744737178087234,-0.029936103150248528,-0.02812746912240982,-0.026318835094571114,-0.024510201066732407,-0.0227015670388937,-0.020892933011054993,-0.019084298983216286,-0.01727566495537758,-0.015467032790184021,-0.013658396899700165,-0.011849764734506607,-0.01004112884402275,-0.008232496678829193,-0.006423860788345337,-0.004615228623151779,-0.002806592732667923,-0.0009979605674743652,0.000810675323009491,0.0026193074882030487,0.004427943378686905,0.006236575543880463,0.008045211434364319,0.009853843599557877,0.011662475764751434,0.01347111165523529,0.015279743820428848,0.017088379710912704,0.018897011876106262,0.02070564776659012,0.022514279931783676,0.024322915822267532,0.02613154798746109,0.027940183877944946,0.029748816043138504,0.03155745193362236,0.03336608409881592,0.035174719989299774,0.03698335215449333,0.03879198431968689,0.040600620210170746,0.0424092561006546,0.04421788826584816,0.04602652043104172,0.047835156321525574,0.04964379221200943,0.05145242437720299,0.053261056542396545,0.0550696924328804,0.05687832459807396,0.058686960488557816,0.06049559265375137,0.06230422854423523,0.06411286443471909,0.06592149287462234,0.0677301287651062],"_type":"histogram"},"test_accuracy":0.2096069868995633,"epoch":100,"parameters/graph_1fc1.weight":{"_type":"histogram","values":[3,0,2,2,1,5,7,14,19,21,23,27,18,16,28,28,38,25,37,30,15,22,25,40,31,30,23,25,20,22,31,25,16,22,33,27,35,23,23,36,19,34,37,29,16,25,32,30,30,28,18,36,34,16,28,23,25,24,27,7,8,7,4,3],"bins":[-0.42086970806121826,-0.40846771001815796,-0.39606568217277527,-0.38366368412971497,-0.3712616562843323,-0.358859658241272,-0.3464576303958893,-0.334055632352829,-0.3216536045074463,-0.309251606464386,-0.2968495786190033,-0.284447580575943,-0.2720455527305603,-0.2596435546875,-0.2472415417432785,-0.234839528799057,-0.2224375158548355,-0.210035502910614,-0.19763348996639252,-0.18523147702217102,-0.17282946407794952,-0.16042745113372803,-0.14802545309066772,-0.13562342524528503,-0.12322142720222473,-0.11081939935684204,-0.09841740131378174,-0.08601537346839905,-0.07361337542533875,-0.061211347579956055,-0.04880934953689575,-0.03640732169151306,-0.02400532364845276,-0.011603325605392456,0.0007987022399902344,0.013200700283050537,0.025602728128433228,0.03800472617149353,0.05040675401687622,0.06280875205993652,0.07521077990531921,0.08761277794837952,0.10001480579376221,0.11241680383682251,0.124818816781044,0.1372208297252655,0.149622842669487,0.1620248556137085,0.17442686855793,0.1868288815021515,0.19923089444637299,0.21163290739059448,0.22403492033481598,0.23643693327903748,0.24883893132209778,0.26124095916748047,0.27364295721054077,0.28604498505592346,0.29844698309898376,0.31084901094436646,0.32325100898742676,0.33565303683280945,0.34805503487586975,0.36045706272125244,0.37285906076431274]},"gradients/graph_1fc3.weight":{"values":[2,0,1,1,1,0,2,3,4,3,7,1,2,16,9,9,18,23,9,12,9,13,13,18,16,16,14,19,209,90,34,40,29,14,8,10,11,5,7,6,3,6,4,4,7,4,1,4,2,3,3,4,2,4,0,3,3,2,0,1,1,0,1,2],"bins":[-0.11287977546453476,-0.10891552269458771,-0.10495126992464066,-0.1009870171546936,-0.09702277183532715,-0.0930585190653801,-0.08909426629543304,-0.08513001352548599,-0.08116576075553894,-0.07720151543617249,-0.07323726266622543,-0.06927300989627838,-0.06530875712633133,-0.061344508081674576,-0.057380255311727524,-0.05341600626707077,-0.04945175349712372,-0.045487500727176666,-0.041523247957229614,-0.03755900263786316,-0.03359474986791611,-0.029630497097969055,-0.025666244328022003,-0.02170199155807495,-0.0177377387881279,-0.013773493468761444,-0.009809240698814392,-0.00584498792886734,-0.001880735158920288,0.002083517611026764,0.006047762930393219,0.010012015700340271,0.013976261019706726,0.017940513789653778,0.02190476655960083,0.025869011878967285,0.029833264648914337,0.03379751741886139,0.03776177018880844,0.04172602295875549,0.04569026827812195,0.049654521048069,0.05361877381801605,0.057583026587963104,0.061547279357910156,0.06551153212785721,0.06947577744722366,0.07344003021717072,0.07740428298711777,0.08136853575706482,0.08533278107643127,0.08929704129695892,0.09326128661632538,0.09722553938627243,0.10118979215621948,0.10515403747558594,0.10911829769611359,0.11308254301548004,0.1170467957854271,0.12101104855537415,0.1249753013253212,0.12893955409526825,0.1329037994146347,0.13686805963516235,0.1408323049545288],"_type":"histogram"},"train_loss":0.7514001208802928,"test_classification_report":"              precision    recall  f1-score   support\n\n           0       1.00      0.00      0.00         6\n           1       1.00      0.00      0.00        96\n           2       0.30      0.32      0.31        99\n           3       0.15      0.58      0.24        26\n           4       0.05      0.50      0.09         2\n\n    accuracy                           0.21       229\n   macro avg       0.50      0.28      0.13       229\nweighted avg       0.59      0.21      0.16       229\n","val_loss":1.0545360147953033,"gradients/graph_1fc3.bias":{"bins":[-0.048397619277238846,-0.04648202657699585,-0.044566430151462555,-0.04265083745121956,-0.04073524475097656,-0.03881964832544327,-0.03690405562520027,-0.034988462924957275,-0.03307286649942398,-0.031157273799180984,-0.02924168109893799,-0.027326086536049843,-0.025410491973161697,-0.0234948992729187,-0.021579304710030556,-0.01966371200978756,-0.017748117446899414,-0.015832524746656418,-0.013916928321123123,-0.012001335620880127,-0.01008574292063713,-0.008170146495103836,-0.00625455379486084,-0.004338961094617844,-0.002423364669084549,-0.0005077719688415527,0.0014078207314014435,0.0033234134316444397,0.005239009857177734,0.007154602557420731,0.009070195257663727,0.010985791683197021,0.012901388108730316,0.014816980808973312,0.016732577234506607,0.018648169934749603,0.0205637626349926,0.022479359060525894,0.02439495176076889,0.026310544461011887,0.028226137161254883,0.030141733586788177,0.032057326287031174,0.03397291898727417,0.035888515412807465,0.03780410811305046,0.03971970081329346,0.04163529723882675,0.04355088993906975,0.045466482639312744,0.04738207906484604,0.049297671765089035,0.05121326446533203,0.053128860890865326,0.05504445359110832,0.05696004629135132,0.05887564271688461,0.06079123541712761,0.0627068281173706,0.0646224245429039,0.0665380135178566,0.06845360994338989,0.07036920636892319,0.07228479534387589,0.07420039176940918],"_type":"histogram","values":[1,0,0,0,1,0,0,0,0,0,0,0,0,0,0,0,0,0,0,0,0,0,1,0,0,0,1,0,0,0,0,0,0,1,0,0,0,0,0,0,0,0,0,0,0,0,0,0,0,0,0,0,0,0,0,0,0,0,0,0,0,0,0,1]},"_runtime":10.0889166,"parameters/graph_1fc2.weight":{"values":[1,0,0,0,5,1,3,5,5,5,12,18,28,29,44,61,90,114,160,163,241,280,333,412,436,488,523,512,598,577,600,558,563,559,590,610,610,611,582,582,592,540,546,553,508,473,444,393,321,299,195,147,119,89,51,39,25,18,9,5,3,3,1,2],