{"val_accuracy":0.8060344827586207,"gradients/graph_4fc2.weight":{"_type":"histogram","values":[2,1,0,0,2,0,2,0,2,0,1,3,0,4,3,1,6,2,5,12,14,14,14,32,43,55,84,167,283,498,1110,4026,7195,1143,582,322,221,157,101,79,55,46,29,22,12,6,9,4,2,3,1,3,1,1,2,0,0,1,0,0,0,0,0,1],"bins":[-0.06270098686218262,-0.06074650585651398,-0.05879202485084534,-0.056837547570466995,-0.054883066564798355,-0.052928585559129715,-0.05097410827875137,-0.04901962727308273,-0.04706514626741409,-0.04511066526174545,-0.04315618425607681,-0.04120170697569847,-0.03924722597002983,-0.03729274496436119,-0.03533826768398285,-0.03338378667831421,-0.03142930567264557,-0.02947482466697693,-0.02752034366130829,-0.025565866380929947,-0.023611385375261307,-0.021656904369592667,-0.019702427089214325,-0.017747946083545685,-0.015793465077877045,-0.013838984072208405,-0.011884503066539764,-0.009930025786161423,-0.007975544780492783,-0.0060210637748241425,-0.004066586494445801,-0.0021121054887771606,-0.00015762075781822205,0.001796860247850418,0.0037513412535190582,0.0057058185338974,0.00766029953956604,0.00961478054523468,0.011569257825613022,0.013523738831281662,0.015478219836950302,0.017432700842618942,0.019387181848287582,0.021341659128665924,0.023296140134334564,0.025250621140003204,0.027205098420381546,0.029159579426050186,0.031114060431718826,0.033068541437387466,0.03502301871776581,0.03697749972343445,0.03893198072910309,0.04088646173477173,0.04284094274044037,0.04479542002081871,0.04674990102648735,0.04870438203215599,0.05065885931253433,0.05261334031820297,0.05456782132387161,0.05652230232954025,0.05847678333520889,0.060431260615587234,0.062385741621255875]},"_timestamp":1.7328874099075112e+09,"train_accuracy":0.7977346278317152,"gradients/graph_4fc2.bias":{"values":[1,0,0,0,0,0,0,0,0,1,1,0,0,0,0,0,1,1,2,0,0,2,2,4,2,1,6,7,11,5,8,7,6,5,10,2,6,6,3,6,2,5,3,1,0,3,1,1,0,1,1,1,0,1,0,0,0,0,1,0,0,0,0,1],"bins":[-0.03356675058603287,-0.03252038359642029,-0.03147401288151741,-0.03042764402925968,-0.029381275177001953,-0.028334908187389374,-0.027288539335131645,-0.026242170482873917,-0.025195801630616188,-0.02414943277835846,-0.02310306392610073,-0.022056695073843002,-0.021010328084230423,-0.019963957369327545,-0.018917590379714966,-0.017871221527457237,-0.01682485267519951,-0.01577848382294178,-0.014732114970684052,-0.013685746118426323,-0.012639377266168594,-0.011593010276556015,-0.010546641424298286,-0.009500272572040558,-0.00845390371978283,-0.007407534867525101,-0.006361166015267372,-0.0053147971630096436,-0.004268430173397064,-0.0032220613211393356,-0.002175692468881607,-0.0011293217539787292,-8.29547643661499e-05,0.0009634122252464294,0.0020097829401493073,0.003056151792407036,0.004102520644664764,0.005148887634277344,0.006195256486535072,0.007241625338792801,0.00828799419105053,0.009334363043308258,0.010380731895565987,0.011427100747823715,0.012473467737436295,0.013519836589694023,0.014566205441951752,0.01561257429420948,0.01665894314646721,0.017705311998724937,0.018751680850982666,0.019798047840595245,0.020844418555498123,0.021890785545110703,0.02293715439736843,0.02398352324962616,0.025029892101883888,0.026076260954141617,0.027122629806399345,0.028168998658657074,0.029215365648269653,0.030261734500527382,0.03130810335278511,0.03235447406768799,0.03340084105730057],"_type":"histogram"},"_step":100,"parameters/graph_4fc2.weight":{"_type":"histogram","values":[1,1,2,3,7,5,9,9,13,18,23,30,43,48,52,63,82,118,139,143,205,233,285,345,423,508,644,785,983,1224,1399,1581,1425,1214,972,767,565,471,316,251,188,169,127,93,87,66,59,32,30,27,25,21,10,13,8,10,4,2,1,3,0,2,1,1],"bins":[-0.623336911201477,-0.6032539010047913,-0.5831709504127502,-0.5630879402160645,-0.5430049896240234,-0.5229219794273376,-0.5028389692306519,-0.48275598883628845,-0.46267300844192505,-0.44259002804756165,-0.42250704765319824,-0.40242403745651245,-0.38234105706214905,-0.36225807666778564,-0.34217506647109985,-0.32209208607673645,-0.30200910568237305,-0.28192612528800964,-0.26184314489364624,-0.24176013469696045,-0.22167715430259705,-0.20159417390823364,-0.18151116371154785,-0.16142818331718445,-0.14134520292282104,-0.12126219272613525,-0.10117924213409424,-0.08109623193740845,-0.061013221740722656,-0.04093027114868164,-0.02084726095199585,-0.000764310359954834,0.019318699836730957,0.03940171003341675,0.059484660625457764,0.07956767082214355,0.09965062141418457,0.11973363161087036,0.13981664180755615,0.15989959239959717,0.17998260259628296,0.20006558299064636,0.22014856338500977,0.24023157358169556,0.26031455397605896,0.28039753437042236,0.30048054456710815,0.32056352496147156,0.34064650535583496,0.36072948575019836,0.38081246614456177,0.40089547634124756,0.42097845673561096,0.44106143712997437,0.46114444732666016,0.48122742772102356,0.501310408115387,0.5213934183120728,0.5414763689041138,0.5615593791007996,0.5816423892974854,0.6017253398895264,0.6218083500862122,0.6418913006782532,0.661974310874939]},"gradients/graph_4fc1.bias":{"_type":"histogram","values":[2,1,2,0,0,2,2,0,0,0,1,1,1,1,4,0,2,6,2,3,3,1,8,9,9,9,7,7,8,8,5,5,2,2,3,0,2,2,0,1,2,2,0,0,0,1,0,1,0,0,0,0,0,0,0,0,0,0,0,0,0,0,0,1],"bins":[-0.05325393006205559,-0.05105411261320114,-0.048854291439056396,-0.04665447399020195,-0.044454656541347504,-0.04225483536720276,-0.04005501791834831,-0.037855200469493866,-0.03565537929534912,-0.033455558121204376,-0.03125574067234993,-0.029055923223495483,-0.026856103911995888,-0.024656284600496292,-0.022456467151641846,-0.0202566459774971,-0.018056828528642654,-0.015857011079788208,-0.013657189905643463,-0.011457372456789017,-0.009257551282644272,-0.0070577338337898254,-0.004857916384935379,-0.002658095210790634,-0.00045827776193618774,0.0017415396869182587,0.0039413608610630035,0.00614117830991745,0.008340995758771896,0.010540816932916641,0.012740638107061386,0.014940451830625534,0.01714026927947998,0.019340090453624725,0.021539904177188873,0.023739725351333618,0.025939546525478363,0.02813936397433281,0.030339181423187256,0.032539002597332,0.03473882004618645,0.036938637495040894,0.03913845866918564,0.041338276118040085,0.04353809356689453,0.045737914741039276,0.04793773218989372,0.05013755336403847,0.052337370812892914,0.05453718826174736,0.056737009435892105,0.05893682688474655,0.061136648058891296,0.06333646178245544,0.06553628295660019,0.06773610413074493,0.06993591785430908,0.07213573902845383,0.07433556020259857,0.07653537392616272,0.07873519510030746,0.08093501627445221,0.08313483744859695,0.0853346511721611,0.08753447234630585]},"gradients/graph_4fc3.bias":{"_type":"histogram","values":[1,0,0,0,0,0,0,0,0,0,0,0,0,0,0,0,0,0,0,0,0,0,0,0,0,0,0,0,0,0,0,0,1,0,0,0,0,0,0,0,0,0,1,1,0,0,1,0,0,0,0,0,0,0,0,0,0,0,0,0,0,0,0,1],