{"parameters/fc3.weight":{"_type":"histogram","values":[1,0,0,0,0,0,1,0,0,0,0,1,1,0,2,0,0,1,0,0,0,2,5,2,3,2,3,2,6,2,4,4,5,10,9,10,6,11,17,12,15,13,21,42,32,28,31,15,17,11,5,8,7,6,3,1,1,0,2,0,0,3,0,1],"bins":[-5.19189977645874,-5.072751522064209,-4.9536027908325195,-4.834454536437988,-4.715306282043457,-4.596158027648926,-4.477009296417236,-4.357861042022705,-4.238712787628174,-4.119564056396484,-4.000415802001953,-3.881267547607422,-3.7621192932128906,-3.6429708003997803,-3.52382230758667,-3.4046740531921387,-3.2855257987976074,-3.166377305984497,-3.0472288131713867,-2.9280805587768555,-2.808932065963745,-2.689783811569214,-2.5706353187561035,-2.4514870643615723,-2.332338571548462,-2.2131903171539307,-2.0940418243408203,-1.974893569946289,-1.8557450771331787,-1.7365968227386475,-1.617448329925537,-1.4983000755310059,-1.3791515827178955,-1.2600030899047852,-1.140854835510254,-1.0217063426971436,-0.9025580883026123,-0.783409595489502,-0.6642613410949707,-0.5451128482818604,-0.4259645938873291,-0.30681610107421875,-0.1876678466796875,-0.06851935386657715,0.0506289005279541,0.16977739334106445,0.2889256477355957,0.40807414054870605,0.5272225141525269,0.6463708877563477,0.7655192613601685,0.8846676349639893,1.00381600856781,1.1229643821716309,1.2421127557754517,1.3612611293792725,1.4804096221923828,1.599557876586914,1.7187063694000244,1.8378546237945557,1.957003116607666,2.0761513710021973,2.1952998638153076,2.314448118209839,2.433596611022949]},"gradients/fc1.bias":{"_type":"histogram","values":[2,1,2,1,0,0,0,0,0,2,0,0,0,0,1,0,0,1,5,0,0,0,2,5,5,3,7,5,3,2,3,2,0,0,1,1,0,0,2,0,1,1,0,1,0,0,0,0,0,1,0,1,0,0,0,0,0,0,0,2,0,0,0,1],"bins":[-0.01811893843114376,-0.017426814883947372,-0.016734693199396133,-0.016042571514844894,-0.015350447967648506,-0.014658325351774693,-0.013966202735900879,-0.013274080120027065,-0.012581957504153252,-0.011889834888279438,-0.011197712272405624,-0.01050558965653181,-0.009813467040657997,-0.009121344424784184,-0.00842922180891037,-0.007737099193036556,-0.007044976577162743,-0.006352853961288929,-0.005660731345415115,-0.004968608729541302,-0.004276486113667488,-0.0035843634977936745,-0.002892240881919861,-0.0022001173347234726,-0.0015079956501722336,-0.0008158739656209946,-0.00012375041842460632,0.0005683731287717819,0.001260494813323021,0.00195261649787426,0.002644740045070648,0.0033368635922670364,0.004028987139463425,0.004721108824014664,0.005413232371211052,0.00610535591840744,0.006797477602958679,0.007489599287509918,0.008181722834706306,0.008873846381902695,0.009565968066453934,0.010258089751005173,0.010950213298201561,0.011642335914075375,0.012334458529949188,0.013026581145823002,0.013718703761696815,0.014410826377570629,0.015102948993444443,0.015795070677995682,0.01648719422519207,0.017179317772388458,0.017871439456939697,0.018563561141490936,0.019255684688687325,0.019947808235883713,0.020639929920434952,0.02133205160498619,0.02202417515218258,0.022716298699378967,0.023408420383930206,0.024100542068481445,0.024792665615677834,0.025484789162874222,0.02617691084742546]},"epoch":500,"gradients/fc2.weight":{"values":[1,0,0,2,0,1,0,1,1,1,3,1,2,3,1,2,2,6,8,9,11,15,22,22,35,78,113,358,1962,918,171,85,54,41,43,25,16,12,10,11,7,9,7,5,5,4,4,2,2,0,0,0,0,0,0,1,0,0,1,0,2,0,0,1],"bins":[-0.028488365933299065,-0.027501408010721207,-0.02651445008814335,-0.02552749216556549,-0.024540532380342484,-0.023553574457764626,-0.022566616535186768,-0.02157965861260891,-0.02059270069003105,-0.019605740904808044,-0.018618782982230186,-0.01763182505965233,-0.01664486713707447,-0.015657909214496613,-0.01467095036059618,-0.013683991506695747,-0.01269703358411789,-0.011710075661540031,-0.010723117738962173,-0.009736157953739166,-0.008749200031161308,-0.00776224210858345,-0.006775284186005592,-0.005788326263427734,-0.004801368340849876,-0.003814408555626869,-0.0028274506330490112,-0.0018404927104711533,-0.0008535347878932953,0.00013342313468456268,0.0011203829199075699,0.002107340842485428,0.0030942969024181366,0.004081254824995995,0.0050682127475738525,0.00605517253279686,0.007042130455374718,0.008029088377952576,0.009016046300530434,0.010003004223108292,0.010989964008331299,0.011976921930909157,0.012963879853487015,0.013950837776064873,0.01493779569864273,0.01592475362122059,0.016911713406443596,0.017898671329021454,0.018885629251599312,0.01987258717417717,0.020859546959400177,0.021846503019332886,0.022833462804555893,0.02382042072713375,0.02480737864971161,0.025794338434934616,0.026781294494867325,0.027768254280090332,0.02875521220266819,0.029742170125246048,0.030729128047823906,0.031716085970401764,0.03270304575562477,0.03369000181555748,0.03467696160078049],"_type":"histogram"},"parameters/fc1.bias":{"bins":[-0.5918387770652771,-0.5695347785949707,-0.5472308397293091,-0.5249269008636475,-0.5026229023933411,-0.48031893372535706,-0.45801496505737305,-0.43571099638938904,-0.41340702772140503,-0.391103059053421,-0.368799090385437,-0.346495121717453,-0.324191153049469,-0.301887184381485,-0.279583215713501,-0.25727924704551697,-0.23497527837753296,-0.21267130970954895,-0.19036734104156494,-0.16806337237358093,-0.14575940370559692,-0.12345543503761292,-0.1011514663696289,-0.07884746789932251,-0.05654352903366089,-0.03423959016799927,-0.011935591697692871,0.010368406772613525,0.032672345638275146,0.05497628450393677,0.07728028297424316,0.09958428144454956,0.12188822031021118,0.1441921591758728,0.1664961576461792,0.1888001561164856,0.21110409498214722,0.23340803384780884,0.25571203231811523,0.27801603078842163,0.30031996965408325,0.3226239085197449,0.34492790699005127,0.3672318756580353,0.3895358443260193,0.4118398129940033,0.4341437816619873,0.4564477503299713,0.4787517189979553,0.5010557174682617,0.5233596563339233,0.545663595199585,0.5679675936698914,0.5902715921401978,0.6125755310058594,0.634879469871521,0.6571834683418274,0.6794874668121338,0.7017914056777954,0.724095344543457,0.7463993430137634,0.7687033414840698,0.7910072803497314,0.8133112192153931,0.8356152176856995],"_type":"histogram","values":[2,0,0,1,2,1,1,1,0,1,1,1,2,2,0,1,0,1,0,0,0,1,1,2,2,1,0,2,2,3,2,2,1,1,1,0,4,0,2,0,5,0,1,0,1,2,0,0,1,1,1,1,2,2,1,0,0,0,0,0,0,0,1,1]},"_runtime":27.1793014,"_wandb":{"runtime":27},"accuracy":0.949671772428884,"gradients/fc3.weight":{"values":[1,0,0,0,0,0,0,0,0,1,0,0,0,0,1,0,0,0,0,0,1,0,1,1,0,2,1,5,1,3,3,6,4,5,18,30,217,34,14,9,4,6,4,4,3,0,1,0,1,0,0,1,0,0,0,0,1,0,0,0,0,0,0,1],"bins":[-0.04019961506128311,-0.03908710926771164,-0.03797460347414017,-0.036862101405858994,-0.03574959561228752,-0.03463708981871605,-0.033524587750434875,-0.0324120819568634,-0.03129957616329193,-0.03018707036972046,-0.029074566438794136,-0.027962062507867813,-0.02684955671429634,-0.02573705092072487,-0.024624546989798546,-0.023512043058872223,-0.02239953726530075,-0.02128703147172928,-0.020174527540802956,-0.019062023609876633,-0.01794951781630516,-0.01683701202273369,-0.015724508091807365,-0.014612004160881042,-0.01349949836730957,-0.012386992573738098,-0.011274488642811775,-0.010161984711885452,-0.00904947891831398,-0.007936973124742508,-0.006824471056461334,-0.005711965262889862,-0.004599457606673241,-0.0034869518131017685,-0.0023744460195302963,-0.0012619439512491226,-0.00014943815767765045,0.0009630676358938217,0.0020755715668201447,0.0031880754977464676,0.00430058129131794,0.005413087084889412,0.006525591015815735,0.007638094946742058,0.00875060074031353,0.009863106533885002,0.010975610464811325,0.012088114395737648,0.01320062018930912,0.014313125982880592,0.015425629913806915,0.016538135707378387,0.01765063963830471,0.018763143569231033,0.019875649362802505,0.020988155156373978,0.0221006590873003,0.023213163018226624,0.024325668811798096,0.025438174605369568,0.02655067853629589,0.027663182467222214,0.028775688260793686,0.029888194054365158,0.03100069798529148],"_type":"histogram"},"loss":0.23073946173977236,"parameters/fc3.bias":{"values":[1,0,0,0,0,0,0,0,0,0,0,0,0,0,0,0,0,1,0,0,0,0,0,0,1,0,0,0,0,0,0,0,0,0,0,1,0,0,0,0,0,0,0,0,0,0,0,0,0,0,1,0,0,0,0,0,0,0,0,0,0,0,0,1],