{"gradients/graph_8fc1.bias":{"bins":[-0.061793357133865356,-0.05971261486411095,-0.05763186886906624,-0.05555112659931183,-0.05347038432955742,-0.05138964205980301,-0.0493088960647583,-0.04722815379500389,-0.04514741152524948,-0.04306666553020477,-0.04098592326045036,-0.03890518099069595,-0.036824434995651245,-0.034743692725896835,-0.032662950456142426,-0.030582206323742867,-0.028501462191343307,-0.026420719921588898,-0.02433997392654419,-0.02225923165678978,-0.02017848938703537,-0.01809774339199066,-0.016017001122236252,-0.013936258852481842,-0.011855512857437134,-0.009774770587682724,-0.007694028317928314,-0.005613286048173904,-0.003532540053129196,-0.0014517977833747864,0.0006289444863796234,0.002709686756134033,0.0047904327511787415,0.00687117874622345,0.00895192101597786,0.01103266328573227,0.013113405555486679,0.015194151550531387,0.017274893820285797,0.019355636090040207,0.021436378359794617,0.023517124354839325,0.025597866624593735,0.027678608894348145,0.029759354889392853,0.03184009715914726,0.03392083942890167,0.03600158542394638,0.03808232769370079,0.0401630699634552,0.04224381595849991,0.04432455822825432,0.04640530049800873,0.048486046493053436,0.050566788762807846,0.052647531032562256,0.054728277027606964,0.056809019297361374,0.058889761567115784,0.06097050756216049,0.0630512461066246,0.06513199210166931,0.06721273809671402,0.06929347664117813,0.07137422263622284],"_type":"histogram","values":[1,0,1,0,0,0,1,0,1,1,0,0,0,2,0,0,1,0,0,2,1,0,1,0,0,1,3,3,6,5,0,2,1,1,2,1,1,2,6,1,0,1,3,2,1,1,1,2,0,1,1,1,0,0,0,0,0,0,1,0,0,0,1,1]},"gradients/graph_8fc1.weight":{"bins":[-0.18766793608665466,-0.18065427243709564,-0.17364059388637543,-0.1666269302368164,-0.1596132516860962,-0.15259958803653717,-0.14558592438697815,-0.13857224583625793,-0.1315585821866989,-0.1245449110865593,-0.11753123998641968,-0.11051756888628006,-0.10350389778614044,-0.09649022668600082,-0.0894765630364418,-0.08246289193630219,-0.07544922083616257,-0.06843554973602295,-0.06142188608646393,-0.05440820753574371,-0.04739454388618469,-0.04038086533546448,-0.03336720168590546,-0.026353538036346436,-0.01933985948562622,-0.0123261958360672,-0.005312517285346985,0.0017011463642120361,0.008714810013771057,0.015728488564491272,0.022742152214050293,0.029755830764770508,0.03676949441432953,0.04378315806388855,0.050796836614608765,0.057810500264167786,0.064824178814888,0.07183784246444702,0.07885150611400604,0.08586518466472626,0.09287884831428528,0.0998925268650055,0.10690619051456451,0.11391985416412354,0.12093353271484375,0.12794719636440277,0.13496087491512299,0.141974538564682,0.14898821711540222,0.15600188076496124,0.16301554441452026,0.17002922296524048,0.1770428866147995,0.18405655026435852,0.19107022881507874,0.19808390736579895,0.20509757101535797,0.212111234664917,0.2191249132156372,0.22613857686519623,0.23315224051475525,0.24016591906547546,0.24717958271503448,0.2541932463645935,0.2612069249153137],"_type":"histogram","values":[3,1,0,0,0,2,0,1,0,1,1,1,2,0,2,1,2,3,2,7,11,14,23,50,75,75,102,112,79,50,18,24,11,5,5,2,1,1,2,4,2,0,0,0,2,1,0,0,0,0,0,0,0,1,1,1,0,0,0,0,1,1,0,1]},"train_accuracy":0.7858683926645091,"train_loss":0.5284628816719713,"parameters/graph_8fc1.bias":{"_type":"histogram","values":[1,0,0,0,0,1,2,2,0,1,0,1,0,1,2,2,2,0,0,1,1,2,1,2,0,0,1,2,3,1,2,0,1,0,3,1,1,3,0,1,1,3,1,2,3,1,0,0,1,0,1,1,2,0,3,1,0,2,0,0,0,0,0,1],"bins":[-0.45254620909690857,-0.4402787387371063,-0.4280112683773041,-0.41574379801750183,-0.4034762978553772,-0.39120882749557495,-0.3789413571357727,-0.36667388677597046,-0.3544064164161682,-0.34213894605636597,-0.3298714756965637,-0.3176040053367615,-0.30533653497695923,-0.293069064617157,-0.28080156445503235,-0.2685340940952301,-0.25626662373542786,-0.2439991533756256,-0.23173168301582336,-0.21946419775485992,-0.20719672739505768,-0.19492924213409424,-0.182661771774292,-0.17039430141448975,-0.1581268310546875,-0.14585936069488525,-0.133591890335083,-0.12132441997528076,-0.10905691981315613,-0.09678944945335388,-0.08452197909355164,-0.07225450873374939,-0.059987038373947144,-0.0477195680141449,-0.03545209765434265,-0.023184627294540405,-0.01091715693473816,0.0013503432273864746,0.01361781358718872,0.025885283946990967,0.03815275430679321,0.05042022466659546,0.0626876950263977,0.07495516538619995,0.08722265064716339,0.09949012100696564,0.11175760626792908,0.12402507662773132,0.13629254698753357,0.14856001734733582,0.16082748770713806,0.1730949729681015,0.18536244332790375,0.197629913687706,0.20989739894866943,0.22216486930847168,0.23443233966827393,0.24669981002807617,0.2589672803878784,0.27123475074768066,0.2835022211074829,0.29576972126960754,0.3080371916294098,0.32030466198921204,0.3325721323490143]},"parameters/graph_8fc2.weight":{"_type":"histogram","values":[1,0,0,0,1,1,0,3,2,3,7,3,11,4,14,11,11,12,12,17,28,24,36,42,72,82,88,107,163,174,213,278,356,367,344,298,260,209,192,132,100,91,72,59,38,38,24,22,15,11,13,6,7,4,6,3,3,3,0,1,0,0,1,1],"bins":[-0.9985128045082092,-0.9686589241027832,-0.9388050436973572,-0.9089512228965759,-0.8790973424911499,-0.8492434620857239,-0.8193895816802979,-0.7895357608795166,-0.7596818804740906,-0.7298280000686646,-0.6999741196632385,-0.6701202392578125,-0.6402664184570312,-0.6104125380516052,-0.5805586576461792,-0.550704836845398,-0.5208508968353271,-0.4909970760345459,-0.4611431956291199,-0.43128931522369385,-0.4014354348182678,-0.3715816140174866,-0.34172773361206055,-0.3118738532066345,-0.2820199728012085,-0.25216609239578247,-0.22231227159500122,-0.1924583911895752,-0.16260451078414917,-0.13275063037872314,-0.1028968095779419,-0.07304292917251587,-0.043189048767089844,-0.013335168361663818,0.016518712043762207,0.04637253284454346,0.07622641324996948,0.10608029365539551,0.13593417406082153,0.16578799486160278,0.1956418752670288,0.22549575567245483,0.25534963607788086,0.2852035164833069,0.31505733728408813,0.34491121768951416,0.3747650980949402,0.4046189785003662,0.43447282910346985,0.4643267095088959,0.4941805601119995,0.5240344405174255,0.5538883209228516,0.5837421417236328,0.6135960221290588,0.6434499025344849,0.6733037829399109,0.7031576633453369,0.7330114841461182,0.7628653645515442,0.7927192449569702,0.8225731253623962,0.8524269461631775,0.8822808265686035,0.9121347069740295]},"val_loss":0.46368054673075676,"_step":100,"test_accuracy":0.8086206896551724,"parameters/graph_8fc1.weight":{"bins":[-0.9750508069992065,-0.9479203820228577,-0.9207899570465088,-0.8936594724655151,-0.8665290474891663,-0.8393986225128174,-0.8122681379318237,-0.7851377129554749,-0.758007287979126,-0.7308768630027771,-0.7037464380264282,-0.6766159534454346,-0.6494855284690857,-0.6223551034927368,-0.5952246189117432,-0.5680941939353943,-0.5409637689590454,-0.5138333439826965,-0.48670288920402527,-0.459572434425354,-0.4324420094490051,-0.40531158447265625,-0.3781810998916626,-0.3510506749153137,-0.32392024993896484,-0.29678982496261597,-0.2696593999862671,-0.24252891540527344,-0.21539849042892456,-0.18826806545257568,-0.16113758087158203,-0.13400715589523315,-0.1068766713142395,-0.07974624633789062,-0.05261582136154175,-0.025485336780548096,0.0016450881958007812,0.028775513172149658,0.05590599775314331,0.08303642272949219,0.11016684770584106,0.13729727268218994,0.16442769765853882,0.19155818223953247,0.21868860721588135,0.24581903219223022,0.2729494869709015,0.30007994174957275,0.32721036672592163,0.3543407917022705,0.3814712464809418,0.40860170125961304,0.4357321262359619,0.4628625512123108,0.48999300599098206,0.5171234607696533,0.5442538857460022,0.5713843107223511,0.5985147953033447,0.6256452202796936,0.6527756452560425,0.6799060702323914,0.7070364952087402,0.7341669797897339,0.7612974047660828],"_type":"histogram","values":[1,0,0,0,0,0,0,1,2,1,4,2,0,1,4,2,5,8,5,6,9,11,11,12,15,20,16,19,22,29,25,15,19,30,23,22,27,34,27,30,27,20,23,19,18,23,18,20,13,20,10,5,11,6,5,0,0,3,2,1,1,0,0,1]},"_timestamp":1.73288750138373e+09,"_runtime":8.9252709,"val_accuracy":0.8103448275862069,"parameters/graph_8fc3.weight":{"_type":"histogram",