{"epoch":10,"test_accuracy":0.2838427947598253,"_step":10,"train_accuracy":0.5909712722298222,"train_loss":1.0225474860357202,"test_confusion_matrix":[[0,0,4,2,0],[0,0,72,24,0],[0,0,44,55,0],[0,0,5,21,0],[0,0,0,2,0]],"val_accuracy":0.546448087431694,"test_classification_report":"              precision    recall  f1-score   support\n\n           0       1.00      0.00      0.00         6\n           1       1.00      0.00      0.00        96\n           2       0.35      0.44      0.39        99\n           3       0.20      0.81      0.32        26\n           4       1.00      0.00      0.00         2\n\n    accuracy                           0.28       229\n   macro avg       0.71      0.25      0.14       229\nweighted avg       0.63      0.28      0.21       229\n","_runtime":1.2966521,"val_loss":1.1218342383702595,"_timestamp":1.732886060700609e+09,"_wandb":{"runtime":1}}