{"val_loss":1.0908874521652858,"_runtime":11.4251634,"parameters/graph_3fc2.bias":{"_type":"histogram","values":[2,0,0,1,1,0,0,0,1,2,1,1,0,0,0,1,0,2,0,0,1,0,1,1,1,2,2,1,1,1,1,1,1,0,1,0,1,1,2,1,1,1,4,2,1,2,1,1,1,1,1,0,3,3,1,0,2,2,1,0,1,0,1,2],"bins":[-0.13586834073066711,-0.1279454231262207,-0.12002251297235489,-0.11209960281848907,-0.10417668521404266,-0.09625377506017685,-0.08833086490631104,-0.08040794730186462,-0.07248503714799881,-0.064562126994133,-0.056639209389686584,-0.04871629923582077,-0.040793389081954956,-0.032870471477508545,-0.02494756132364273,-0.01702464371919632,-0.009101733565330505,-0.0011788159608840942,0.006744086742401123,0.014667004346847534,0.022589921951293945,0.030512824654579163,0.038435742259025574,0.046358659863471985,0.0542815625667572,0.06220448017120361,0.07012739777565002,0.07805031538009644,0.08597321808338165,0.09389613568782806,0.10181905329227448,0.10974195599555969,0.1176648736000061,0.12558779120445251,0.13351069390773773,0.14143361151218414,0.14935652911663055,0.15727943181991577,0.16520234942436218,0.1731252670288086,0.181048184633255,0.18897108733654022,0.19689400494098663,0.20481692254543304,0.21273982524871826,0.22066274285316467,0.22858566045761108,0.2365085631608963,0.2444314807653427,0.25235438346862793,0.26027730107307434,0.26820021867752075,0.27612313628196716,0.2840460538864136,0.2919689416885376,0.2998918890953064,0.3078147768974304,0.31573769450187683,0.32366061210632324,0.33158352971076965,0.33950644731521606,0.3474293351173401,0.3553522527217865,0.3632751703262329,0.3711980879306793]},"parameters/graph_3fc1.bias":{"bins":[-0.5149162411689758,-0.5022461414337158,-0.4895760416984558,-0.4769059419631958,-0.4642358422279358,-0.4515657424926758,-0.43889564275741577,-0.4262255132198334,-0.41355541348457336,-0.40088531374931335,-0.38821521401405334,-0.37554511427879333,-0.3628750145435333,-0.3502049148082733,-0.3375347852706909,-0.3248646855354309,-0.3121945858001709,-0.2995244860649109,-0.2868543863296509,-0.27418428659439087,-0.26151418685913086,-0.24884408712387085,-0.23617398738861084,-0.22350388765335083,-0.21083378791809082,-0.1981636881828308,-0.1854935884475708,-0.1728234589099884,-0.1601533591747284,-0.14748325943946838,-0.13481315970420837,-0.12214305996894836,-0.10947296023368835,-0.09680286049842834,-0.08413276076316833,-0.07146266102790833,-0.058792561292648315,-0.046122461557388306,-0.03345233201980591,-0.0207822322845459,-0.008112132549285889,0.004557967185974121,0.01722806692123413,0.02989816665649414,0.04256826639175415,0.05523836612701416,0.06790848076343536,0.08057858049869537,0.09324868023395538,0.1059187799692154,0.1185888797044754,0.1312589943408966,0.14392909407615662,0.15659919381141663,0.16926929354667664,0.18193939328193665,0.19460949301719666,0.20727959275245667,0.21994970738887787,0.23261980712413788,0.2452899068593979,0.2579600214958191,0.2706301212310791,0.2833002209663391,0.2959703207015991],"_type":"histogram","values":[1,1,0,0,1,0,0,1,1,1,1,1,1,0,0,1,2,1,3,0,1,1,1,2,1,2,1,1,0,2,2,0,2,2,1,3,0,1,2,3,1,2,0,3,1,0,0,0,2,2,1,2,1,0,0,2,1,1,0,0,0,0,0,1]},"test_classification_report":"              precision    recall  f1-score   support\n\n           0       1.00      0.00      0.00         6\n           1       1.00      0.00      0.00        96\n           2       0.28      0.31      0.29        99\n           3       0.14      0.54      0.23        26\n           4       0.10      1.00      0.18         2\n\n    accuracy                           0.21       229\n   macro avg       0.50      0.37      0.14       229\nweighted avg       0.58      0.21      0.15       229\n","gradients/graph_3fc1.bias":{"values":[1,0,1,0,0,1,0,1,1,1,3,0,2,0,0,2,1,0,1,2,3,1,3,3,2,3,1,7,3,3,2,2,2,1,0,2,2,0,1,1,1,0,0,0,0,0,0,0,0,2,0,0,0,0,0,0,1,0,0,0,0,0,0,1],"bins":[-0.052063435316085815,-0.05014350265264511,-0.04822356998920441,-0.046303641051054,-0.044383708387613297,-0.04246377572417259,-0.04054384306073189,-0.03862391412258148,-0.03670398145914078,-0.03478404879570007,-0.03286411613225937,-0.030944185331463814,-0.02902425266802311,-0.027104321867227554,-0.02518438920378685,-0.023264458402991295,-0.02134452573955059,-0.019424594938755035,-0.01750466227531433,-0.015584729611873627,-0.013664796948432922,-0.011744868010282516,-0.009824935346841812,-0.007905002683401108,-0.0059850700199604034,-0.004065137356519699,-0.002145208418369293,-0.00022527575492858887,0.0016946569085121155,0.00361458957195282,0.005534518510103226,0.00745445117354393,0.009374383836984634,0.011294316500425339,0.013214249163866043,0.015134178102016449,0.017054110765457153,0.018974043428897858,0.020893976092338562,0.022813905030488968,0.024733837693929672,0.026653770357370377,0.02857370302081108,0.030493635684251785,0.03241356462240219,0.034333497285842896,0.0362534299492836,0.038173362612724304,0.04009329527616501,0.04201322793960571,0.04393315687775612,0.04585308954119682,0.04777301847934723,0.04969295114278793,0.05161288380622864,0.05353281646966934,0.055452749133110046,0.05737268179655075,0.05929261073470116,0.06121254339814186,0.06313247233629227,0.06505240499973297,0.06697233766317368,0.06889227032661438,0.07081220299005508],"_type":"histogram"},"_wandb":{"runtime":11},"val_accuracy":0.5792349726775956,"train_loss":0.8398619812467824,"parameters/graph_3fc3.weight":{"_type":"histogram","values":[2,0,1,2,1,0,1,1,1,0,0,1,0,1,1,1,1,1,5,1,1,5,4,6,3,6,5,3,4,9,6,1,7,2,1,8,5,5,10,16,6,11,12,7,7,15,10,9,10,15,21,25,15,28,20,16,7,7,7,2,3,1,1,1],"bins":[-0.8029272556304932,-0.7863805294036865,-0.7698338627815247,-0.753287136554718,-0.7367404103279114,-0.7201937437057495,-0.7036470174789429,-0.6871002912521362,-0.6705536246299744,-0.6540068984031677,-0.6374602317810059,-0.6209135055541992,-0.6043667793273926,-0.5878200531005859,-0.5712733864784241,-0.5547266602516174,-0.5381799936294556,-0.5216332674026489,-0.5050865411758423,-0.48853984475135803,-0.4719931483268738,-0.45544642210006714,-0.4388997256755829,-0.42235302925109863,-0.405806303024292,-0.38925960659980774,-0.3727129101753235,-0.35616621375083923,-0.3396194875240326,-0.32307279109954834,-0.3065260946750641,-0.28997939825057983,-0.2734327018260956,-0.25688597559928894,-0.2403392791748047,-0.22379258275032043,-0.20724588632583618,-0.19069916009902954,-0.1741524636745453,-0.15760576725006104,-0.14105907082557678,-0.12451234459877014,-0.10796564817428589,-0.09141895174980164,-0.074872225522995,-0.05832552909851074,-0.04177883267402649,-0.02523210644721985,-0.008685410022735596,0.007861301302909851,0.024407997727394104,0.04095470905303955,0.057501405477523804,0.07404811680316925,0.0905948281288147,0.10714152455329895,0.1236882358789444,0.14023494720458984,0.1567816436290741,0.17332835495471954,0.189875066280365,0.20642176270484924,0.2229684740304947,0.23951517045497894,0.2560618817806244]},"parameters/graph_3fc2.weight":{"_type":"histogram","values":[1,1,1,2,1,2,3,11,5,9,15,14,23,18,33,39,41,50,61,82,76,106,121,150,162,146,179,201,208,204,209,200,193,192,180,196,160,130,100,96,87,87,60,52,29,35,24,28,20,14,8,8,5,3,6,1,2,1,1,0,1,1,0,2],