{"train_loss":1.0609172036250432,"epoch":10,"test_accuracy":0.29694323144104806,"test_confusion_matrix":[[0,0,3,3,0],[0,0,77,19,0],[0,0,43,56,0],[0,0,1,25,0],[0,0,0,2,0]],"train_accuracy":0.5827633378932968,"_runtime":0.9915508,"_wandb":{"runtime":1},"_step":10,"val_accuracy":0.5136612021857924,"_timestamp":1.7328860305400946e+09,"test_classification_report":"              precision    recall  f1-score   support\n\n           0       1.00      0.00      0.00         6\n           1       1.00      0.00      0.00        96\n           2       0.35      0.43      0.39        99\n           3       0.24      0.96      0.38        26\n           4       1.00      0.00      0.00         2\n\n    accuracy                           0.30       229\n   macro avg       0.72      0.28      0.15       229\nweighted avg       0.63      0.30      0.21       229\n","val_loss":1.2087010145187378}