{"gradients/graph_3fc2.weight":{"bins":[-0.022914700210094452,-0.022075552493333817,-0.02123640477657318,-0.020397257059812546,-0.01955811120569706,-0.018718963488936424,-0.01787981577217579,-0.017040668055415154,-0.016201522201299667,-0.015362374484539032,-0.014523226767778397,-0.013684079051017761,-0.012844931334257126,-0.012005784548819065,-0.01116663683205843,-0.010327490046620369,-0.009488342329859734,-0.008649194613099098,-0.0078100478276610374,-0.006970901042222977,-0.006131753325462341,-0.005292605608701706,-0.0044534578919410706,-0.003614310175180435,-0.0027751624584198,-0.0019360166043043137,-0.0010968688875436783,-0.0002577211707830429,0.0005814265459775925,0.0014205742627382278,0.002259720116853714,0.0030988678336143494,0.0039380136877298355,0.004777161404490471,0.005616309121251106,0.006455454975366592,0.007294602692127228,0.008133750408887863,0.008972898125648499,0.009812045842409134,0.01065119169652462,0.011490339413285255,0.01232948713004589,0.013168634846806526,0.014007782563567162,0.014846930280327797,0.015686076134443283,0.01652522385120392,0.017364371567964554,0.01820351928472519,0.019042667001485825,0.01988181471824646,0.020720960572361946,0.02156010828912258,0.022399256005883217,0.023238403722643852,0.02407754957675934,0.024916697293519974,0.02575584501028061,0.026594992727041245,0.02743414044380188,0.028273288160562515,0.029112434014678,0.029951581731438637,0.030790729448199272],"_type":"histogram","values":[1,0,2,1,4,5,4,12,11,11,5,10,18,29,34,32,58,60,111,118,181,256,398,504,789,1302,2485,6010,1262,715,522,355,274,186,142,104,73,57,52,44,39,22,8,17,4,8,9,7,5,5,5,2,3,3,2,1,3,1,0,0,0,2,0,1]},"_runtime":9.6602196,"parameters/graph_3fc3.weight":{"_type":"histogram","values":[1,0,0,0,0,0,1,1,0,2,4,0,0,1,2,0,2,4,1,2,3,4,7,6,6,7,11,10,13,13,11,14,12,16,15,17,15,16,19,23,15,20,20,21,29,53,62,83,63,56,24,13,12,10,6,3,4,5,4,1,2,0,0,3],"bins":[-0.8662988543510437,-0.8466734886169434,-0.8270480632781982,-0.8074226975440979,-0.7877973318099976,-0.7681719660758972,-0.7485466003417969,-0.7289211750030518,-0.7092958092689514,-0.6896704435348511,-0.670045018196106,-0.6504196524620056,-0.6307942867279053,-0.6111689209938049,-0.5915435552597046,-0.5719181299209595,-0.5522927641868591,-0.5326673984527588,-0.5130419731140137,-0.49341660737991333,-0.473791241645813,-0.45416587591171265,-0.4345404803752899,-0.4149150848388672,-0.39528971910476685,-0.3756643533706665,-0.35603898763656616,-0.33641356229782104,-0.3167881965637207,-0.29716283082962036,-0.27753740549087524,-0.2579120397567749,-0.23828673362731934,-0.218661367893219,-0.19903600215911865,-0.17941057682037354,-0.1597852110862732,-0.14015984535217285,-0.12053442001342773,-0.10090905427932739,-0.08128368854522705,-0.06165832281112671,-0.04203292727470398,-0.02240753173828125,-0.002782166004180908,0.016843199729919434,0.03646859526634216,0.05609399080276489,0.07571935653686523,0.09534472227096558,0.1149701178073883,0.13459551334381104,0.15422087907791138,0.1738462597131729,0.19347164034843445,0.21309702098369598,0.23272240161895752,0.25234776735305786,0.2719731628894806,0.2915985584259033,0.31122392416000366,0.330849289894104,0.35047468543052673,0.37010008096694946,0.3897254467010498]},"_timestamp":1.7328873846307943e+09,"train_accuracy":0.7950377562028047,"parameters/graph_3fc1.weight":{"values":[1,0,0,0,1,1,1,1,2,3,3,8,6,7,7,9,12,12,11,18,25,29,16,34,22,43,40,38,46,56,54,48,54,53,44,48,56,41,40,58,42,63,49,42,46,36,35,26,33,22,23,8,12,4,5,2,5,3,1,2,0,0,0,1],"bins":[-0.8325430750846863,-0.8088294863700867,-0.7851158976554871,-0.7614023089408875,-0.7376887202262878,-0.7139751315116882,-0.6902614831924438,-0.6665478944778442,-0.6428343057632446,-0.619120717048645,-0.5954071283340454,-0.5716935396194458,-0.5479799509048462,-0.5242663621902466,-0.500552773475647,-0.47683918476104736,-0.45312559604644775,-0.42941200733184814,-0.40569841861724854,-0.3819848299026489,-0.3582712411880493,-0.3345576226711273,-0.3108440637588501,-0.2871304750442505,-0.2634168267250061,-0.2397032380104065,-0.21598964929580688,-0.19227606058120728,-0.16856247186660767,-0.14484888315200806,-0.12113529443740845,-0.09742170572280884,-0.07370805740356445,-0.049994468688964844,-0.026280879974365234,-0.002567291259765625,0.021146297454833984,0.044859886169433594,0.0685734748840332,0.09228706359863281,0.11600065231323242,0.1397143006324768,0.16342788934707642,0.18714144825935364,0.21085506677627563,0.23456865549087524,0.25828224420547485,0.28199583292007446,0.3057094216346741,0.3294230103492737,0.3531365990638733,0.3768501877784729,0.4005637764930725,0.4242773950099945,0.4479909837245941,0.4717045724391937,0.49541816115379333,0.5191317796707153,0.5428453683853149,0.5665589570999146,0.5902725458145142,0.6139861345291138,0.6376997232437134,0.661413311958313,0.6851269006729126],"_type":"histogram"},"train_loss":0.4883498415864747,"parameters/graph_3fc2.weight":{"_type":"histogram","values":[1,0,0,1,0,2,2,1,1,3,1,7,10,14,23,28,39,50,50,73,85,130,182,218,304,366,508,661,870,1107,1418,1883,1902,1583,1286,983,685,529,366,236,169,148,108,85,55,40,44,32,18,16,16,13,11,3,4,3,5,2,0,0,0,1,2,1],"bins":[-0.7597368955612183,-0.735909640789032,-0.7120823860168457,-0.6882551312446594,-0.6644278764724731,-0.6406005620956421,-0.6167733073234558,-0.5929460525512695,-0.5691187977790833,-0.545291543006897,-0.5214642882347107,-0.497637003660202,-0.47380974888801575,-0.44998249411582947,-0.4261552095413208,-0.4023279547691345,-0.37850069999694824,-0.35467344522476196,-0.3308461904525757,-0.307018905878067,-0.28319165110588074,-0.25936436653137207,-0.2355371117591858,-0.2117098569869995,-0.18788260221481323,-0.16405534744262695,-0.14022809267044067,-0.1164008378982544,-0.09257352352142334,-0.06874626874923706,-0.04491901397705078,-0.021091759204864502,0.0027355551719665527,0.026562809944152832,0.05039006471633911,0.07421731948852539,0.09804457426071167,0.12187188863754272,0.145699143409729,0.16952639818191528,0.19335365295410156,0.21718090772628784,0.24100816249847412,0.2648354172706604,0.28866270184516907,0.31248995661735535,0.336317241191864,0.3601444959640503,0.3839717507362366,0.40779900550842285,0.43162626028060913,0.4554535448551178,0.4792807996273041,0.503108024597168,0.526935338973999,0.5507625937461853,0.5745898485183716,0.5984171032905579,0.6222443580627441,0.6460716128349304,0.6698988676071167,0.6937261819839478,0.717553436756134,0.7413806915283203,0.7652079463005066]},"test_classification_report":"              precision    recall  f1-score   support\n\n           0       1.00      1.00      1.00        91\n           1       0.83      0.99      0.90        98\n           2       0.73      0.63      0.68        93\n           3       0.55      0.41      0.47       101\n           4       0.75      0.86      0.80       109\n           5       0.96      1.00      0.98        88\n\n    accuracy                           0.81       580\n   macro avg       0.80      0.82      0.81       580\nweighted avg       0.80      0.81      0.80       580\n","_step":100,"gradients/graph_3fc3.bias":{"_type":"histogram","values":[1,0,0,0,0,0,0,0,0,0,0,0,0,0,0,0,0,0,0,0,0,0,0,0,0,0,0,0,0,0,1,0,0,0,0,0,0,0,0,0,0,0,1,0,0,0,0,0,1,0,1,0,0,0,0,0,0,0,0,0,0,0,0,1],