{"parameters/fc2.weight":{"values":[1,0,1,0,0,0,1,0,0,0,1,1,0,0,0,0,1,3,2,1,4,2,1,2,2,4,9,10,7,6,14,7,31,34,29,58,88,107,155,200,274,405,449,500,456,393,317,201,128,74,48,21,19,11,4,6,2,3,1,1,0,0,0,1],"bins":[-3.600801467895508,-3.516878843307495,-3.4329562187194824,-3.3490333557128906,-3.265110731124878,-3.1811881065368652,-3.0972654819488525,-3.01334285736084,-2.929419994354248,-2.8454973697662354,-2.7615747451782227,-2.67765212059021,-2.5937294960021973,-2.5098066329956055,-2.425884246826172,-2.34196138381958,-2.2580387592315674,-2.1741161346435547,-2.090193271636963,-2.0062708854675293,-1.9223480224609375,-1.8384253978729248,-1.754502773284912,-1.6705800294876099,-1.5866575241088867,-1.502734661102295,-1.4188120365142822,-1.3348894119262695,-1.2509667873382568,-1.1670441627502441,-1.0831212997436523,-0.9991986751556396,-0.9152758121490479,-0.8313531875610352,-0.7474305629730225,-0.6635076999664307,-0.579585075378418,-0.4956624507904053,-0.4117398262023926,-0.3278172016143799,-0.24389433860778809,-0.15997183322906494,-0.0760490894317627,0.00787353515625,0.0917961597442627,0.17571890354156494,0.25964152812957764,0.3435642719268799,0.4274868965148926,0.5114095211029053,0.5953322649002075,0.6792548894882202,0.7631776332855225,0.8471002578735352,0.9310228824615479,1.0149455070495605,1.0988682508468628,1.182790994644165,1.2667136192321777,1.3506362438201904,1.4345588684082031,1.5184816122055054,1.602404236793518,1.6863269805908203,1.770249605178833],"_type":"histogram"},"gradients/fc2.bias":{"_type":"histogram","values":[1,0,0,0,0,0,0,0,0,0,0,0,0,0,0,1,0,0,0,1,0,0,0,1,1,0,2,2,1,5,3,2,1,1,4,1,1,1,2,1,2,5,3,2,3,5,2,2,1,1,0,1,0,0,1,0,0,0,1,1,0,1,0,1],"bins":[-0.002958158031105995,-0.0028821832966059446,-0.002806208562105894,-0.0027302338276058435,-0.002654259093105793,-0.0025782843586057425,-0.002502309624105692,-0.0024263348896056414,-0.002350360155105591,-0.0022743854206055403,-0.0021984106861054897,-0.002122435951605439,-0.0020464612171053886,-0.0019704862497746944,-0.0018945116316899657,-0.0018185368971899152,-0.0017425621626898646,-0.001666587428189814,-0.0015906126936897635,-0.001514637959189713,-0.0014386632246896625,-0.001362688490189612,-0.0012867137556895614,-0.0012107390211895108,-0.0011347641702741385,-0.001058789435774088,-0.0009828147012740374,-0.0009068399667739868,-0.0008308652322739363,-0.0007548904977738857,-0.0006789157632738352,-0.0006029410287737846,-0.0005269662942737341,-0.00045099155977368355,-0.000375016825273633,-0.00029904209077358246,-0.00022306735627353191,-0.00014709262177348137,-7.111788727343082e-05,4.8568472266197205e-06,8.083158172667027e-05,0.00015680643264204264,0.00023278116714209318,0.0003087559016421437,0.00038473063614219427,0.0004607053706422448,0.0005366801051422954,0.0006126548396423459,0.0006886295741423965,0.000764604308642447,0.0008405790431424975,0.0009165537776425481,0.0009925285121425986,0.001068503363057971,0.0011444780975580215,0.001220452832058072,0.0012964275665581226,0.0013724023010581732,0.0014483770355582237,0.0015243517700582743,0.0016003265045583248,0.0016763012390583754,0.001752275973558426,0.0018282507080584764,0.001904225442558527]},"_wandb":{"runtime":46},"gradients/fc1.weight":{"_type":"histogram","values":[1,0,0,0,0,0,0,0,0,0,0,0,0,0,2,0,0,1,0,0,2,1,0,3,1,2,2,6,6,5,10,13,24,37,31,60,85,95,94,68,54,24,24,13,4,10,4,1,5,3,4,2,0,2,2,1,0,0,0,0,1,0,0,1],"bins":[-0.014419542625546455,-0.014038659632205963,-0.013657776638865471,-0.013276893645524979,-0.012896011583507061,-0.012515128590166569,-0.012134245596826077,-0.011753362603485584,-0.011372480541467667,-0.010991597548127174,-0.010610714554786682,-0.01022983156144619,-0.009848948568105698,-0.009468065574765205,-0.009087182581424713,-0.008706300519406796,-0.008325417526066303,-0.007944534532725811,-0.007563652005046606,-0.007182769011706114,-0.006801886484026909,-0.006421003490686417,-0.006040120497345924,-0.005659237504005432,-0.00527835451066494,-0.004897472448647022,-0.00451658945530653,-0.004135706461966038,-0.0037548234686255455,-0.0033739404752850533,-0.0029930584132671356,-0.0026121754199266434,-0.0022312914952635765,-0.0018504085019230843,-0.001469525508582592,-0.0010886434465646744,-0.0007077604532241821,-0.0003268774598836899,5.400553345680237e-05,0.0004348885267972946,0.0008157705888152122,0.0011966535821557045,0.0015775365754961967,0.001958419568836689,0.0023393025621771812,0.002720185089856386,0.0031010680831968784,0.0034819506108760834,0.0038628336042165756,0.004243716597557068,0.004624599125236273,0.005005482118576765,0.00538636464625597,0.005767247639596462,0.0061481306329369545,0.006529013626277447,0.006909896153956652,0.007290778681635857,0.007671661674976349,0.008052544668316841,0.008433427661657333,0.008814310654997826,0.009195192717015743,0.009576075710356236,0.009956958703696728]},"parameters/fc1.bias":{"_type":"histogram","values":[1,0,0,0,0,0,0,1,0,1,0,1,1,1,0,1,0,0,2,0,0,3,1,1,0,1,2,1,4,0,1,1,1,0,2,3,5,3,1,2,4,1,2,1,0,0,2,1,0,2,1,2,2,0,1,1,1,0,1,0,0,0,0,1],"bins":[-0.7399023771286011,-0.7160253524780273,-0.6921483278274536,-0.6682713031768799,-0.6443942189216614,-0.6205171942710876,-0.5966401696205139,-0.5727631449699402,-0.5488861203193665,-0.525009036064148,-0.5011320114135742,-0.4772550165653229,-0.45337796211242676,-0.429500937461853,-0.4056239128112793,-0.3817468583583832,-0.35786983370780945,-0.3339928090572357,-0.3101157546043396,-0.28623872995376587,-0.26236170530319214,-0.2384846806526184,-0.21460765600204468,-0.19073057174682617,-0.16685354709625244,-0.1429765224456787,-0.11909949779510498,-0.09522247314453125,-0.07134544849395752,-0.047468364238739014,-0.023591339588165283,0.00028568506240844727,0.024162709712982178,0.04803973436355591,0.07191675901412964,0.09579378366470337,0.11967086791992188,0.1435478925704956,0.16742491722106934,0.19130194187164307,0.2151789665222168,0.23905599117279053,0.26293307542800903,0.28681010007858276,0.3106871247291565,0.3345641493797302,0.35844117403030396,0.3823182284832001,0.4061952531337738,0.43007227778434753,0.45394933223724365,0.4778263568878174,0.5017033815383911,0.5255804061889648,0.5494574308395386,0.5733344554901123,0.5972115397453308,0.6210885643959045,0.6449655890464783,0.668842613697052,0.6927196383476257,0.7165967226028442,0.740473747253418,0.7643507719039917,0.7882277965545654]},"_step":694,"accuracy":0.9824945295404814,"gradients/fc2.weight":{"bins":[-0.006847092881798744,-0.006661905441433191,-0.006476717535406351,-0.006291530095040798,-0.006106342189013958,-0.005921154748648405,-0.005735967308282852,-0.005550779402256012,-0.005365591496229172,-0.005180404055863619,-0.004995216615498066,-0.004810028709471226,-0.004624841269105673,-0.00443965382874012,-0.00425446592271328,-0.0040692780166864395,-0.0038840905763208866,-0.00369890290312469,-0.0035137152299284935,-0.003328527556732297,-0.0031433398835361004,-0.0029581524431705475,-0.0027729645371437073,-0.0025877770967781544,-0.0024025896564126015,-0.0022174017503857613,-0.0020322143100202084,-0.0018470264039933681,-0.0016618389636278152,-0.001476651057600975,-0.0012914636172354221,-0.001106275711208582,-0.0009210878051817417,-0.0007359003648161888,-0.0005507124587893486,-0.0003655250184237957,-0.0001803371123969555,4.850327968597412e-06,0.00019003823399543762,0.0003752256743609905,0.0005604135803878307,0.0007456010207533836,0.0009307884611189365,0.0011159763671457767,0.0013011638075113297,0.0014863514807075262,0.0016715391539037228,0.0018567268270999193,0.002041914500296116,0.0022271021734923124,0.002412289846688509,0.0025974775198847055,0.002782665193080902,0.002967852633446455,0.0031530403066426516,0.003338227979838848,0.0035234156530350447,0.0037086033262312412,0.0038937909994274378,0.004078978672623634,0.004264166112989187,0.0044493540190160275,0.00463454145938158,0.0048197293654084206,0.0050049168057739735],"_type":"histogram","values":[1,0,0,1,1,0,0,1,0,0,0,1,2,1,1,2,4,0,3,1,6,4,7,4,12,16,19,19,25,30,60,66,81,127,198,309,1113,927,426,249,135,69,42,32,19,19,11,10,9,9,5,4,4,3,1,2,1,0,1,0,0,1,1,1]},