{"gradients/fc2.weight":{"_type":"histogram","values":[1,0,0,0,0,0,0,0,0,0,0,0,0,0,1,0,0,0,0,1,0,0,2,0,1,5,3,5,9,12,7,14,20,27,40,53,73,85,76,174,88,65,49,44,32,26,25,15,15,12,8,9,5,8,0,0,1,2,3,4,2,0,1,1],"bins":[-0.05095575377345085,-0.04966878145933151,-0.04838180914521217,-0.047094836831092834,-0.0458078607916832,-0.04452088847756386,-0.04323391616344452,-0.04194694384932518,-0.04065997153520584,-0.0393729992210865,-0.03808602690696716,-0.036799050867557526,-0.035512082278728485,-0.03422510623931885,-0.03293813392519951,-0.03165116161108017,-0.03036418929696083,-0.02907721698284149,-0.027790244668722153,-0.026503270491957664,-0.025216298177838326,-0.023929325863718987,-0.0226423516869545,-0.02135537937283516,-0.02006840705871582,-0.01878143474459648,-0.017494462430477142,-0.016207490116357803,-0.014920514076948166,-0.013633541762828827,-0.012346569448709488,-0.011059597134590149,-0.009772621095180511,-0.008485648781061172,-0.0071986764669418335,-0.0059117041528224945,-0.0046247318387031555,-0.003337755799293518,-0.002050783485174179,-0.0007638111710548401,0.0005231611430644989,0.0018101334571838379,0.003097105771303177,0.004384079948067665,0.005671052262187004,0.006958024576306343,0.008244998753070831,0.00953197106719017,0.01081894338130951,0.012105915695428848,0.013392888009548187,0.014679862186312675,0.015966834500432014,0.017253806814551353,0.01854078099131584,0.01982775330543518,0.02111472561955452,0.02240169793367386,0.023688670247793198,0.024975644424557686,0.026262616738677025,0.027549589052796364,0.028836563229560852,0.03012353554368019,0.03141050785779953]},"train_accuracy":0.6169630642954856,"epoch":100,"test_confusion_matrix":[[0,0,3,3,0],[0,0,71,24,1],[0,0,32,61,6],[0,0,1,18,7],[0,0,0,0,2]],"gradients/fc2.bias":{"bins":[-0.020404309034347534,-0.019817404448986053,-0.019230499863624573,-0.018643595278263092,-0.01805669069290161,-0.01746978797018528,-0.0168828833848238,-0.01629597879946232,-0.015709074214100838,-0.015122169628739357,-0.014535265043377876,-0.01394836138933897,-0.01336145680397749,-0.012774552218616009,-0.012187648564577103,-0.011600743979215622,-0.011013839393854141,-0.01042693480849266,-0.00984003022313118,-0.009253126569092274,-0.008666221983730793,-0.008079317398369312,-0.007492413744330406,-0.0069055091589689255,-0.006318604573607445,-0.005731699988245964,-0.005144795402884483,-0.004557890817523003,-0.003970988094806671,-0.0033840835094451904,-0.0027971789240837097,-0.002210274338722229,-0.0016233697533607483,-0.0010364651679992676,-0.00044956058263778687,0.00013734400272369385,0.0007242485880851746,0.001311151310801506,0.0018980558961629868,0.0024849604815244675,0.003071865066885948,0.003658769652247429,0.00424567423760891,0.004832577891647816,0.005419482477009296,0.006006387062370777,0.006593290716409683,0.007180195301771164,0.007767099887132645,0.008354004472494125,0.008940909057855606,0.009527812711894512,0.010114717297255993,0.010701621882617474,0.01128852553665638,0.01187543012201786,0.012462334707379341,0.013049239292740822,0.013636143878102303,0.014223047532141209,0.01480995211750269,0.01539685670286417,0.015983760356903076,0.016570664942264557,0.017157569527626038],"_type":"histogram","values":[1,0,0,1,0,0,0,0,0,0,1,1,1,0,0,0,1,0,0,0,0,0,0,1,0,1,0,2,1,0,0,0,1,1,3,1,2,2,2,0,0,0,0,1,1,0,1,1,1,0,0,1,0,1,0,0,0,1,0,0,0,0,0,1]},"test_classification_report":"              precision    recall  f1-score   support\n\n           0       1.00      0.00      0.00         6\n           1       1.00      0.00      0.00        96\n           2       0.30      0.32      0.31        99\n           3       0.17      0.69      0.27        26\n           4       0.12      1.00      0.22         2\n\n    accuracy                           0.23       229\n   macro avg       0.52      0.40      0.16       229\nweighted avg       0.60      0.23      0.17       229\n","val_accuracy":0.5846994535519126,"_timestamp":1.7328870027647617e+09,"gradients/fc3.bias":{"_type":"histogram","values":[1,0,0,0,0,0,0,0,1,0,0,0,0,0,0,0,0,0,0,1,1,0,0,0,0,0,0,0,0,0,1,0,0,0,0,0,0,0,0,0,0,0,0,0,0,0,0,0,0,0,0,0,0,0,0,0,0,0,0,0,0,0,0,1],"bins":[-0.024140814319252968,-0.023120373487472534,-0.0220999326556921,-0.021079491823911667,-0.020059050992131233,-0.0190386101603508,-0.018018171191215515,-0.016997728496789932,-0.015977289527654648,-0.01495684776455164,-0.013936406932771206,-0.012915966100990772,-0.011895526200532913,-0.01087508536875248,-0.009854644536972046,-0.008834203705191612,-0.007813762873411179,-0.006793322041630745,-0.005772881209850311,-0.004752440378069878,-0.003731999546289444,-0.0027115587145090103,-0.0016911178827285767,-0.000670677050948143,0.0003497619181871414,0.001370202749967575,0.0023906435817480087,0.0034110844135284424,0.004431525245308876,0.00545196607708931,0.006472406908869743,0.007492849603295326,0.008513286709785461,0.009533725678920746,0.010554168373346329,0.011574609205126762,0.012595050036907196,0.01361549086868763,0.014635931700468063,0.015656372532248497,0.01667681336402893,0.017697252333164215,0.01871769316494465,0.019738133996725082,0.020758574828505516,0.02177901566028595,0.022799456492066383,0.023819897323846817,0.02484033815562725,0.025860778987407684,0.026881219819188118,0.02790166065096855,0.028922101482748985,0.02994254231452942,0.030962981283664703,0.031983423978090286,0.03300386294722557,0.034024305641651154,0.03504474461078644,0.03606518730521202,0.037085626274347305,0.03810606896877289,0.03912650793790817,0.040146950632333755,0.04116738960146904]},"train_loss":0.8913814872503281,"parameters/fc3.bias":{"_type":"histogram","values":[1,0,0,0,0,0,0,0,0,0,0,1,0,0,0,0,0,0,0,0,0,0,0,0,0,1,0,0,0,0,0,0,0,0,0,0,0,0,0,0,0,0,0,1,0,0,0,0,0,0,0,0,0,0,0,0,0,0,0,0,0,0,0,2],"bins":[-0.10957833379507065,-0.10694323480129242,-0.10430813580751419,-0.10167303681373596,-0.09903793781995773,-0.0964028388261795,-0.09376773238182068,-0.09113264083862305,-0.08849753439426422,-0.08586244285106659,-0.08322733640670776,-0.08059223741292953,-0.0779571384191513,-0.07532203942537308,-0.07268694043159485,-0.07005184143781662,-0.06741674244403839,-0.06478164345026016,-0.062146544456481934,-0.059511445462703705,-0.056876346468925476,-0.05424124374985695,-0.05160614475607872,-0.04897104576230049,-0.046335943043231964,-0.043700844049453735,-0.04106574505567551,-0.03843064606189728,-0.03579554706811905,-0.03316044807434082,-0.03052534908056259,-0.027890250086784363,-0.025255143642425537,-0.02262004464864731,-0.01998494565486908,-0.01734984666109085,-0.014714747667312622,-0.012079648673534393,-0.009444549679756165,-0.006809450685977936,-0.004174351692199707,-0.0015392489731311798,0.001095850020647049,0.0037309490144252777,0.006366051733493805,0.009001150727272034,0.011636249721050262,0.014271348714828491,0.01690644770860672,0.01954154670238495,0.022176645696163177,0.024811744689941406,0.027446843683719635,0.030081944540143013,0.03271704539656639,0.03535214439034462,0.03798724338412285,0.04062234237790108,0.043257441371679306,0.04589254409074783,0.04852764308452606,0.05116274207830429,0.05379784107208252,0.05643294006586075,0.05906803905963898]},"parameters/fc1.weight":{"values":[1,0,0,0,0,0,0,1,0,0,1,0,1,0,2,4,1,2,6,3,8,2,6,3,7,6,10,9,9,7,8,10,10,10,11,14,9,6,6,15,10,18,15,9,12,14,11,6,7,8,3,9,6,3,6,4,4,6,1,1,3,3,2,3],