{"train_accuracy":0.6292749658002736,"_runtime":1.1491642,"epoch":10,"test_classification_report":"              precision    recall  f1-score   support\n\n           0       1.00      0.00      0.00         6\n           1       1.00      0.00      0.00        96\n           2       0.28      0.30      0.29        99\n           3       0.13      0.54      0.21        26\n           4       0.11      1.00      0.20         2\n\n    accuracy                           0.20       229\n   macro avg       0.51      0.37      0.14       229\nweighted avg       0.58      0.20      0.15       229\n","test_confusion_matrix":[[0,0,3,3,0],[0,0,72,23,1],[0,0,30,65,4],[0,0,1,14,11],[0,0,0,0,2]],"val_loss":1.1065078377723694,"val_accuracy":0.5846994535519126,"train_loss":0.9171878747318102,"test_accuracy":0.20087336244541484,"_wandb":{"runtime":1},"_timestamp":1.73288599838987e+09,"_step":10}