{"epoch":100,"val_loss":1.040961116552353,"val_accuracy":0.5901639344262295,"gradients/graph_5fc2.bias":{"values":[1,0,0,0,0,0,0,0,1,1,1,0,0,1,1,2,2,1,0,1,1,0,1,1,3,0,1,0,2,1,2,1,0,1,1,0,0,0,0,1,1,0,0,1,0,0,0,0,1,0,0,0,0,0,0,0,0,0,0,0,0,0,0,1],"bins":[-0.02803768776357174,-0.026807881891727448,-0.025578077882528305,-0.024348272010684013,-0.02311846613883972,-0.02188866212964058,-0.020658856257796288,-0.019429050385951996,-0.018199246376752853,-0.01696944236755371,-0.01573963649570942,-0.014509830623865128,-0.01328002568334341,-0.012050220742821693,-0.010820414870977402,-0.00959061086177826,-0.008360804989933968,-0.007130999118089676,-0.0059011951088905334,-0.004671389237046242,-0.0034415852278470993,-0.0022117793560028076,-0.000981973484158516,0.0002478305250406265,0.0014776363968849182,0.00270744226872921,0.003937246277928352,0.005167050287127495,0.006396858021616936,0.007626662030816078,0.00885646604001522,0.010086273774504662,0.011316079646348953,0.012545883655548096,0.013775691390037537,0.015005495399236679,0.01623529940843582,0.017465107142925262,0.018694911152124405,0.019924715161323547,0.02115452103316784,0.02238432690501213,0.023614130914211273,0.024843936786055565,0.026073742657899857,0.027303546667099,0.02853335253894329,0.029763156548142433,0.030992962419986725,0.032222770154476166,0.03345257043838501,0.03468237817287445,0.03591218218207359,0.037141986191272736,0.038371793925762177,0.03960159793496132,0.04083140194416046,0.0420612096786499,0.043291013687849045,0.04452081769704819,0.04575062543153763,0.04698042944073677,0.04821023344993591,0.049440041184425354,0.050669845193624496],"_type":"histogram"},"_runtime":6.0240326,"test_accuracy":0.20087336244541484,"gradients/graph_5fc3.bias":{"bins":[-0.05949017405509949,-0.05762755870819092,-0.05576493963599205,-0.05390232428908348,-0.05203970521688461,-0.050177089869976044,-0.048314474523067474,-0.04645185545086861,-0.04458923637866974,-0.04272662103176117,-0.0408640056848526,-0.03900138661265373,-0.03713877126574516,-0.035276152193546295,-0.033413536846637726,-0.031550921499729156,-0.02968830242753029,-0.02782568708062172,-0.02596306800842285,-0.024100452661514282,-0.022237833589315414,-0.020375218242406845,-0.018512599170207977,-0.016649983823299408,-0.014787368476390839,-0.01292474940419197,-0.011062134057283401,-0.009199514985084534,-0.007336899638175964,-0.0054742805659770966,-0.0036116652190685272,-0.0017490461468696594,0.00011356920003890991,0.0019761845469474792,0.003838803619146347,0.005701418966054916,0.007564038038253784,0.009426653385162354,0.011289272457361221,0.01315188780426979,0.015014506876468658,0.016877122223377228,0.018739737570285797,0.020602356642484665,0.022464971989393234,0.024327591061592102,0.02619020640850067,0.02805282548069954,0.02991544082760811,0.031778059899806976,0.033640675246715546,0.035503290593624115,0.03736590966582298,0.03922852501273155,0.04109114408493042,0.04295375943183899,0.04481637477874756,0.046678993850946426,0.048541612923145294,0.050404228270053864,0.05226684361696243,0.0541294626891613,0.05599207803606987,0.05785469710826874,0.05971731245517731],"_type":"histogram","values":[1,0,0,0,0,0,0,0,0,0,0,0,0,0,0,0,0,0,1,0,0,0,0,0,0,0,0,0,0,0,0,0,1,0,0,0,0,0,2,0,0,0,0,0,0,0,0,0,0,0,0,0,0,0,0,0,0,0,0,0,0,0,0,1]},"parameters/graph_5fc3.weight":{"bins":[-0.8571679592132568,-0.8397653698921204,-0.8223627805709839,-0.8049601912498474,-0.7875576019287109,-0.7701550126075745,-0.752752423286438,-0.7353497743606567,-0.717947244644165,-0.7005445957183838,-0.6831420660018921,-0.6657394170761108,-0.6483368277549744,-0.6309342384338379,-0.6135316491127014,-0.5961290597915649,-0.5787264704704285,-0.561323881149292,-0.5439212918281555,-0.526518702507019,-0.5091161131858826,-0.4917134940624237,-0.47431090474128723,-0.45690831542015076,-0.4395057260990143,-0.4221031367778778,-0.40470054745674133,-0.38729795813560486,-0.369895339012146,-0.3524927496910095,-0.33509016036987305,-0.3176875710487366,-0.3002849817276001,-0.2828823924064636,-0.26547980308532715,-0.24807721376419067,-0.2306746244430542,-0.21327200531959534,-0.19586941599845886,-0.1784668266773224,-0.1610642373561859,-0.14366164803504944,-0.12625905871391296,-0.10885646939277649,-0.09145385026931763,-0.07405126094818115,-0.05664867162704468,-0.0392460823059082,-0.02184349298477173,-0.004440903663635254,0.01296168565750122,0.03036428987979889,0.047766879200935364,0.06516946852207184,0.0825720727443695,0.09997466206550598,0.11737725138664246,0.13477984070777893,0.1521824300289154,0.16958503425121307,0.18698762357234955,0.20439021289348602,0.2217928171157837,0.23919540643692017,0.25659799575805664],"_type":"histogram","values":[1,0,0,0,0,1,0,1,1,0,0,1,1,0,0,0,0,0,0,2,0,3,0,0,2,1,3,1,1,3,3,2,2,2,1,6,4,3,3,4,9,10,9,5,6,11,3,4,6,1,4,4,3,3,7,7,8,4,8,6,6,6,4,6]},"parameters/graph_5fc3.bias":{"bins":[-0.34596529603004456,-0.335758775472641,-0.3255522847175598,-0.31534576416015625,-0.3051392436027527,-0.2949327528476715,-0.28472623229026794,-0.27451974153518677,-0.2643132209777832,-0.25410670042037964,-0.24390019476413727,-0.2336936891078949,-0.22348716855049133,-0.21328066289424896,-0.2030741572380066,-0.19286763668060303,-0.18266113102436066,-0.1724546253681183,-0.16224810481071472,-0.15204159915447235,-0.14183509349822998,-0.13162857294082642,-0.12142206728458405,-0.11121556162834167,-0.10100904107093811,-0.09080255031585693,-0.08059602975845337,-0.0703895092010498,-0.06018301844596863,-0.049976497888565063,-0.0397699773311615,-0.029563486576080322,-0.019356966018676758,-0.009150445461273193,0.0010560452938079834,0.011262565851211548,0.021469086408615112,0.03167557716369629,0.041882097721099854,0.05208861827850342,0.062295109033584595,0.07250162959098816,0.08270813524723053,0.0929146409034729,0.10312116146087646,0.11332766711711884,0.1235341727733612,0.13374069333076477,0.14394719898700714,0.1541537046432495,0.16436022520065308,0.17456673085689545,0.18477323651313782,0.19497975707054138,0.20518626272678375,0.21539276838302612,0.2255992889404297,0.23580579459667206,0.24601230025291443,0.256218820810318,0.26642531156539917,0.27663183212280273,0.2868383526802063,0.2970448434352875,0.30725136399269104],"_type":"histogram","values":[1,0,0,0,0,0,0,0,0,0,0,0,0,0,0,0,1,1,0,0,0,0,0,0,1,0,0,0,0,0,0,0,0,0,0,0,0,0,0,0,0,0,0,0,0,1,0,0,0,0,0,0,0,0,0,0,0,0,0,0,0,0,0,1]},"gradients/graph_5fc3.weight":{"bins":[-0.10995174199342728,-0.10607239603996277,-0.10219305008649826,-0.09831370413303375,-0.09443435072898865,-0.09055501222610474,-0.08667565882205963,-0.08279631286859512,-0.07891696691513062,-0.07503762096166611,-0.0711582750082016,-0.0672789216041565,-0.06339958310127258,-0.059520233422517776,-0.05564088374376297,-0.05176153779029846,-0.047882191836833954,-0.044002845883369446,-0.04012349992990494,-0.03624415397644043,-0.03236480802297592,-0.028485454618930817,-0.02460610866546631,-0.0207267627120018,-0.016847416758537292,-0.012968070805072784,-0.009088724851608276,-0.005209378898143768,-0.0013300254940986633,0.0025493204593658447,0.006428666412830353,0.01030801236629486,0.014187350869178772,0.01806669682264328,0.021946042776107788,0.025825388729572296,0.029704734683036804,0.03358408808708191,0.03746343404054642,0.041342779994010925,0.04522212594747543,0.04910147190093994,0.05298081785440445,0.05686016380786896,0.06073951721191406,0.06461886316537857,0.06849820911884308,0.07237755507230759,0.0762569010257721,0.0801362469792366,0.08401559293270111,0.08789494633674622,0.09177428483963013,0.09565363824367523,0.09953298419713974,0.10341233015060425,0.10729167610406876,0.11117102205753326,0.11505036801099777,0.11892971396446228,0.12280906736850739,0.1266884058713913,0.1305677592754364,0.1344470977783203,0.13832645118236542],"_type":"histogram","values":[1,0,1,0,0,0,0,0,0,2,0,1,2,2,1,1,3,4,5,3,6,3,8,4,9,5,5,4,39,26,10,4,4,6,8,3,2,1,4,2,1,0,3,0,0,1,1,1,0,2,0,0,0,0,0,1,0,0,2,0,0,0,0,1]},