{"gradients/graph_1fc1.bias":{"_type":"histogram","values":[2,1,0,1,0,2,2,2,0,1,3,1,3,1,4,1,0,1,2,5,5,0,4,0,1,1,2,0,3,0,3,2,1,1,1,0,0,3,0,0,1,1,0,1,0,0,0,0,0,0,0,0,0,0,0,0,0,0,1,0,0,0,0,1],"bins":[-0.022328879684209824,-0.02108416147530079,-0.019839443266391754,-0.01859472505748272,-0.017350006848573685,-0.0161052905023098,-0.014860572293400764,-0.01361585408449173,-0.012371135875582695,-0.01112641766667366,-0.009881699457764626,-0.008636982180178165,-0.007392263971269131,-0.006147546693682671,-0.004902828484773636,-0.003658110275864601,-0.0024133920669555664,-0.0011686738580465317,7.604435086250305e-05,0.0013207625597715378,0.0025654807686805725,0.003810197114944458,0.005054915323853493,0.0062996335327625275,0.007544351741671562,0.008789069950580597,0.010033786296844482,0.011278506368398666,0.012523222714662552,0.013767942786216736,0.015012659132480621,0.016257379204034805,0.01750209927558899,0.018746815621852875,0.01999153569340706,0.021236252039670944,0.022480972111225128,0.023725688457489014,0.024970408529043198,0.026215124875307083,0.027459843084216118,0.028704561293125153,0.029949279502034187,0.031193997710943222,0.03243871405720711,0.03368343412876129,0.03492815047502518,0.03617286682128906,0.037417586892843246,0.03866230696439743,0.039907023310661316,0.0411517396569252,0.042396459728479385,0.04364117607474327,0.044885896146297455,0.04613061249256134,0.047375328838825226,0.04862004891037941,0.049864765256643295,0.05110948532819748,0.052354201674461365,0.05359892174601555,0.054843638092279434,0.05608835816383362,0.057333074510097504]},"gradients/graph_1fc1.weight":{"bins":[-0.052217014133930206,-0.05049541965126991,-0.04877382516860962,-0.047052230685949326,-0.04533063620328903,-0.04360903799533844,-0.041887443512678146,-0.04016584903001785,-0.03844425454735756,-0.036722660064697266,-0.03500106558203697,-0.03327947109937668,-0.031557872891426086,-0.029836280271410942,-0.0281146839261055,-0.026393089443445206,-0.024671494960784912,-0.02294990047812462,-0.021228305995464325,-0.01950671151280403,-0.017785117030143738,-0.016063518822193146,-0.014341924339532852,-0.012620329856872559,-0.010898735374212265,-0.009177140891551971,-0.007455546408891678,-0.005733951926231384,-0.004012353718280792,-0.0022907592356204987,-0.0005691647529602051,0.0011524297297000885,0.0028740204870700836,0.004595614969730377,0.006317209452390671,0.008038803935050964,0.009760398417711258,0.01148199662566185,0.013203591108322144,0.014925185590982437,0.01664678007364273,0.018368374556303024,0.020089969038963318,0.02181156352162361,0.023533161729574203,0.025254756212234497,0.02697635069489479,0.028697945177555084,0.030419539660215378,0.03214113414287567,0.033862728625535965,0.03558432310819626,0.03730592131614685,0.039027512073516846,0.04074911028146744,0.04247070476412773,0.044192299246788025,0.04591389372944832,0.04763548821210861,0.049357086420059204,0.0510786771774292,0.05280027538537979,0.054521869868040085,0.05624346435070038,0.05796505883336067],"_type":"histogram","values":[1,1,1,1,0,1,1,1,0,2,2,0,2,5,4,6,6,10,10,8,15,16,17,22,32,27,24,47,36,54,58,64,50,37,30,19,23,11,11,12,3,6,2,3,5,1,4,2,1,1,2,1,0,2,1,0,0,0,0,0,0,1,0,2]},"_runtime":4.0609594,"loss":0.8541350878518204,"gradients/graph_1fc2.bias":{"_type":"histogram","values":[1,0,0,0,0,0,0,0,0,0,0,0,0,1,0,1,0,1,4,3,5,2,4,3,0,3,3,1,3,3,2,2,3,4,1,0,1,1,2,1,1,2,1,1,2,0,0,0,0,1,0,0,0,0,0,0,0,0,0,0,0,0,0,1],"bins":[-0.02691144309937954,-0.025908222422003746,-0.024905003607273102,-0.02390178292989731,-0.022898562252521515,-0.02189534157514572,-0.020892120897769928,-0.019888902083039284,-0.01888568140566349,-0.017882460728287697,-0.016879241913557053,-0.01587602123618126,-0.014872800558805466,-0.013869579881429672,-0.012866360135376453,-0.011863140389323235,-0.010859919711947441,-0.009856699034571648,-0.008853478357195854,-0.00785025954246521,-0.0068470388650894165,-0.005843818187713623,-0.004840599372982979,-0.0038373786956071854,-0.002834158018231392,-0.0018309373408555984,-0.000827716663479805,0.00017550215125083923,0.0011787228286266327,0.002181943506002426,0.0031851623207330704,0.004188382998108864,0.0051916055381298065,0.0061948262155056,0.007198046892881393,0.008201265707612038,0.009204486384987831,0.010207707062363625,0.011210925877094269,0.012214146554470062,0.013217367231845856,0.01422058790922165,0.015223808586597443,0.016227027401328087,0.01723024807870388,0.018233468756079674,0.019236687570810318,0.02023990824818611,0.021243128925561905,0.0222463496029377,0.023249570280313492,0.024252789095044136,0.02525600977241993,0.026259230449795723,0.027262449264526367,0.02826566994190216,0.029268890619277954,0.030272111296653748,0.03127533197402954,0.032278552651405334,0.03328177332878113,0.03428499028086662,0.035288210958242416,0.03629143163561821,0.037294652312994]},"_step":50,"epoch":50,"gradients/graph_1fc3.weight":{"bins":[-0.2370484620332718,-0.23040731251239777,-0.22376614809036255,-0.21712499856948853,-0.2104838490486145,-0.20384269952774048,-0.19720153510570526,-0.19056038558483124,-0.18391923606395721,-0.177278071641922,-0.17063692212104797,-0.16399577260017395,-0.15735462307929993,-0.1507134735584259,-0.14407230913639069,-0.13743115961551666,-0.13078999519348145,-0.12414884567260742,-0.1175076961517334,-0.11086654663085938,-0.10422538220882416,-0.09758423268795013,-0.09094308316707611,-0.08430193364620209,-0.07766076922416687,-0.07101961970329285,-0.06437847018241882,-0.057737305760383606,-0.05109615623950958,-0.04445500671863556,-0.037813857197761536,-0.03117269277572632,-0.024531543254852295,-0.01789039373397827,-0.011249229311943054,-0.004608079791069031,0.0020330697298049927,0.008674219250679016,0.015315383672714233,0.021956533193588257,0.02859768271446228,0.0352388471364975,0.04187999665737152,0.048521146178245544,0.05516229569911957,0.061803460121154785,0.06844460964202881,0.07508575916290283,0.08172691613435745,0.08836807310581207,0.0950092226266861,0.10165037959814072,0.10829152911901474,0.11493268609046936,0.12157383561134338,0.1282149851322174,0.13485614955425262,0.14149729907512665,0.14813844859600067,0.1547796130180359,0.1614207625389099,0.16806191205978394,0.17470306158065796,0.18134422600269318,0.1879853755235672],"_type":"histogram","values":[1,0,0,0,0,0,0,0,0,0,0,0,1,3,0,0,0,0,0,0,0,1,1,6,4,1,0,5,5,10,14,15,17,14,18,101,65,24,19,11,3,11,4,6,4,6,2,2,1,2,2,0,0,2,0,0,0,0,0,1,0,0,1,1]},"accuracy":0.6323851203501094,"parameters/graph_1fc3.bias":{"values":[1,0,0,0,0,0,0,1,0,1,0,0,0,0,0,0,0,0,0,0,0,0,0,0,0,0,0,0,0,0,0,0,0,0,0,0,0,1,0,0,1,0,0,0,0,0,0,0,0,0,0,0,0,0,0,0,0,0,0,0,0,0,0,1],"bins":[-0.22083599865436554,-0.2146303504705429,-0.20842470228672028,-0.20221905410289764,-0.196013405919075,-0.18980777263641357,-0.18360212445259094,-0.1773964762687683,-0.17119082808494568,-0.16498517990112305,-0.15877953171730042,-0.15257388353347778,-0.14636823534965515,-0.14016258716583252,-0.1339569389820099,-0.12775129079818726,-0.12154565006494522,-0.11534000188112259,-0.10913435369729996,-0.10292871296405792,-0.09672306478023529,-0.09051741659641266,-0.08431176841259003,-0.0781061202287674,-0.07190047204494476,-0.06569482386112213,-0.0594891756772995,-0.05328354239463806,-0.04707789421081543,-0.0408722460269928,-0.034666597843170166,-0.028460949659347534,-0.022255301475524902,-0.01604965329170227,-0.009844005107879639,-0.003638356924057007,0.002567291259765625,0.008772939443588257,0.014978572726249695,0.021184220910072327,0.02738986909389496,0.03359551727771759,0.03980116546154022,0.046006813645362854,0.052212461829185486,0.05841811001300812,0.06462375074625015,0.07082939893007278,0.07703504711389542,0.08324069529771805,0.08944634348154068,0.09565198421478271,0.10185763239860535,0.10806328058242798,0.11426892876625061,0.12047457695007324,0.12668022513389587,0.1328858733177185,0.13909152150154114,0.14529716968536377,0.1515028029680252,0.15770845115184784,0.16391409933567047,0.1701197475194931,0.17632539570331573],"_type":"histogram"},