{"epoch":100,"gradients/graph_6fc3.bias":{"bins":[-0.017332468181848526,-0.016736876219511032,-0.01614128239452839,-0.015545690432190895,-0.014950097538530827,-0.014354504644870758,-0.013758912682533264,-0.013163319788873196,-0.012567726895213127,-0.011972134932875633,-0.011376542039215565,-0.010780949145555496,-0.010185357183218002,-0.009589764289557934,-0.008994171395897865,-0.008398579433560371,-0.007802986539900303,-0.007207393646240234,-0.0066118016839027405,-0.006016208790242672,-0.0054206158965826035,-0.0048250239342451096,-0.004229431040585041,-0.0036338381469249725,-0.0030382461845874786,-0.00244265329092741,-0.0018470603972673416,-0.0012514684349298477,-0.0006558746099472046,-6.028264760971069e-05,0.0005353093147277832,0.0011309031397104263,0.0017264951020479202,0.002322087064385414,0.0029176808893680573,0.003513272851705551,0.004108864814043045,0.004704458639025688,0.005300050601363182,0.005895643495023251,0.006491236388683319,0.007086828351020813,0.0076824212446808815,0.00827801413834095,0.008873606100678444,0.009469198994338512,0.010064791887998581,0.010660383850336075,0.011255976743996143,0.011851569637656212,0.012447161599993706,0.013042754493653774,0.013638347387313843,0.014233939349651337,0.014829532243311405,0.015425125136971474,0.016020717099308968,0.01661631092429161,0.017211902886629105,0.0178074948489666,0.01840308867394924,0.018998680636286736,0.01959427259862423,0.020189866423606873,0.020785458385944366],"_type":"histogram","values":[1,0,0,0,0,0,0,0,0,0,0,0,0,0,0,0,0,0,0,1,0,0,0,0,1,0,0,0,0,0,0,0,1,1,0,0,0,0,0,0,0,0,0,0,0,0,0,0,0,0,0,0,0,0,0,0,0,0,0,0,0,0,0,1]},"train_accuracy":0.8538295577130529,"gradients/graph_6fc1.bias":{"values":[1,0,0,0,0,0,0,0,0,1,0,1,0,0,1,0,1,1,0,0,0,1,1,1,2,1,2,0,0,0,1,0,0,0,2,1,1,1,3,1,0,0,1,0,2,0,0,0,2,2,0,0,0,0,0,0,0,0,0,0,0,0,0,1],"bins":[-0.04158475250005722,-0.04025385156273842,-0.03892295062541962,-0.037592049688100815,-0.03626114875078201,-0.03493024408817291,-0.03359934315085411,-0.03226844221353531,-0.030937541276216507,-0.029606640338897705,-0.028275739401578903,-0.026944836601614952,-0.02561393566429615,-0.02428303472697735,-0.022952131927013397,-0.021621230989694595,-0.020290330052375793,-0.01895942911505699,-0.01762852817773819,-0.01629762537777424,-0.014966724440455437,-0.013635823503136635,-0.012304920703172684,-0.010974019765853882,-0.00964311882853508,-0.008312217891216278,-0.006981316953897476,-0.005650416016578674,-0.004319511353969574,-0.002988610416650772,-0.0016577094793319702,-0.00032680854201316833,0.001004096120595932,0.002334997057914734,0.0036658979952335358,0.004996798932552338,0.0063276998698711395,0.00765860453248024,0.008989505469799042,0.010320406407117844,0.011651307344436646,0.012982208281755447,0.01431310921907425,0.0156440120190382,0.016974912956357002,0.018305813893675804,0.019636716693639755,0.020967617630958557,0.02229851856827736,0.02362941950559616,0.024960320442914963,0.026291223242878914,0.027622124180197716,0.028953025117516518,0.03028392791748047,0.03161482885479927,0.03294572979211807,0.034276630729436874,0.035607531666755676,0.03693843260407448,0.03826933354139328,0.03960023820400238,0.04093113914132118,0.042262040078639984,0.043592941015958786],"_type":"histogram"},"gradients/graph_6fc2.bias":{"values":[1,1,0,0,0,0,0,1,0,1,0,1,1,1,2,1,3,0,2,1,0,1,4,0,2,0,0,1,1,0,1,0,1,1,0,0,0,0,1,0,0,0,0,0,0,0,0,0,0,0,0,0,0,0,0,0,2,0,0,0,0,0,0,1],"bins":[-0.014360431581735611,-0.013636935502290726,-0.01291343942284584,-0.012189943343400955,-0.01146644726395607,-0.010742951184511185,-0.0100194551050663,-0.009295959025621414,-0.008572462946176529,-0.007848966866731644,-0.007125470787286758,-0.006401974707841873,-0.005678478628396988,-0.004954982548952103,-0.004231486469507217,-0.003507990390062332,-0.002784494310617447,-0.0020609982311725616,-0.0013375021517276764,-0.0006140060722827911,0.00010949000716209412,0.0008329860866069794,0.0015564821660518646,0.00227997824549675,0.003003474324941635,0.0037269704043865204,0.004450466483831406,0.005173962563276291,0.005897458642721176,0.006620954722166061,0.007344450801610947,0.008067946881055832,0.008791442960500717,0.009514939039945602,0.010238435119390488,0.010961931198835373,0.011685427278280258,0.012408923357725143,0.013132419437170029,0.013855915516614914,0.0145794115960598,0.015302907675504684,0.01602640375494957,0.016749899834394455,0.01747339591383934,0.018196891993284225,0.01892038807272911,0.019643884152173996,0.02036738023161888,0.021090876311063766,0.02181437239050865,0.022537868469953537,0.023261364549398422,0.023984860628843307,0.024708356708288193,0.025431852787733078,0.026155348867177963,0.02687884494662285,0.027602341026067734,0.02832583710551262,0.029049333184957504,0.02977282926440239,0.030496325343847275,0.03121982142329216,0.031943317502737045],"_type":"histogram"},"parameters/graph_6fc3.bias":{"bins":[-0.190235897898674,-0.18449373543262482,-0.17875157296657562,-0.17300941050052643,-0.16726724803447723,-0.16152508556842804,-0.15578293800354004,-0.15004077553749084,-0.14429861307144165,-0.13855645060539246,-0.13281428813934326,-0.12707212567329407,-0.12132996320724487,-0.11558780074119568,-0.10984563827514648,-0.10410347580909729,-0.0983613133430481,-0.0926191508769989,-0.08687698841094971,-0.08113482594490051,-0.07539266347885132,-0.06965050846338272,-0.06390833854675293,-0.058166176080703735,-0.052424028515815735,-0.04668186604976654,-0.040939703583717346,-0.03519754111766815,-0.029455378651618958,-0.023713216185569763,-0.01797105371952057,-0.012228891253471375,-0.00648672878742218,-0.0007445663213729858,0.0049975961446762085,0.010739758610725403,0.016481921076774597,0.02222408354282379,0.027966246008872986,0.03370840847492218,0.039450570940971375,0.045192718505859375,0.05093488097190857,0.05667705088853836,0.06241920590400696,0.06816136837005615,0.07390353083610535,0.07964569330215454,0.08538785576820374,0.09113001823425293,0.09687218070030212,0.10261434316635132,0.10835650563240051,0.11409866064786911,0.1198408231139183,0.1255829930305481,0.1313251554965973,0.13706731796264648,0.14280948042869568,0.14855162799358368,0.15429379045963287,0.16003595292568207,0.16577811539173126,0.17152027785778046,0.17726244032382965],"_type":"histogram","values":[1,0,0,0,0,0,0,0,0,0,0,0,0,0,0,0,0,0,0,0,0,0,0,0,0,1,0,0,0,1,0,0,0,1,0,0,0,0,0,0,0,0,0,0,0,1,0,0,0,0,0,0,0,0,0,0,0,0,0,0,0,0,0,1]},"parameters/graph_6fc1.bias":{"bins":[-0.40186429023742676,-0.3844800889492035,-0.3670958876609802,-0.34971168637275696,-0.3323274850845337,-0.3149433135986328,-0.29755911231040955,-0.2801749110221863,-0.262790709733963,-0.24540650844573975,-0.22802230715751648,-0.2106381207704544,-0.19325391948223114,-0.17586971819400787,-0.1584855318069458,-0.14110133051872253,-0.12371712923049927,-0.106332927942276,-0.08894872665405273,-0.07156452536582947,-0.0541803240776062,-0.03679615259170532,-0.019411951303482056,-0.002027750015258789,0.015356451272964478,0.032740652561187744,0.05012485384941101,0.06750905513763428,0.08489322662353516,0.10227745771408081,0.11966162919998169,0.13704586029052734,0.15442997217178345,0.17181414365768433,0.18919837474822998,0.20658254623413086,0.2239667773246765,0.2413509488105774,0.25873515009880066,0.2761193513870239,0.2935035526752472,0.31088775396347046,0.3282719552516937,0.345656156539917,0.36304032802581787,0.38042452931404114,0.3978087306022644,0.41519293189048767,0.43257713317871094,0.4499613344669342,0.46734553575515747,0.48472970724105835,0.502113938331604,0.5194981098175049,0.5368822813034058,0.5542665123939514,0.5716507434844971,0.589034914970398,0.6064190864562988,0.6238033175468445,0.6411874890327454,0.658571720123291,0.6759558916091919,0.6933401226997375,0.7107242941856384],"_type":"histogram","values":[1,0,0,0,1,0,0,0,0,0,1,0,0,0,0,0,1,0,1,0,1,1,0,0,1,0,2,3,0,1,0,0,1,0,1,0,0,0,1,1,2,1,0,1,0,0,1,0,0,1,0,0,1,4,0,1,0,0,0,0,0,1,0,1]},"gradients/graph_6fc3.weight":{"_type":"histogram",