{"test_confusion_matrix":[[89,2,0,0,0,0],[35,34,20,7,0,2],[18,9,53,5,8,0],[4,12,26,20,18,21],[2,3,3,20,13,68],[0,0,0,1,0,87]],"train_accuracy":0.5469255663430421,"_wandb":{"runtime":19},"epoch":100,"parameters/graph_9fc1.bias":{"values":[3,2,0,1,1,3,1,2,3,0,0,0,2,1,2,1,0,3,2,1,0,1,0,0,1,2,2,2,2,0,1,0,2,1,2,2,0,2,0,1,0,0,0,0,1,0,2,2,0,1,1,1,0,3,0,0,2,0,0,0,0,0,0,2],"bins":[-0.2525452673435211,-0.2426069676876068,-0.2326686680316925,-0.2227303683757782,-0.2127920687198639,-0.20285376906394958,-0.19291546940803528,-0.18297716975212097,-0.17303887009620667,-0.16310057044029236,-0.15316227078437805,-0.14322397112846375,-0.13328568637371063,-0.12334738671779633,-0.11340908706188202,-0.10347078740596771,-0.0935324877500534,-0.0835941880941391,-0.07365588843822479,-0.06371758878231049,-0.05377928912639618,-0.04384098947048187,-0.033902689814567566,-0.02396439015865326,-0.014026105403900146,-0.00408780574798584,0.005850493907928467,0.015788793563842773,0.02572709321975708,0.03566539287567139,0.04560369253158569,0.0555419921875,0.0654802918434143,0.07541859149932861,0.08535689115524292,0.09529519081115723,0.10523349046707153,0.11517179012298584,0.12511008977890015,0.13504838943481445,0.14498668909072876,0.15492497384548187,0.16486327350139618,0.17480157315731049,0.1847398728132248,0.1946781724691391,0.2046164721250534,0.2145547717809677,0.22449307143688202,0.23443137109279633,0.24436967074871063,0.25430798530578613,0.26424628496170044,0.27418455481529236,0.28412285447120667,0.29406115412712097,0.3039994537830353,0.3139377534389496,0.3238760530948639,0.3338143527507782,0.3437526524066925,0.3536909520626068,0.3636292517185211,0.3735675513744354,0.38350585103034973],"_type":"histogram"},"train_loss":1.1359508407527004,"parameters/graph_9fc1.weight":{"bins":[-0.3762933313846588,-0.36455997824668884,-0.35282662510871887,-0.3410932421684265,-0.32935988903045654,-0.3176265358924866,-0.3058931827545166,-0.29415982961654663,-0.28242647647857666,-0.2706930935382843,-0.25895974040031433,-0.24722638726234436,-0.2354930341243744,-0.22375966608524323,-0.21202631294727325,-0.2002929449081421,-0.18855959177017212,-0.17682623863220215,-0.16509287059307098,-0.153359517455101,-0.14162614941596985,-0.12989279627799988,-0.11815944314002991,-0.10642609000205994,-0.09469273686408997,-0.08295935392379761,-0.07122600078582764,-0.059492647647857666,-0.047759294509887695,-0.036025941371917725,-0.024292558431625366,-0.012559205293655396,-0.0008258521556854248,0.010907500982284546,0.022640854120254517,0.034374237060546875,0.046107590198516846,0.057840943336486816,0.06957429647445679,0.08130764961242676,0.09304103255271912,0.10477438569068909,0.11650773882865906,0.12824109196662903,0.139974445104599,0.15170781314373016,0.16344116628170013,0.1751745343208313,0.18690788745880127,0.19864124059677124,0.2103746086359024,0.22210796177387238,0.23384132981300354,0.2455746829509735,0.2573080360889435,0.26904138922691345,0.2807747721672058,0.2925081253051758,0.30424147844314575,0.3159748315811157,0.3277081847190857,0.33944153785705566,0.351174920797348,0.362908273935318,0.37464162707328796],"_type":"histogram","values":[4,4,1,9,13,8,6,8,10,19,12,14,11,14,13,8,11,12,17,15,13,15,13,17,11,8,15,11,22,15,8,10,12,13,14,10,12,11,10,12,10,17,12,13,14,11,16,9,11,12,13,10,13,19,14,7,9,6,6,8,4,3,3,3]},"gradients/graph_9fc3.bias":{"bins":[-0.10612780600786209,-0.10339302569627762,-0.10065823793411255,-0.09792345762252808,-0.095188669860363,-0.09245388954877853,-0.08971910178661346,-0.08698432147502899,-0.08424953371286392,-0.08151475340127945,-0.07877996563911438,-0.07604518532752991,-0.07331040501594543,-0.07057561725378036,-0.0678408294916153,-0.06510604918003082,-0.06237126514315605,-0.05963648110628128,-0.05690169706940651,-0.05416691303253174,-0.05143212899565697,-0.048697344958782196,-0.045962560921907425,-0.043227776885032654,-0.04049299657344818,-0.03775820881128311,-0.03502342849969864,-0.03228864073753357,-0.029553860425949097,-0.026819072663784027,-0.024084292352199554,-0.021349504590034485,-0.018614724278450012,-0.01587994396686554,-0.01314515620470047,-0.010410375893115997,-0.007675588130950928,-0.004940807819366455,-0.0022060200572013855,0.0005287602543830872,0.0032635480165481567,0.005998328328132629,0.0087331123650074,0.011467896401882172,0.014202680438756943,0.016937464475631714,0.019672248512506485,0.022407032549381256,0.025141816586256027,0.0278766006231308,0.03061138466000557,0.03334616869688034,0.03608095273375511,0.03881573677062988,0.041550517082214355,0.044285304844379425,0.0470200851559639,0.04975487291812897,0.05248965322971344,0.05522443726658821,0.05795922130346298,0.06069400534033775,0.06342878937721252,0.0661635771393776,0.06889835745096207],"_type":"histogram","values":[1,0,0,0,0,0,0,0,0,0,0,0,0,0,0,0,0,0,0,0,0,0,0,0,0,0,0,0,0,0,0,1,0,0,0,0,0,0,1,0,0,0,0,0,1,0,0,0,0,0,0,0,0,0,1,0,0,0,0,0,0,0,0,1]},"gradients/graph_9fc1.weight":{"bins":[-0.04260040447115898,-0.04147234931588173,-0.04034429416060448,-0.03921624273061752,-0.03808818757534027,-0.03696013242006302,-0.03583207726478577,-0.034704022109508514,-0.03357596695423126,-0.03244791552424431,-0.031319860368967056,-0.030191805213689804,-0.029063750058412552,-0.02793569676578045,-0.026807641610503197,-0.025679588317871094,-0.02455153316259384,-0.02342347800731659,-0.022295424714684486,-0.021167369559407234,-0.02003931626677513,-0.01891126111149788,-0.017783205956220627,-0.016655152663588524,-0.015527097508311272,-0.01439904235303402,-0.013270989060401917,-0.012142933905124664,-0.011014878749847412,-0.00988682359457016,-0.008758772164583206,-0.007630717009305954,-0.006502665579319,-0.005374610424041748,-0.004246555268764496,-0.003118503838777542,-0.00199044868350029,-0.0008623935282230377,0.0002656616270542145,0.0013937149196863174,0.0025217700749635696,0.003649825230240822,0.004777878522872925,0.005905933678150177,0.007033988833427429,0.008162042126059532,0.009290097281336784,0.010418150573968887,0.01154620572924614,0.012674260884523392,0.013802314177155495,0.014930369332432747,0.01605842262506485,0.017186477780342102,0.018314532935619354,0.019442588090896606,0.02057064138352871,0.021698694676160812,0.022826749831438065,0.023954804986715317,0.02508286014199257,0.026210913434624672,0.027338968589901924,0.028467021882534027,0.02959507703781128],"_type":"histogram","values":[1,0,0,0,1,1,1,0,1,1,0,1,1,0,0,2,2,3,2,2,9,2,5,7,6,12,6,12,13,13,13,24,17,18,24,36,31,40,51,66,46,32,30,29,21,16,7,12,7,10,19,10,11,7,2,4,5,3,3,1,2,0,1,2]},"_runtime":19.1902272,"gradients/graph_9fc3.weight":{"values":[1,1,0,0,0,0,0,0,0,1,1,3,1,1,2,0,1,0,0,3,6,5,5,4,6,4,11,4,8,9,9,19,25,75,51,27,23,13,10,10,9,9,7,2,5,2,0,1,1,0,0,2,0,1,0,2,1,1,0,0,0,1,0,1],