{"val_accuracy":0.8168103448275862,"gradients/graph_5fc3.bias":{"values":[1,0,0,0,0,0,0,0,0,0,0,0,0,0,0,0,1,0,1,0,0,0,0,0,1,0,0,0,0,0,0,0,0,0,0,0,1,0,0,0,0,0,0,0,0,0,0,0,0,0,0,0,0,0,0,0,0,0,0,0,0,0,0,1],"bins":[-0.01860865391790867,-0.017911145463585854,-0.01721363700926304,-0.016516128554940224,-0.01581862010061741,-0.015121111646294594,-0.014423603191971779,-0.013726094737648964,-0.013028586283326149,-0.012331077829003334,-0.011633569374680519,-0.010936060920357704,-0.010238551534712315,-0.0095410430803895,-0.008843534626066685,-0.00814602617174387,-0.007448517717421055,-0.00675100926309824,-0.006053500808775425,-0.00535599235445261,-0.004658483900129795,-0.00396097544580698,-0.003263466991484165,-0.0025659576058387756,-0.0018684491515159607,-0.0011709406971931458,-0.0004734322428703308,0.00022407621145248413,0.0009215846657752991,0.001619093120098114,0.002316601574420929,0.003014110028743744,0.003711618483066559,0.004409126937389374,0.005106635391712189,0.005804143846035004,0.006501652300357819,0.0071991607546806335,0.007896669209003448,0.008594177663326263,0.009291686117649078,0.009989194571971893,0.010686703957617283,0.011384212411940098,0.012081720866262913,0.012779229320585728,0.013476737774908543,0.014174246229231358,0.014871754683554173,0.015569263137876987,0.016266770660877228,0.016964279115200043,0.017661787569522858,0.018359297886490822,0.019056806340813637,0.01975431479513645,0.020451823249459267,0.02114933170378208,0.021846840158104897,0.02254434861242771,0.023241857066750526,0.02393936552107334,0.024636873975396156,0.02533438242971897,0.026031890884041786],"_type":"histogram"},"gradients/graph_5fc1.bias":{"_type":"histogram","values":[2,2,0,0,0,3,0,1,3,1,2,6,3,2,6,3,6,5,6,5,5,6,5,5,7,6,2,1,4,4,0,1,4,3,0,1,1,5,3,2,0,1,0,1,0,0,1,0,0,1,0,0,1,0,0,0,0,0,0,0,0,0,1,1],"bins":[-0.018894901499152184,-0.018131589516997337,-0.01736827939748764,-0.016604967415332794,-0.015841655433177948,-0.015078345313668251,-0.014315033331513405,-0.013551722280681133,-0.012788411229848862,-0.01202510017901659,-0.011261789128184319,-0.010498477146029472,-0.0097351660951972,-0.00897185504436493,-0.008208543062210083,-0.007445232011377811,-0.00668192096054554,-0.005918609909713268,-0.005155298858880997,-0.0043919868767261505,-0.003628675825893879,-0.0028653647750616074,-0.002102052792906761,-0.0013387426733970642,-0.000575430691242218,0.00018788129091262817,0.0009511914104223251,0.0017145033925771713,0.0024778153747320175,0.0032411254942417145,0.004004437476396561,0.004767747595906258,0.005531061440706253,0.006294373422861099,0.007057683542370796,0.007820995524525642,0.00858430564403534,0.009347617626190186,0.010110929608345032,0.010874239727854729,0.011637551710009575,0.012400863692164421,0.013164173811674118,0.013927485793828964,0.014690796844661236,0.015454107895493507,0.016217419877648354,0.01698072999715805,0.017744041979312897,0.018507353961467743,0.01927066408097744,0.020033976063132286,0.020797286182641983,0.02156059816479683,0.022323910146951675,0.02308722212910652,0.02385053224861622,0.024613842368125916,0.02537715435028076,0.026140466332435608,0.026903778314590454,0.02766708843410015,0.028430400416254997,0.029193710535764694,0.02995702251791954]},"gradients/graph_5fc3.weight":{"_type":"histogram","values":[2,1,0,0,0,0,0,1,1,3,1,2,3,4,1,2,2,3,5,4,8,5,4,13,13,18,15,24,25,69,234,102,49,30,28,23,6,16,5,6,7,7,2,4,1,1,5,1,2,3,0,1,2,0,0,1,0,0,1,1,0,0,0,1],"bins":[-0.09986976534128189,-0.09661483019590378,-0.09335988759994507,-0.09010495245456696,-0.08685001730918884,-0.08359508216381073,-0.08034014701843262,-0.07708520442247391,-0.0738302692770958,-0.07057533413171768,-0.06732039153575897,-0.06406545639038086,-0.06081052124500275,-0.057555586099624634,-0.05430064722895622,-0.05104570835828781,-0.0477907732129097,-0.044535838067531586,-0.041280899196863174,-0.03802596032619476,-0.03477102518081665,-0.03151609003543854,-0.028261147439479828,-0.025006212294101715,-0.021751277148723602,-0.01849634200334549,-0.015241406857967377,-0.011986464262008667,-0.008731529116630554,-0.005476593971252441,-0.0022216513752937317,0.001033283770084381,0.004288226366043091,0.007543161511421204,0.010798096656799316,0.014053039252758026,0.01730797439813614,0.02056290954351425,0.02381785213947296,0.027072787284851074,0.030327722430229187,0.0335826575756073,0.03683759272098541,0.04009253531694412,0.043347470462322235,0.04660240560770035,0.04985734447836876,0.05311228334903717,0.05636721849441528,0.059622153639793396,0.06287708878517151,0.06613203138113022,0.06938696652650833,0.07264190167188644,0.07589684426784515,0.07915177941322327,0.08240671455860138,0.08566164970397949,0.0889165848493576,0.09217152744531631,0.09542646259069443,0.09868139773607254,0.10193634033203125,0.10519127547740936,0.10844621062278748]},"_step":100,"parameters/graph_5fc1.bias":{"values":[1,0,0,0,1,1,2,2,2,1,0,4,1,2,1,0,2,2,1,1,3,1,3,2,2,0,2,4,4,1,1,4,3,3,7,2,3,3,3,6,5,2,2,4,2,1,2,4,6,4,0,2,3,0,0,1,2,0,0,3,0,0,0,4],"bins":[-0.4888225495815277,-0.4760840833187103,-0.46334564685821533,-0.45060718059539795,-0.43786871433258057,-0.42513027787208557,-0.4123918116092682,-0.3996533751487732,-0.3869149088859558,-0.3741764426231384,-0.36143797636032104,-0.34869953989982605,-0.33596107363700867,-0.32322263717651367,-0.3104841709136963,-0.2977457046508789,-0.2850072383880615,-0.27226880192756653,-0.25953033566474915,-0.24679188430309296,-0.23405343294143677,-0.22131496667861938,-0.2085765302181244,-0.195838063955307,-0.18309959769248962,-0.17036116123199463,-0.15762269496917725,-0.14488422870635986,-0.13214579224586487,-0.11940732598304749,-0.1066688597202301,-0.09393042325973511,-0.08119195699691772,-0.06845349073410034,-0.05571505427360535,-0.042976588010787964,-0.03023812174797058,-0.017499685287475586,-0.004761219024658203,0.00797724723815918,0.020715683698654175,0.03345414996147156,0.04619261622428894,0.058931052684783936,0.07166951894760132,0.08440797030925751,0.0971464216709137,0.10988488793373108,0.12262333929538727,0.13536179065704346,0.14810025691986084,0.16083870828151703,0.17357715964317322,0.1863156259059906,0.1990540772676468,0.21179252862930298,0.22453099489212036,0.23726944625377655,0.25000789761543274,0.2627463638782501,0.2754848003387451,0.2882232666015625,0.3009617328643799,0.3137001693248749,0.32643863558769226],"_type":"histogram"},"train_loss":0.3609311971171149,"val_loss":0.42233986407518387,"parameters/graph_5fc2.bias":{"_type":"histogram","values":[1,0,0,0,0,0,0,1,0,0,0,0,1,2,0,2,1,0,2,0,1,3,1,2,0,2,2,2,4,5,8,3,3,6,5,5,5,3,5,3,4,1,4,5,3,7,3,2,1,4,1,5,0,0,3,1,1,2,0,0,0,1,1,1],"bins":[-0.2906583547592163,-0.2814706265926361,-0.2722828984260559,-0.2630951404571533,-0.2539074122905731,-0.24471968412399292,-0.23553195595741272,-0.22634422779083252,-0.21715649962425232,-0.20796875655651093,-0.19878102838993073,-0.18959328532218933,-0.18040555715560913,-0.17121782898902893,-0.16203010082244873,-0.15284235775470734,-0.14365462958812714,-0.13446690142154694,-0.12527915835380554,-0.11609143018722534,-0.10690370202064514,-0.09771595895290375,-0.08852823078632355,-0.07934050261974335,-0.07015275955200195,-0.06096503138542175,-0.05177730321884155,-0.04258957505226135,-0.03340184688568115,-0.024214088916778564,-0.015026360750198364,-0.005838632583618164,0.003349095582962036,0.012536823749542236,0.021724551916122437,0.030912280082702637,0.040100038051605225,0.049287766218185425,0.058475494384765625,0.06766322255134583,0.07685095071792603,0.08603869378566742,0.09522642195224762,0.10441415011882782,0.11360189318656921,0.12278962135314941,0.13197734951972961,0.141165092587471,0.1503528207540512,0.1595405489206314,0.1687282919883728,0.177916020154953,0.1871037483215332,0.1962914764881134,0.2054792195558548,0.214666947722435,0.2238546907901764,0.2330424189567566,0.2422301471233368,0.251417875289917,0.2606056034564972,0.2697933316230774,0.27898108959198,0.2881688177585602,0.2973565459251404]},"parameters/graph_5fc2.weight":{"_type":"histogram",