{"test_accuracy":0.22707423580786026,"train_accuracy":0.6388508891928865,"test_confusion_matrix":[[0,0,3,3,0],[0,0,70,25,1],[0,0,28,68,3],[0,0,1,22,3],[0,0,0,0,2]],"parameters/graph_4fc2.bias":{"_type":"histogram","values":[1,1,0,1,0,0,0,0,0,0,0,0,0,1,2,0,1,0,0,0,1,0,0,0,0,0,0,0,1,2,1,0,1,0,0,2,0,4,0,2,0,1,1,0,1,0,1,0,0,2,2,0,0,0,0,0,0,0,0,1,1,0,0,1],"bins":[-0.0748492181301117,-0.06588444113731384,-0.05691966414451599,-0.04795488715171814,-0.03899011015892029,-0.030025333166122437,-0.021060556173324585,-0.012095779180526733,-0.003131002187728882,0.00583377480506897,0.014798551797866821,0.023763328790664673,0.032728105783462524,0.041692882776260376,0.05065765976905823,0.05962243676185608,0.06858721375465393,0.07755199074745178,0.08651676774024963,0.09548154473304749,0.10444632172584534,0.11341109871864319,0.12237587571144104,0.1313406527042389,0.14030542969703674,0.1492702066898346,0.15823498368263245,0.1671997606754303,0.17616453766822815,0.185129314661026,0.19409409165382385,0.2030588686466217,0.21202364563941956,0.2209884226322174,0.22995319962501526,0.2389179766178131,0.24788275361061096,0.2568475306034088,0.26581230759620667,0.2747770845890045,0.28374186158180237,0.2927066385746002,0.30167141556739807,0.3106361925601959,0.3196009695529938,0.3285657465457916,0.3375305235385895,0.34649530053138733,0.3554600775241852,0.36442485451698303,0.3733896315097809,0.38235440850257874,0.3913191854953766,0.40028396248817444,0.4092487394809723,0.41821351647377014,0.427178293466568,0.43614307045936584,0.4451078474521637,0.45407262444496155,0.4630374014377594,0.47200217843055725,0.4809669554233551,0.48993173241615295,0.4988965094089508]},"gradients/graph_4fc3.bias":{"values":[1,0,0,0,0,0,0,0,0,0,0,0,0,0,0,0,0,0,0,0,0,0,1,0,0,0,0,0,0,0,0,0,0,0,0,0,0,0,1,0,0,1,0,0,0,0,1,0,0,0,0,0,0,0,0,0,0,0,0,0,0,0,0,1],"bins":[-0.09718215465545654,-0.09444388747215271,-0.09170562028884888,-0.08896735310554504,-0.08622908592224121,-0.08349081873893738,-0.08075255155563354,-0.07801427692174911,-0.07527600973844528,-0.07253774255514145,-0.06979947537183762,-0.06706120818853378,-0.06432294100522995,-0.06158467382192612,-0.058846402913331985,-0.05610813573002815,-0.05336986854672432,-0.050631601363420486,-0.04789333418011665,-0.04515506327152252,-0.04241679608821869,-0.039678528904914856,-0.03694026172161102,-0.03420199453830719,-0.03146372735500336,-0.028725460171699524,-0.02598719298839569,-0.02324891835451126,-0.020510651171207428,-0.017772383987903595,-0.015034116804599762,-0.012295849621295929,-0.009557582437992096,-0.006819315254688263,-0.00408104807138443,-0.001342780888080597,0.001395486295223236,0.004133753478527069,0.006872028112411499,0.009610295295715332,0.012348562479019165,0.015086829662322998,0.01782509684562683,0.020563364028930664,0.023301631212234497,0.02603989839553833,0.02877816930413246,0.031516436487436295,0.03425470367074013,0.03699297085404396,0.039731238037347794,0.042469508945941925,0.04520777612924576,0.04794604331254959,0.050684310495853424,0.05342257767915726,0.05616084486246109,0.05889911204576492,0.061637382954359055,0.06437565386295319,0.06711392104625702,0.06985218822956085,0.07259045541286469,0.07532872259616852,0.07806698977947235],"_type":"histogram"},"parameters/graph_4fc3.weight":{"_type":"histogram","values":[1,0,1,0,0,0,0,1,0,0,0,1,0,1,0,0,1,2,0,0,2,1,2,4,1,2,3,4,3,2,3,2,1,2,0,1,0,4,4,3,4,2,3,7,6,5,9,7,8,11,13,11,11,9,5,11,10,2,2,2,0,1,0,1],"bins":[-1.0653470754623413,-1.0434552431106567,-1.0215632915496826,-0.999671459197998,-0.9777796268463135,-0.9558877348899841,-0.9339958429336548,-0.9121040105819702,-0.8902121782302856,-0.8683202862739563,-0.846428394317627,-0.8245365619659424,-0.802644670009613,-0.7807527780532837,-0.7588609457015991,-0.7369691133499146,-0.7150772213935852,-0.6931853294372559,-0.6712934970855713,-0.6494016647338867,-0.6275097727775574,-0.605617880821228,-0.5837260484695435,-0.5618341565132141,-0.5399422645568848,-0.5180504322052002,-0.49615854024887085,-0.4742667078971863,-0.45237481594085693,-0.43048298358917236,-0.408591091632843,-0.38669925928115845,-0.3648073375225067,-0.34291544556617737,-0.3210236132144928,-0.29913172125816345,-0.2772398889064789,-0.25534799695014954,-0.23345616459846497,-0.21156427264213562,-0.18967244029045105,-0.1677805483341217,-0.14588868618011475,-0.12399682402610779,-0.10210493206977844,-0.08021306991577148,-0.058321207761764526,-0.03642934560775757,-0.01453748345375061,0.007354378700256348,0.029246240854263306,0.051138103008270264,0.07302996516227722,0.09492184221744537,0.11681371927261353,0.13870558142662048,0.16059744358062744,0.1824893057346344,0.20438116788864136,0.2262730449438095,0.24816490709781647,0.2700567841529846,0.2919486463069916,0.31384050846099854,0.3357323706150055]},"parameters/graph_4fc3.bias":{"values":[1,0,0,0,0,0,0,0,0,0,0,0,0,0,0,0,0,0,0,1,0,0,0,0,0,0,1,0,0,0,0,0,0,0,0,0,0,0,0,0,0,0,0,0,1,0,0,0,0,0,0,0,0,0,1,0,0,0,0,0,0,0,0,1],"bins":[-0.7233923077583313,-0.7078900933265686,-0.6923878788948059,-0.6768856644630432,-0.6613834500312805,-0.6458812355995178,-0.6303790211677551,-0.6148768067359924,-0.5993745923042297,-0.583872377872467,-0.5683701634407043,-0.5528679490089417,-0.537365734577179,-0.5218635201454163,-0.5063613057136536,-0.49085909128189087,-0.4753568768501282,-0.4598546624183655,-0.4443524479866028,-0.4288502335548401,-0.4133480191230774,-0.3978458046913147,-0.382343590259552,-0.3668413758277893,-0.3513391613960266,-0.3358369469642639,-0.3203347325325012,-0.3048325181007385,-0.28933030366897583,-0.27382808923721313,-0.25832587480545044,-0.24282366037368774,-0.22732144594192505,-0.21181923151016235,-0.19631701707839966,-0.18081480264663696,-0.16531258821487427,-0.14981037378311157,-0.13430815935134888,-0.11880594491958618,-0.10330373048782349,-0.08780151605606079,-0.0722993016242981,-0.0567970871925354,-0.041294872760772705,-0.02579265832901001,-0.010290443897247314,0.005211770534515381,0.020713984966278076,0.03621619939804077,0.05171841382980347,0.06722062826156616,0.08272284269332886,0.09822505712509155,0.11372727155685425,0.12922948598861694,0.14473170042037964,0.16023391485214233,0.17573612928390503,0.19123834371566772,0.20674055814743042,0.22224277257919312,0.2377449870109558,0.2532472014427185,0.2687494158744812],"_type":"histogram"},"parameters/graph_4fc2.weight":{"bins":[-0.44676265120506287,-0.4323539733886719,-0.4179452657699585,-0.4035365879535675,-0.3891278803348541,-0.37471920251846313,-0.36031049489974976,-0.34590181708335876,-0.3314931392669678,-0.3170844316482544,-0.302675724029541,-0.28826704621315,-0.27385836839675903,-0.25944966077804565,-0.24504098296165466,-0.23063229024410248,-0.2162235975265503,-0.2018149048089981,-0.18740621209144592,-0.17299753427505493,-0.15858882665634155,-0.14418014883995056,-0.12977144122123718,-0.11536276340484619,-0.1009540855884552,-0.08654537796974182,-0.07213670015335083,-0.05772799253463745,-0.04331931471824646,-0.02891060709953308,-0.01450192928314209,-9.322166442871094e-05,0.014315485954284668,0.02872416377067566,0.04313287138938904,0.05754154920578003,0.07195025682449341,0.0863589346408844,0.10076764225959778,0.11517632007598877,0.12958502769470215,0.14399370551109314,0.15840238332748413,0.1728110909461975,0.1872197687625885,0.20162847638130188,0.21603715419769287,0.23044584691524506,0.24485453963279724,0.25926321744918823,0.2736719250679016,0.288080632686615,0.302489310503006,0.316897988319397,0.33130669593811035,0.34571537375450134,0.36012405157089233,0.3745327591896057,0.3889414668083191,0.4033501446247101,0.4177588224411011,0.43216753005981445,0.44657620787620544,0.4609849154949188,0.4753935933113098],"_type":"histogram","values":[1,1,1,1,1,3,1,0,0,4,1,6,4,4,12,13,9,16,16,23,29,19,31,34,26,41,48,42,42,36,37,32,33,37,35,35,28,31,32,33,25,15,17,26,29,22,14,15,9,9,10,8,7,7,3,3,1,3,1,0,0,0,1,1]},"_runtime":8.4459314,