{"parameters/graph_1fc2.weight":{"values":[1,1,1,2,6,5,14,12,17,15,27,17,30,41,43,60,71,88,97,105,99,97,132,130,154,150,152,146,148,148,138,131,143,154,145,122,128,136,127,118,97,80,98,74,60,57,44,48,42,31,28,14,11,13,11,11,5,6,7,2,2,0,1,3],"bins":[-0.2744835317134857,-0.26525378227233887,-0.25602400302886963,-0.24679425358772278,-0.23756450414657593,-0.22833473980426788,-0.21910497546195984,-0.209875226020813,-0.20064546167850494,-0.1914156973361969,-0.18218594789505005,-0.172956183552742,-0.16372641921043396,-0.1544966697692871,-0.14526690542697906,-0.13603715598583221,-0.12680739164352417,-0.11757762730121613,-0.10834787786006927,-0.09911811351776123,-0.08988836407661438,-0.08065859973430634,-0.07142883539199829,-0.06219908595085144,-0.052969321608543396,-0.04373955726623535,-0.0345098078250885,-0.025280043482780457,-0.016050279140472412,-0.0068205296993255615,0.002409219741821289,0.011638998985290527,0.020868778228759766,0.030098527669906616,0.039328306913375854,0.048558056354522705,0.057787805795669556,0.0670175701379776,0.07624733448028564,0.0854770839214325,0.09470684826374054,0.10393661260604858,0.11316636204719543,0.12239612638950348,0.13162589073181152,0.14085564017295837,0.15008540451526642,0.15931515395641327,0.1685449182987213,0.17777468264102936,0.1870044320821762,0.19623419642448425,0.2054639458656311,0.21469371020793915,0.2239234745502472,0.23315322399139404,0.2423829883337021,0.25161275267601013,0.260842502117157,0.2700722813606262,0.27930203080177307,0.2885317802429199,0.2977615296840668,0.306991308927536,0.31622105836868286],"_type":"histogram"},"gradients/graph_1fc1.weight":{"_type":"histogram","values":[1,0,0,0,0,0,0,1,0,0,0,1,0,3,0,1,4,1,1,4,4,7,5,6,4,14,19,14,38,65,58,87,89,73,49,35,21,28,17,10,10,8,5,5,4,2,3,0,1,1,1,0,1,1,0,1,0,0,0,0,0,0,0,1],"bins":[-0.0985528975725174,-0.0955117717385292,-0.09247063845396042,-0.08942951261997223,-0.08638837933540344,-0.08334725350141525,-0.08030612766742706,-0.07726499438285828,-0.07422386854887009,-0.0711827352643013,-0.06814160943031311,-0.06510047614574432,-0.062059350311756134,-0.059018220752477646,-0.055977094918489456,-0.05293596535921097,-0.04989483579993248,-0.04685370624065399,-0.043812576681375504,-0.040771450847387314,-0.037730321288108826,-0.03468918800354004,-0.03164806216955185,-0.02860693633556366,-0.025565803050994873,-0.022524677217006683,-0.019483543932437897,-0.016442418098449707,-0.013401292264461517,-0.01036015897989273,-0.007319033145904541,-0.004277899861335754,-0.0012367740273475647,0.001804351806640625,0.004845485091209412,0.007886610925197601,0.010927744209766388,0.013968870043754578,0.017009995877742767,0.020051129162311554,0.023092254996299744,0.02613338828086853,0.02917451411485672,0.03221563994884491,0.035256773233413696,0.038297902792692184,0.041339028626680374,0.04438015818595886,0.04742128774523735,0.05046241730451584,0.05350354686379433,0.056544672697782516,0.059585802257061005,0.0626269280910492,0.06566806137561798,0.06870918720960617,0.07175032049417496,0.07479144632816315,0.07783257961273193,0.08087370544672012,0.08391483128070831,0.0869559645652771,0.08999709039926529,0.09303822368383408,0.09607934951782227]},"parameters/graph_1fc3.weight":{"_type":"histogram","values":[1,0,0,0,0,1,0,0,0,1,1,2,0,2,0,0,0,0,2,5,3,2,2,3,3,2,8,5,3,6,6,6,7,10,3,11,16,6,16,10,8,11,14,9,6,13,14,12,7,17,13,13,11,10,15,11,13,12,12,7,5,3,4,1],"bins":[-0.5585849285125732,-0.546559751033783,-0.5345346331596375,-0.5225094556808472,-0.5104843378067017,-0.4984591603279114,-0.4864339828491211,-0.4744088351726532,-0.4623836874961853,-0.4503585398197174,-0.4383333921432495,-0.42630821466445923,-0.41428306698799133,-0.40225791931152344,-0.39023274183273315,-0.37820759415626526,-0.36618244647979736,-0.35415729880332947,-0.3421321511268616,-0.3301069736480713,-0.3180818259716034,-0.3060566782951355,-0.2940315008163452,-0.2820063531398773,-0.2699812054634094,-0.25795605778694153,-0.24593091011047363,-0.23390573263168335,-0.22188058495521545,-0.20985543727874756,-0.19783025979995728,-0.18580511212348938,-0.1737799346446991,-0.1617547869682312,-0.1497296392917633,-0.13770446181297302,-0.12567931413650513,-0.11365416646003723,-0.10162898898124695,-0.08960384130477905,-0.07757869362831116,-0.06555354595184326,-0.053528398275375366,-0.04150322079658508,-0.029478073120117188,-0.017452925443649292,-0.005427762866020203,0.006597399711608887,0.018622547388076782,0.030647695064544678,0.04267285764217377,0.054698020219802856,0.06672316789627075,0.07874831557273865,0.09077347815036774,0.10279863327741623,0.11482378840446472,0.12684893608093262,0.1388740986585617,0.1508992612361908,0.1629244089126587,0.1749495565891266,0.18697471916675568,0.19899988174438477,0.21102502942085266]},"classification_report":{"macro avg":{"support":229,"precision":0.09567755991285402,"recall":0.3508935508935509,"f1-score":0.12339288777785948},"weighted avg":{"precision":0.13718430991998934,"recall":0.18777292576419213,"f1-score":0.14757819738188185,"support":229},"0":{"recall":0,"f1-score":0,"support":6,"precision":0},"1":{"precision":0,"recall":0,"f1-score":0,"support":96},"2":{"precision":0.28431372549019607,"recall":0.29292929292929293,"f1-score":0.2885572139303483,"support":99},"3":{"f1-score":0.19047619047619047,"support":26,"precision":0.12,"recall":0.46153846153846156},"4":{"recall":1,"f1-score":0.13793103448275862,"support":2,"precision":0.07407407407407407},"accuracy":0.18777292576419213},"gradients/graph_1fc3.bias":{"_type":"histogram","values":[1,0,0,0,0,0,0,0,0,0,0,1,0,0,0,0,0,0,0,0,0,0,0,0,0,0,0,0,0,0,0,0,0,1,0,0,0,0,0,1,1,0,0,0,0,0,0,0,0,0,0,0,0,0,0,0,0,0,0,0,0,0,0,1],"bins":[-0.044039878994226456,-0.04264272004365921,-0.04124556481838226,-0.03984840586781502,-0.03845124691724777,-0.03705408796668053,-0.03565692901611328,-0.034259773790836334,-0.03286261484026909,-0.03146545588970184,-0.030068298801779747,-0.02867114171385765,-0.027273982763290405,-0.02587682381272316,-0.024479666724801064,-0.023082509636878967,-0.021685350686311722,-0.020288191735744476,-0.01889103464782238,-0.017493877559900284,-0.01609671860933304,-0.014699559658765793,-0.013302402570843697,-0.0119052454829216,-0.010508086532354355,-0.00911092758178711,-0.007713768631219864,-0.006316613405942917,-0.004919454455375671,-0.003522295504808426,-0.002125140279531479,-0.0007279813289642334,0.0006691813468933105,0.002066340297460556,0.0034634992480278015,0.0048606544733047485,0.006257813423871994,0.0076549723744392395,0.009052127599716187,0.010449286550283432,0.011846445500850677,0.013243604451417923,0.01464076153934002,0.016037918627262115,0.01743507757782936,0.018832236528396606,0.020229393616318703,0.0216265507042408,0.023023709654808044,0.02442086860537529,0.025818025693297386,0.027215182781219482,0.028612341731786728,0.030009500682353973,0.03140665590763092,0.032803814858198166,0.03420097380876541,0.03559813275933266,0.0369952917098999,0.03839244693517685,0.039789605885744095,0.04118676483631134,0.04258392006158829,0.04398107901215553,0.04537823796272278]},"gradients/graph_1fc1.bias":{"_type":"histogram","values":[3,0,0,0,0,0,0,1,0,0,0,0,0,0,1,1,2,3,1,2,4,5,2,2,4,1,4,4,2,2,1,1,1,2,2,0,2,0,1,0,4,1,0,2,0,0,0,1,1,0,0,0,0,0,0,0,0,0,0,0,0,0,0,1],