{"test_confusion_matrix":[[91,0,0,0,0,0],[0,92,1,4,1,0],[0,15,55,21,2,0],[0,15,14,40,30,2],[0,1,0,27,67,14],[0,0,0,0,0,88]],"gradients/fc3.bias":{"_type":"histogram","values":[2,0,0,0,1,0,0,0,0,0,0,0,0,0,0,0,0,0,0,0,0,0,0,0,0,0,0,0,0,0,0,0,0,0,1,1,0,0,0,0,0,0,0,0,0,0,0,0,0,0,0,0,0,0,0,0,0,0,0,0,0,0,0,1],"bins":[-0.02763233333826065,-0.026438502594828606,-0.02524466998875141,-0.024050839245319366,-0.022857006639242172,-0.021663175895810127,-0.020469345152378082,-0.019275512546300888,-0.018081681802868843,-0.016887851059436798,-0.015694018453359604,-0.014500187709927559,-0.01330635603517294,-0.01211252436041832,-0.010918693616986275,-0.00972486101090908,-0.008531030267477036,-0.0073371995240449905,-0.006143366917967796,-0.004949536174535751,-0.003755703568458557,-0.002561872825026512,-0.0013680420815944672,-0.00017420947551727295,0.001019621267914772,0.002213452011346817,0.0034072846174240112,0.0046011172235012054,0.005794946104288101,0.006988778710365295,0.00818261131644249,0.009376440197229385,0.010570269078016281,0.011764101684093475,0.012957930564880371,0.014151763170957565,0.01534559577703476,0.016539424657821655,0.01773325726389885,0.018927089869976044,0.02012092061340809,0.021314751356840134,0.022508583962917328,0.023702414706349373,0.024896245449781418,0.026090078055858612,0.027283908799290657,0.02847774140536785,0.029671572148799896,0.03086540289223194,0.032059237360954285,0.03325306624174118,0.034446898847818375,0.03564073145389557,0.036834560334682465,0.03802839294075966,0.03922222554683685,0.04041605442762375,0.04160988703370094,0.04280371963977814,0.04399754852056503,0.04519138112664223,0.04638521373271942,0.04757904261350632,0.04877287521958351]},"parameters/fc3.bias":{"_type":"histogram","values":[1,0,0,0,0,0,0,0,0,0,0,0,0,0,0,0,0,0,0,0,0,0,0,0,0,0,1,0,1,0,0,0,0,0,1,1,0,0,0,0,0,0,0,0,0,0,0,0,0,0,0,0,0,0,0,0,0,0,0,0,0,0,0,1],"bins":[-0.3692229986190796,-0.35761401057243347,-0.34600502252578735,-0.33439600467681885,-0.32278701663017273,-0.3111780285835266,-0.2995690107345581,-0.287960022687912,-0.27635103464126587,-0.26474204659461975,-0.25313305854797363,-0.24152404069900513,-0.229915052652359,-0.2183060646057129,-0.20669706165790558,-0.19508805871009827,-0.18347907066345215,-0.17187008261680603,-0.16026107966899872,-0.1486520767211914,-0.1370430886745453,-0.12543410062789917,-0.11382508277893066,-0.10221609473228455,-0.09060710668563843,-0.07899811863899231,-0.06738913059234619,-0.055780112743377686,-0.04417112469673157,-0.03256213665008545,-0.020953118801116943,-0.009344130754470825,0.0022648870944976807,0.013873875141143799,0.025482863187789917,0.03709188103675842,0.04870086908340454,0.06030985713005066,0.07191887497901917,0.08352786302566528,0.0951368510723114,0.10674583911895752,0.11835482716560364,0.12996384501457214,0.14157283306121826,0.15318182110786438,0.1647908240556717,0.176399827003479,0.18800881505012512,0.19961780309677124,0.21122680604457855,0.22283580899238586,0.23444479703903198,0.2460537850856781,0.2576627731323242,0.2692717909812927,0.28088077902793884,0.29248976707458496,0.30409878492355347,0.3157077729701996,0.3273167610168457,0.3389257490634918,0.35053473711013794,0.36214375495910645,0.37375274300575256]},"parameters/fc2.bias":{"_type":"histogram","values":[1,0,0,0,0,1,0,0,1,0,0,1,0,2,1,0,2,2,0,3,3,1,2,2,0,1,1,1,6,0,0,0,3,1,3,1,0,1,2,1,1,0,3,3,2,1,3,1,1,0,0,0,1,1,2,1,0,0,0,0,0,0,0,1],"bins":[-0.21021296083927155,-0.20130541920661926,-0.19239787757396698,-0.1834903359413147,-0.17458279430866241,-0.16567525267601013,-0.15676769614219666,-0.14786016941070557,-0.1389526128768921,-0.130045086145401,-0.12113753706216812,-0.11222999542951584,-0.10332244634628296,-0.09441490471363068,-0.0855073630809784,-0.07659982144832611,-0.06769227981567383,-0.058784738183021545,-0.04987719655036926,-0.04096965491771698,-0.0320621132850647,-0.023154571652412415,-0.014247030019760132,-0.005339488387107849,0.0035680681467056274,0.01247560977935791,0.021383151412010193,0.030290693044662476,0.03919823467731476,0.04810576140880585,0.057013317942619324,0.06592084467411041,0.07482841610908508,0.08373597264289856,0.09264349937438965,0.10155105590820312,0.11045858263969421,0.1193661242723465,0.12827366590499878,0.13718120753765106,0.14608874917030334,0.15499630570411682,0.1639038473367691,0.1728113889694214,0.18171893060207367,0.19062647223472595,0.19953401386737823,0.20844155550003052,0.2173490971326828,0.22625663876533508,0.23516418039798737,0.24407172203063965,0.2529792785644531,0.2618868052959442,0.2707943618297577,0.2797018885612488,0.28860944509506226,0.29751697182655334,0.3064245283603668,0.3153320550918579,0.3242396116256714,0.3331471383571625,0.34205469489097595,0.35096222162246704,0.3598697781562805]},"gradients/fc2.weight":{"_type":"histogram","values":[2,3,1,2,2,1,2,0,0,0,1,2,2,3,4,1,2,6,1,4,8,5,5,15,21,30,29,53,68,100,145,255,376,1432,600,266,147,116,79,66,55,44,33,31,11,14,13,10,5,9,5,4,1,2,0,0,0,0,1,0,0,1,1,1],"bins":[-0.050973694771528244,-0.049470629543066025,-0.047967564314603806,-0.04646449536085129,-0.04496143013238907,-0.04345836490392685,-0.04195529967546463,-0.04045223444700241,-0.03894916921854019,-0.03744610399007797,-0.03594303876161575,-0.034439973533153534,-0.032936904579401016,-0.0314338393509388,-0.029930774122476578,-0.02842770703136921,-0.02692464180290699,-0.02542157657444477,-0.023918509483337402,-0.022415444254875183,-0.020912379026412964,-0.019409313797950745,-0.017906248569488525,-0.016403179615736008,-0.014900114387273788,-0.01339704915881157,-0.01189398393034935,-0.01039091870188713,-0.008887853473424911,-0.007384784519672394,-0.0058817192912101746,-0.004378654062747955,-0.002875588834285736,-0.0013725236058235168,0.0001305416226387024,0.0016336068511009216,0.0031366758048534393,0.004639741033315659,0.006142806261777878,0.007645871490240097,0.009148936718702316,0.010652001947164536,0.012155070900917053,0.013658136129379272,0.015161201357841492,0.01666426658630371,0.01816733181476593,0.0196703989058733,0.021173464134335518,0.022676529362797737,0.024179596453905106,0.025682661682367325,0.027185726910829544,0.028688794001936913,0.030191859230399132,0.0316949263215065,0.03319799154996872,0.03470105677843094,0.03620412200689316,0.03770718723535538,0.039210252463817596,0.040713317692279816,0.04221638664603233,0.04371945187449455,0.04522251710295677]},"gradients/fc1.bias":{"values":[2,0,0,0,0,0,0,0,2,1,0,2,1,2,1,1,0,3,3,1,2,0,3,0,4,1,2,3,3,1,2,2,2,5,1,3,0,2,1,1,1,2,0,1,0,0,2,0,0,0,0,0,0,0,0,0,0,0,0,0,0,0,0,1],"bins":[-0.04823247343301773,-0.04643649235367775,-0.04464051127433777,-0.04284453019499779,-0.041048549115657806,-0.03925256431102753,-0.037456586956977844,-0.035660602152347565,-0.033864621073007584,-0.0320686399936676,-0.03027265891432762,-0.02847667783498764,-0.02668069675564766,-0.024884715676307678,-0.023088732734322548,-0.021292751654982567,-0.019496770575642586,-0.017700789496302605,-0.015904806554317474,-0.014108825474977493,-0.012312844395637512,-0.010516863316297531,-0.00872088223695755,-0.006924901157617569,-0.005128920078277588,-0.003332938998937607,-0.0015369579195976257,0.0002590268850326538,0.002055007964372635,0.003850989043712616,0.005646970123052597,0.007442951202392578,0.00923893228173256,0.01103491336107254,0.012830894440412521,0.014626875519752502,0.016422856599092484,0.018218837678432465,0.020014822483062744,0.021810803562402725,0.023606784641742706,0.025402765721082687,0.02719874680042267,0.02899472787976265,0.03079070895910263,0.03258669003844261,0.03438267111778259,0.03617865592241287,0.037974633276462555,0.039770618081092834,0.04156659543514252,0.0433625802397728,0.04515856131911278,0.04695454239845276,0.04875052347779274,0.05054650455713272,0.0523424856364727,0.05413846671581268,0.05593445152044296,0.057730428874492645,0.059526413679122925,0.061322394758462906,0.06311837583780289,0.06491435319185257,0.06671033799648285],"_type":"histogram"},"parameters/fc1.bias":{"_type":"histogram",