{"gradients/fc1.weight":{"bins":[-0.07920379191637039,-0.07696923613548279,-0.07473468035459518,-0.07250012457370758,-0.07026556879281998,-0.06803101301193237,-0.06579645723104477,-0.06356190145015717,-0.06132734194397926,-0.05909278616309166,-0.056858230382204056,-0.054623670876026154,-0.05238911509513855,-0.050154559314250946,-0.04792000353336334,-0.04568544775247574,-0.043450891971588135,-0.04121633619070053,-0.03898178040981293,-0.036747224628925323,-0.03451266884803772,-0.03227810934185982,-0.030043553560972214,-0.02780899778008461,-0.025574441999197006,-0.023339886218309402,-0.0211053304374218,-0.018870774656534195,-0.016636215150356293,-0.014401659369468689,-0.012167103588581085,-0.009932547807693481,-0.007697992026805878,-0.005463436245918274,-0.00322888046503067,-0.0009943246841430664,0.0012402310967445374,0.0034747906029224396,0.005709346383810043,0.007943902164697647,0.01017845794558525,0.012413013726472855,0.014647569507360458,0.016882125288248062,0.019116684794425964,0.021351240575313568,0.023585796356201172,0.025820352137088776,0.02805490791797638,0.030289463698863983,0.03252401947975159,0.03475857526063919,0.036993131041526794,0.0392276868224144,0.0414622463285923,0.043696802109479904,0.04593135789036751,0.04816591367125511,0.050400469452142715,0.05263502895832062,0.05486958473920822,0.057104140520095825,0.05933869630098343,0.06157325208187103,0.06380780786275864],"_type":"histogram","values":[1,0,0,1,0,0,1,0,1,2,0,0,0,2,0,1,0,2,4,7,5,8,9,17,9,12,11,20,16,23,25,33,27,43,45,54,39,29,38,36,37,27,17,24,10,11,13,6,9,4,3,6,3,2,0,3,1,1,0,2,0,2,1,1]},"confusion_matrix":[[0,0,3,3,0],[1,0,70,24,1],[0,1,31,62,5],[0,0,1,16,9],[0,0,0,2,0]],"parameters/fc1.weight":{"_type":"histogram","values":[1,1,0,0,1,0,0,1,2,2,3,1,3,6,6,4,8,13,10,19,19,16,17,17,13,11,15,23,19,12,18,18,10,20,9,15,23,21,17,20,16,22,13,17,14,25,10,25,16,22,24,13,15,13,10,12,6,1,6,3,2,0,3,2],"bins":[-0.6163011789321899,-0.5994319915771484,-0.5825628638267517,-0.5656936764717102,-0.5488245487213135,-0.531955361366272,-0.5150862336158752,-0.49821704626083374,-0.481347918510437,-0.4644787311553955,-0.4476096034049988,-0.4307404160499573,-0.41387125849723816,-0.39700210094451904,-0.3801329433917999,-0.3632637858390808,-0.3463946282863617,-0.3295254707336426,-0.31265631318092346,-0.29578715562820435,-0.27891799807548523,-0.2620488405227661,-0.245179682970047,-0.22831052541732788,-0.21144133806228638,-0.19457218050956726,-0.17770302295684814,-0.16083386540412903,-0.1439647078514099,-0.1270955502986908,-0.11022639274597168,-0.09335726499557495,-0.07648804783821106,-0.059618860483169556,-0.04274973273277283,-0.02588057518005371,-0.009011417627334595,0.007857739925384521,0.024726897478103638,0.041596055030822754,0.05846521258354187,0.07533439993858337,0.09220355749130249,0.1090727150440216,0.12594187259674072,0.14281103014945984,0.15968018770217896,0.17654934525489807,0.1934185028076172,0.2102876603603363,0.22715681791305542,0.24402597546577454,0.26089513301849365,0.27776432037353516,0.2946334481239319,0.3115026354789734,0.3283717632293701,0.3452409505844116,0.36211007833480835,0.37897926568984985,0.39584842324256897,0.4127175807952881,0.4295867383480072,0.4464558959007263,0.46332505345344543]},"parameters/fc3.weight":{"values":[1,1,1,0,0,1,0,1,0,3,1,0,1,1,0,0,1,3,3,2,2,4,2,9,4,10,3,6,6,11,12,5,9,15,12,11,10,4,13,12,14,8,12,16,9,13,16,18,10,12,19,12,12,8,6,6,4,3,0,1,0,3,1,1],"bins":[-0.6133078932762146,-0.5984928011894226,-0.5836777091026306,-0.5688626766204834,-0.5540475845336914,-0.5392324924468994,-0.5244174003601074,-0.5096023082733154,-0.4947872459888458,-0.4799721837043762,-0.46515709161758423,-0.45034199953079224,-0.43552693724632263,-0.420711874961853,-0.40589678287506104,-0.39108169078826904,-0.37626659870147705,-0.36145153641700745,-0.34663644433021545,-0.33182138204574585,-0.31700628995895386,-0.30219122767448425,-0.28737613558769226,-0.27256104350090027,-0.25774598121643066,-0.24293088912963867,-0.22811582684516907,-0.21330073475837708,-0.19848564267158508,-0.18367058038711548,-0.1688554883003235,-0.15404042601585388,-0.1392253339290619,-0.1244102418422699,-0.10959517955780029,-0.0947800874710083,-0.0799650251865387,-0.0651499330997467,-0.05033484101295471,-0.03551977872848511,-0.020704686641693115,-0.005889624357223511,0.008925467729568481,0.023740559816360474,0.03855562210083008,0.05337071418762207,0.06818577647209167,0.08300086855888367,0.09781594574451447,0.11263102293014526,0.12744610011577606,0.14226119220256805,0.15707626938819885,0.17189134657382965,0.18670642375946045,0.20152150094509125,0.21633657813072205,0.23115167021751404,0.24596674740314484,0.26078182458877563,0.2755969166755676,0.29041197896003723,0.3052270710468292,0.32004213333129883,0.3348572254180908],"_type":"histogram"},"parameters/fc2.weight":{"bins":[-0.38436058163642883,-0.3723292052745819,-0.3602978587150574,-0.34826648235321045,-0.3362351357936859,-0.324203759431839,-0.31217241287231445,-0.30014103651046753,-0.2881096601486206,-0.27607831358909607,-0.26404696702957153,-0.2520155906677246,-0.23998421430587769,-0.22795285284519196,-0.21592149138450623,-0.2038901299238205,-0.19185876846313477,-0.17982740700244904,-0.1677960455417633,-0.15576468408107758,-0.14373332262039185,-0.13170194625854492,-0.11967059969902039,-0.10763922333717346,-0.09560784697532654,-0.083576500415802,-0.07154512405395508,-0.05951377749443054,-0.04748240113258362,-0.03545105457305908,-0.023419678211212158,-0.011388331651687622,0.0006430447101593018,0.012674421072006226,0.02470576763153076,0.036737143993377686,0.04876849055290222,0.060799866914749146,0.07283121347427368,0.0848625898361206,0.09689393639564514,0.10892531275749207,0.12095668911933899,0.13298803567886353,0.14501941204071045,0.15705077350139618,0.1690821349620819,0.18111349642276764,0.19314485788345337,0.2051762193441391,0.21720758080482483,0.22923894226551056,0.2412703037261963,0.2533016800880432,0.26533305644989014,0.2773644030094147,0.2893957495689392,0.30142712593078613,0.31345850229263306,0.3254898488521576,0.3375212252140045,0.34955257177352905,0.361583948135376,0.3736152946949005,0.38564667105674744],"_type":"histogram","values":[2,1,0,2,1,1,3,1,7,8,10,9,11,16,21,20,35,37,44,59,75,90,90,109,120,129,137,167,152,179,186,150,165,173,151,152,159,161,167,175,143,125,97,111,83,76,69,44,37,32,36,14,16,8,10,4,3,4,4,3,0,0,0,2]},"gradients/fc3.bias":{"_type":"histogram","values":[1,0,0,0,0,0,0,0,0,2,0,0,0,1,0,0,0,0,0,0,0,0,1,0,0,0,0,0,0,0,0,0,0,0,0,0,0,0,0,0,0,0,0,0,0,0,0,0,0,0,0,0,0,0,0,0,0,0,0,0,0,0,0,1],"bins":[-0.05778136104345322,-0.05485749989748001,-0.051933638751506805,-0.0490097738802433,-0.046085912734270096,-0.04316205158829689,-0.040238186717033386,-0.03731432557106018,-0.034390464425086975,-0.03146660327911377,-0.028542740270495415,-0.02561887726187706,-0.022695016115903854,-0.01977115496993065,-0.016847290098667145,-0.01392342895269394,-0.010999567806720734,-0.008075706660747528,-0.0051518455147743225,-0.0022279806435108185,0.0006958805024623871,0.0036197416484355927,0.006543606519699097,0.009467467665672302,0.012391328811645508,0.015315189957618713,0.01823905110359192,0.021162912249565125,0.024086780846118927,0.027010641992092133,0.029934503138065338,0.032858364284038544,0.03578221797943115,0.03870607912540436,0.041629940271377563,0.04455380141735077,0.047477662563323975,0.05040153115987778,0.05332539230585098,0.05624925345182419,0.059173114597797394,0.0620969757437706,0.0650208368897438,0.06794470548629761,0.07086856663227081,0.07379242777824402,0.07671628892421722,0.07964015007019043,0.08256401121616364,0.08548787236213684,0.08841173350811005,0.09133559465408325,0.09425945580005646,0.09718331694602966,0.10010718554258347,0.10303104668855667,0.10595490783452988,0.10887876898050308,0.11180263012647629,0.1147264912724495,0.1176503598690033,0.1205742210149765,0.12349808216094971,0.1264219433069229,0.12934580445289612]},"_step":50,"_timestamp":1.7328657637171829e+09,