{"train_accuracy":0.44282632146709816,"gradients/graph_8fc1.weight":{"values":[1,0,0,0,0,1,0,1,2,1,1,1,0,0,2,1,3,0,0,0,2,4,5,2,6,4,12,4,10,11,12,14,13,15,17,21,28,50,48,56,45,37,44,37,22,23,20,15,12,26,16,12,12,5,6,5,2,2,3,5,0,2,2,3],"bins":[-0.03602256998419762,-0.03512751683592796,-0.03423245996236801,-0.03333740681409836,-0.032442349940538406,-0.03154729679226875,-0.03065224178135395,-0.029757186770439148,-0.028862133622169495,-0.027967076748609543,-0.02707202360033989,-0.026176968589425087,-0.025281913578510284,-0.02438686043024063,-0.02349180355668068,-0.022596750408411026,-0.021701695397496223,-0.02080664038658142,-0.01991158537566662,-0.019016532227396965,-0.018121477216482162,-0.01722642220556736,-0.016331367194652557,-0.015436312183737755,-0.014541257172822952,-0.013646204024553299,-0.012751149013638496,-0.011856094002723694,-0.010961038991808891,-0.010065983980894089,-0.009170930832624435,-0.008275875821709633,-0.0073808226734399796,-0.006485767662525177,-0.0055907126516103745,-0.004695659503340721,-0.0038006044924259186,-0.002905549481511116,-0.0020104944705963135,-0.001115439459681511,-0.0002203863114118576,0.000674668699502945,0.0015697237104177475,0.00246477872133255,0.0033598337322473526,0.004254888743162155,0.0051499418914318085,0.006044996902346611,0.006940051913261414,0.007835106924176216,0.008730161003768444,0.009625216014683247,0.010520270094275475,0.011415325105190277,0.01231038011610508,0.013205434195697308,0.01410048920661211,0.014995543286204338,0.01589059829711914,0.016785653308033943,0.017680708318948746,0.0185757614672184,0.0194708164781332,0.020365871489048004,0.021260926499962807],"_type":"histogram"},"_step":250,"test_accuracy":0.4586206896551724,"_wandb":{"runtime":20},"val_accuracy":0.5,"test_classification_report":"              precision    recall  f1-score   support\n\n           0       0.49      0.97      0.65        91\n           1       0.51      0.18      0.27        98\n           2       0.48      0.52      0.49        93\n           3       0.33      0.14      0.20       101\n           4       0.42      0.09      0.15       109\n           5       0.44      1.00      0.61        88\n\n    accuracy                           0.46       580\n   macro avg       0.45      0.48      0.40       580\nweighted avg       0.44      0.46      0.38       580\n","gradients/graph_8fc1.bias":{"bins":[-0.022487742826342583,-0.02195633575320244,-0.021424926817417145,-0.02089351788163185,-0.020362110808491707,-0.019830703735351562,-0.01929929479956627,-0.018767885863780975,-0.01823647879064083,-0.017705071717500687,-0.017173662781715393,-0.0166422538459301,-0.016110846772789955,-0.015579438768327236,-0.015048030763864517,-0.014516622759401798,-0.01398521475493908,-0.01345380675047636,-0.012922398746013641,-0.012390990741550922,-0.011859582737088203,-0.011328174732625484,-0.010796766728162766,-0.010265358723700047,-0.009733950719237328,-0.009202542714774609,-0.00867113471031189,-0.00813972670584917,-0.007608318701386452,-0.007076910696923733,-0.006545502692461014,-0.0060140956193208694,-0.005482684820890427,-0.004951275885105133,-0.004419868811964989,-0.0038884608075022697,-0.0033570528030395508,-0.002825644798576832,-0.002294236794114113,-0.0017628287896513939,-0.001231420785188675,-0.000700012780725956,-0.000168604776263237,0.00036280322819948196,0.0008942112326622009,0.0014256192371249199,0.001957027241587639,0.002488435246050358,0.0030198432505130768,0.0035512512549757957,0.004082659259438515,0.004614067263901234,0.005145475268363953,0.005676883272826672,0.0062082912772893906,0.0067396992817521095,0.0072711072862148285,0.0078025152906775475,0.008333923295140266,0.008865331299602985,0.009396739304065704,0.009928147308528423,0.010459555312991142,0.010990963317453861,0.01152237132191658],"_type":"histogram","values":[1,0,0,0,1,0,1,2,1,0,1,1,0,0,1,0,2,0,0,1,0,0,1,1,3,2,0,1,1,1,2,2,3,1,4,2,1,4,2,3,3,3,2,0,0,2,0,1,1,1,1,0,1,1,0,0,1,0,0,0,0,0,0,1]},"val_loss":1.3034622520208359,"train_loss":1.3905985396483849,"parameters/graph_8fc2.bias":{"bins":[-0.12828446924686432,-0.12411466985940933,-0.11994487047195435,-0.11577507108449936,-0.11160527169704437,-0.10743547976016998,-0.103265680372715,-0.09909588098526001,-0.09492608159780502,-0.09075628221035004,-0.08658648282289505,-0.08241668343544006,-0.07824689149856567,-0.07407708466053009,-0.0699072927236557,-0.06573749333620071,-0.06156769394874573,-0.05739789456129074,-0.053228095173835754,-0.04905829578638077,-0.04488849639892578,-0.04071870446205139,-0.036548905074596405,-0.03237910568714142,-0.028209306299686432,-0.024039506912231445,-0.01986970752477646,-0.015699908137321472,-0.011530116200447083,-0.007360316812992096,-0.0031905174255371094,0.0009792894124984741,0.005149081349372864,0.009318873286247253,0.013488680124282837,0.017658479511737823,0.02182827889919281,0.0259980708360672,0.030167870223522186,0.03433766961097717,0.03850746899843216,0.042677268385887146,0.04684706777334213,0.05101686716079712,0.05518665909767151,0.059356458485126495,0.06352625787258148,0.06769605726003647,0.07186585664749146,0.07603565603494644,0.08020545542240143,0.08437524735927582,0.0885450541973114,0.09271484613418579,0.09688464552164078,0.10105444490909576,0.10522424429655075,0.10939404368400574,0.11356384307146072,0.11773364245891571,0.1219034343957901,0.12607324123382568,0.13024303317070007,0.13441284000873566,0.13858263194561005],"_type":"histogram","values":[2,0,1,0,1,0,0,1,1,1,3,0,0,2,3,0,0,2,1,1,1,1,0,0,1,0,0,2,1,0,0,0,2,0,1,2,1,0,1,1,2,2,1,3,2,2,7,0,1,1,1,1,0,1,0,1,0,1,0,3,0,0,0,2]},"_runtime":20.4926737,"gradients/graph_8fc2.bias":{"values":[2,1,1,0,0,0,0,0,1,1,0,1,0,0,1,0,0,1,1,1,0,2,1,1,1,2,4,2,1,2,4,2,2,2,3,1,3,3,0,1,1,0,1,1,1,1,2,0,0,1,1,2,1,0,0,0,2,1,0,0,0,0,0,1],"bins":[-0.025931967422366142,-0.025253901258111,-0.024575835093855858,-0.023897768929600716,-0.023219702765345573,-0.02254163660109043,-0.02186356857419014,-0.021185502409934998,-0.020507436245679855,-0.019829370081424713,-0.01915130391716957,-0.01847323775291443,-0.017795171588659286,-0.017117105424404144,-0.016439039260149002,-0.01576097309589386,-0.015082906931638718,-0.014404840767383575,-0.013726774603128433,-0.013048708438873291,-0.012370642274618149,-0.011692575179040432,-0.01101450901478529,-0.010336442850530148,-0.00965837575495243,-0.008980309590697289,-0.008302243426442146,-0.007624177262187004,-0.006946111097931862,-0.00626804493367672,-0.0055899787694215775,-0.004911912605166435,-0.004233848303556442,-0.0035557821393013,-0.002877715975046158,-0.0021996498107910156,-0.0015215836465358734,-0.0008435174822807312,-0.000165451318025589,0.0005126148462295532,0.0011906810104846954,0.0018687481060624123,0.0025468142703175545,0.0032248804345726967,0.0039029475301504135,0.004581013694405556,0.005259079858660698,0.00593714602291584,0.006615212187170982,0.007293278351426125,0.007971344515681267,0.008649410679936409,0.009327476844191551,0.010005543008446693,0.01068361010402441,0.011361676268279552,0.012039742432534695,0.012717808596789837,0.013395874761044979,0.014073941856622696,0.014752008020877838,0.01543007418513298,0.016108140349388123,0.016786206513643265,0.017464272677898407],"_type":"histogram"},