{"gradients/graph_9fc2.weight":{"_type":"histogram","values":[1,3,5,9,9,20,36,132,3473,197,67,41,25,17,11,13,8,6,3,2,1,2,0,2,2,0,0,3,0,0,0,1,0,1,0,0,0,1,1,0,0,0,0,0,0,0,0,1,0,1,0,0,1,0,0,0,0,0,0,0,0,0,0,1],"bins":[-0.10672283917665482,-0.09452947974205017,-0.08233611285686493,-0.07014275342226028,-0.05794939398765564,-0.045756034553050995,-0.03356266766786575,-0.02136930823326111,-0.009175948798656464,0.003017410635948181,0.015210770070552826,0.027404136955738068,0.03959750384092331,0.05179085582494736,0.0639842227101326,0.07617757469415665,0.08837094157934189,0.10056430846452713,0.11275766044855118,0.12495102733373642,0.13714438676834106,0.1493377685546875,0.16153112053871155,0.1737244725227356,0.18591785430908203,0.19811120629310608,0.21030455827713013,0.22249791026115417,0.2346912920475006,0.24688464403152466,0.2590779960155487,0.27127137780189514,0.2834647297859192,0.29565808176994324,0.3078514635562897,0.3200448155403137,0.33223816752433777,0.3444315493106842,0.35662490129470825,0.3688182532787323,0.38101160526275635,0.3932049870491028,0.40539833903312683,0.4175916910171509,0.4297850728034973,0.44197842478752136,0.4541717767715454,0.46636515855789185,0.4785585105419159,0.49075186252593994,0.5029452443122864,0.5151386260986328,0.5273319482803345,0.5395253300666809,0.5517187118530273,0.563912034034729,0.5761054158210754,0.5882987380027771,0.6004921197891235,0.61268550157547,0.6248788237571716,0.6370722055435181,0.6492655873298645,0.6614589095115662,0.6736522912979126]},"parameters/graph_9fc2.bias":{"values":[1,0,0,0,1,1,1,2,0,0,3,0,2,1,2,2,2,3,0,1,1,1,0,0,2,0,1,0,1,1,1,0,2,3,1,1,5,2,2,2,1,1,2,0,2,1,1,3,0,0,0,2,0,0,0,1,0,0,0,1,0,0,0,1],"bins":[-0.1656917929649353,-0.15452130138874054,-0.14335080981254578,-0.132180318236351,-0.12100982666015625,-0.10983933508396149,-0.09866883605718613,-0.08749834448099136,-0.0763278529047966,-0.06515736132860184,-0.053986869752407074,-0.04281637817621231,-0.03164587914943695,-0.020475387573242188,-0.009304895997047424,0.0018655955791473389,0.013036087155342102,0.024206578731536865,0.03537707030773163,0.04654756188392639,0.057718053460121155,0.06888854503631592,0.08005903661251068,0.09122952818870544,0.1024000346660614,0.11357051134109497,0.12474101781845093,0.1359114944934845,0.14708200097084045,0.15825247764587402,0.16942298412322998,0.18059346079826355,0.1917639672756195,0.20293447375297546,0.21410495042800903,0.225275456905365,0.23644593358039856,0.24761644005775452,0.2587869167327881,0.26995742321014404,0.2811278998851776,0.29229840636253357,0.30346888303756714,0.3146393895149231,0.32580989599227905,0.3369803726673126,0.3481508493423462,0.35932135581970215,0.3704918622970581,0.3816623389720917,0.39283281564712524,0.4040033221244812,0.41517382860183716,0.4263443052768707,0.4375148117542267,0.44868528842926025,0.4598557949066162,0.4710262715816498,0.48219677805900574,0.4933672547340393,0.5045377612113953,0.5157082676887512,0.5268787145614624,0.5380492210388184,0.5492197275161743],"_type":"histogram"},"train_loss":0.6038945732188636,"_timestamp":1.7328875305755577e+09,"test_confusion_matrix":[[91,0,0,0,0,0],[0,97,0,0,1,0],[0,13,59,18,3,0],[0,11,17,35,37,1],[0,0,1,10,90,8],[0,0,0,0,0,88]],"_step":100,"gradients/graph_9fc2.bias":{"bins":[-0.0645805299282074,-0.06072669476270676,-0.056872859597206116,-0.053019024431705475,-0.04916519299149513,-0.04531135782599449,-0.04145752266049385,-0.03760369122028351,-0.03374985605478287,-0.029896020889282227,-0.026042185723781586,-0.022188350558280945,-0.018334515392780304,-0.014480680227279663,-0.01062684878706932,-0.00677301362156868,-0.002919178456068039,0.0009346529841423035,0.004788488149642944,0.008642323315143585,0.012496158480644226,0.016349993646144867,0.020203828811645508,0.02405766397714615,0.02791149914264679,0.03176533430814743,0.03561916947364807,0.039472997188568115,0.043326832354068756,0.0471806675195694,0.05103450268507004,0.05488833785057068,0.05874217301607132,0.06259600818157196,0.0664498433470726,0.07030367851257324,0.07415751367807388,0.07801134884357452,0.08186517655849457,0.08571901172399521,0.08957284688949585,0.09342668205499649,0.09728051722049713,0.10113435238599777,0.10498818755149841,0.10884202271699905,0.1126958578824997,0.11654969304800034,0.12040352821350098,0.12425735592842102,0.12811119854450226,0.1319650262594223,0.13581886887550354,0.13967269659042358,0.14352652430534363,0.14738036692142487,0.1512341946363449,0.15508803725242615,0.1589418649673462,0.16279570758342743,0.16664953529834747,0.1705033779144287,0.17435720562934875,0.17821104824543,0.18206487596035004],"_type":"histogram","values":[1,0,0,0,0,1,1,1,1,1,2,1,1,1,4,8,15,3,4,1,0,1,3,0,1,2,1,0,1,0,0,2,1,0,1,0,0,2,2,0,0,0,0,0,0,0,0,0,0,0,0,0,0,0,0,0,0,0,0,0,0,0,0,1]},"parameters/graph_9fc1.weight":{"_type":"histogram","values":[1,0,0,0,0,0,1,0,0,0,1,1,1,2,0,2,3,1,1,4,3,10,2,6,3,9,9,9,16,9,19,16,28,21,26,23,30,26,20,32,25,32,21,30,26,26,25,26,21,28,18,20,16,14,7,10,6,5,3,5,2,2,0,1],"bins":[-1.14452064037323,-1.1163519620895386,-1.0881834030151367,-1.0600147247314453,-1.031846046447754,-1.0036773681640625,-0.9755088090896606,-0.9473401308059692,-0.9191715121269226,-0.891002893447876,-0.8628342151641846,-0.8346655964851379,-0.8064969778060913,-0.7783282995223999,-0.7501596808433533,-0.7219910621643066,-0.6938223838806152,-0.6656537055969238,-0.6374850869178772,-0.6093164682388306,-0.5811477899551392,-0.5529791712760925,-0.5248105525970459,-0.4966418743133545,-0.46847325563430786,-0.44030463695526123,-0.4121359586715698,-0.3839673399925232,-0.35579872131347656,-0.32763004302978516,-0.2994614243507385,-0.2712927460670471,-0.2431240677833557,-0.21495544910430908,-0.18678677082061768,-0.15861815214157104,-0.13044947385787964,-0.10228085517883301,-0.07411223649978638,-0.04594355821609497,-0.01777493953704834,0.010393679141998291,0.0385623574256897,0.06673097610473633,0.09489959478378296,0.12306827306747437,0.151236891746521,0.17940554022789001,0.20757418870925903,0.23574283719062805,0.26391148567199707,0.2920801043510437,0.3202487528324127,0.34841740131378174,0.37658601999282837,0.4047546684741974,0.4329233169555664,0.4610919654369354,0.48926061391830444,0.5174292325973511,0.5455979108810425,0.5737665295600891,0.6019351482391357,0.6301038265228271,0.6582724452018738]},"parameters/graph_9fc2.weight":{"_type":"histogram","values":[3,0,1,2,2,6,3,9,11,6,19,15,18,20,24,27,40,33,45,34,56,55,62,112,114,125,161,181,325,523,520,370,264,184,129,105,56,60,68,36,33,33,31,32,18,20,19,11,9,8,5,8,8,6,4,7,6,5,4,1,2,0,0,2],"bins":[-1.0980550050735474,-1.0616406202316284,-1.025226354598999,-0.9888120293617249,-0.9523977041244507,-0.9159833192825317,-0.8795689940452576,-0.8431546688079834,-0.8067403435707092,-0.7703260183334351,-0.7339116930961609,-0.6974973678588867,-0.6610829830169678,-0.6246687173843384,-0.5882543325424194,-0.5518400073051453,-0.5154256820678711,-0.4790113568305969,-0.44259703159332275,-0.4061827063560486,-0.3697683811187744,-0.33335399627685547,-0.2969396710395813,-0.26052534580230713,-0.22411102056503296,-0.1876966953277588,-0.15128237009048462,-0.11486804485321045,-0.0784536600112915,-0.04203939437866211,-0.005625009536743164,0.03078925609588623,0.06720352172851562,0.10361790657043457,0.14003217220306396,0.1764465570449829,0.2128608226776123,0.24927520751953125,0.2856895327568054,0.3221038579940796,0.35851818323135376,0.39493250846862793,0.4313468337059021,0.46776115894317627,0.5041755437850952,0.5405898690223694,0.5770041942596436,0.6134185194969177,0.6498328447341919,0.6862471699714661,0.7226614952087402,0.7590758800506592,0.7954901456832886,0.8319045305252075,0.8683188557624817,0.9047331809997559,0.94114750623703,0.9775618314743042,1.0139762163162231,1.0503904819488525,1.0868048667907715,1.1232191324234009,1.1596335172653198,1.1960477828979492,1.2324621677398682]},"gradients/graph_9fc3.weight":{"values":[2,0,0,0,1,0,0,0,0,0,0,0,0,0,0,0,0,1,1,0,0,0,2,0,0,3,3,4,6,5,14,10,26,220,28,15,8,11,5,3,1,1,2,0,0,3,3,1,1,0,0,0,1,0,0,0,0,0,0,0,1,0,1,1],