{"test_confusion_matrix":[[91,0,0,0,0,0],[4,72,18,2,2,0],[2,13,61,15,2,0],[0,16,19,30,28,8],[0,0,3,26,35,45],[0,0,0,0,0,88]],"epoch":250,"parameters/graph_4fc2.bias":{"bins":[-0.0884624570608139,-0.08365099132061005,-0.07883952558040619,-0.07402805238962173,-0.06921658664941788,-0.06440512090921402,-0.059593651443719864,-0.05478218197822571,-0.04997071623802185,-0.04515925049781799,-0.04034778103232384,-0.03553631156682968,-0.030724845826625824,-0.025913380086421967,-0.021101906895637512,-0.016290441155433655,-0.011478975415229797,-0.00666750967502594,-0.0018560439348220825,0.002955429255962372,0.007766894996166229,0.012578360736370087,0.01738983392715454,0.0222012996673584,0.027012765407562256,0.03182423114776611,0.03663569688796997,0.04144716262817383,0.04625864326953888,0.05107010900974274,0.055881574749946594,0.06069304049015045,0.0655045211315155,0.07031598687171936,0.07512745261192322,0.07993891835212708,0.08475038409233093,0.08956186473369598,0.09437333047389984,0.0991847962141037,0.10399626195430756,0.10880772769451141,0.11361919343471527,0.11843066662549973,0.12324213236570358,0.12805360555648804,0.1328650712966919,0.13767653703689575,0.1424880027770996,0.14729946851730347,0.15211093425750732,0.15692239999771118,0.16173386573791504,0.1665453314781189,0.17135681211948395,0.1761682778596878,0.18097974359989166,0.18579120934009552,0.19060267508029938,0.19541414082050323,0.2002256214618683,0.20503708720207214,0.209848552942276,0.21466001868247986,0.21947148442268372],"_type":"histogram","values":[3,1,1,0,1,0,0,0,1,0,2,0,0,1,2,2,1,4,1,1,0,1,1,1,0,0,1,2,3,0,1,2,1,0,2,2,3,0,1,4,2,0,2,1,2,0,1,1,1,0,0,1,1,1,0,0,1,0,0,1,0,0,2,1]},"parameters/graph_4fc1.bias":{"values":[2,0,0,0,1,0,0,2,0,1,1,0,1,0,1,1,2,2,2,2,1,1,3,1,2,3,2,2,1,0,1,1,0,0,2,2,1,1,2,1,0,3,1,2,0,2,2,1,1,1,0,2,0,0,0,0,0,1,0,1,0,1,0,1],"bins":[-0.31552648544311523,-0.3048463463783264,-0.29416623711586,-0.28348612785339355,-0.27280598878860474,-0.2621258497238159,-0.2514457404613495,-0.24076561629772186,-0.23008549213409424,-0.2194053679704666,-0.208725243806839,-0.19804511964321136,-0.18736499547958374,-0.17668487131595612,-0.1660047471523285,-0.15532462298870087,-0.14464449882507324,-0.13396437466144562,-0.123284250497818,-0.11260412633419037,-0.10192400217056274,-0.09124387800693512,-0.0805637538433075,-0.06988362967967987,-0.059203505516052246,-0.04852336645126343,-0.037843257188797,-0.027163147926330566,-0.016483008861541748,-0.00580286979675293,0.004877239465713501,0.015557348728179932,0.02623748779296875,0.03691762685775757,0.047597736120224,0.05827784538269043,0.06895798444747925,0.07963812351226807,0.0903182327747345,0.10099834203720093,0.11167848110198975,0.12235860526561737,0.133038729429245,0.14371885359287262,0.15439897775650024,0.16507910192012787,0.1757592260837555,0.18643935024738312,0.19711947441101074,0.20779959857463837,0.218479722738266,0.22915984690189362,0.23983997106552124,0.25052011013031006,0.2612002193927765,0.2718803286552429,0.28256046772003174,0.29324060678482056,0.303920716047287,0.3146008253097534,0.32528096437454224,0.33596110343933105,0.3466412127017975,0.3573213219642639,0.36800146102905273],"_type":"histogram"},"gradients/graph_4fc2.bias":{"_type":"histogram","values":[1,0,0,0,0,0,0,0,1,0,0,1,1,0,0,0,0,1,1,0,3,1,2,3,2,3,1,4,2,2,0,2,3,3,0,2,0,2,3,3,1,2,0,2,1,1,0,1,0,1,1,0,3,0,0,0,0,0,1,2,0,0,0,1],"bins":[-0.0324719212949276,-0.03148309886455536,-0.03049427829682827,-0.02950545772910118,-0.028516635298728943,-0.027527814731001854,-0.026538994163274765,-0.025550171732902527,-0.024561351165175438,-0.02357253059744835,-0.02258370816707611,-0.021594887599349022,-0.020606067031621933,-0.019617244601249695,-0.018628424033522606,-0.017639603465795517,-0.01665078103542328,-0.01566196046769619,-0.014673138037323952,-0.013684317469596863,-0.012695495039224625,-0.011706674471497536,-0.010717853903770447,-0.009729031473398209,-0.00874021090567112,-0.007751390337944031,-0.006762567907571793,-0.005773747339844704,-0.004784926772117615,-0.0037961043417453766,-0.0028072837740182877,-0.0018184613436460495,-0.0008296370506286621,0.00015918351709842682,0.001148005947470665,0.002136826515197754,0.003125648945569992,0.004114469513297081,0.00510329008102417,0.006092112511396408,0.007080933079123497,0.008069753646850586,0.009058576077222824,0.010047396644949913,0.011036217212677002,0.01202503964304924,0.013013860210776329,0.014002682641148567,0.014991503208875656,0.015980325639247894,0.016969146206974983,0.017957966774702072,0.01894678920507431,0.0199356097728014,0.020924430340528488,0.021913252770900726,0.022902073338627815,0.023890893906354904,0.024879716336727142,0.02586853690445423,0.02685735747218132,0.02784617990255356,0.028835000470280647,0.029823822900652885,0.030812643468379974]},"_step":250,"val_accuracy":0.6788793103448276,"gradients/graph_4fc3.weight":{"values":[1,0,0,0,0,0,0,0,1,0,0,0,0,2,1,0,3,0,3,1,1,1,1,4,3,4,5,6,6,7,7,10,6,20,22,22,85,43,29,17,12,14,13,6,5,6,3,2,2,1,1,2,2,1,0,0,1,1,0,0,0,0,0,1],"bins":[-0.3007165491580963,-0.29238227009773254,-0.2840479910373688,-0.275713711977005,-0.26737943291664124,-0.25904515385627747,-0.2507108747959137,-0.24237658083438873,-0.23404230177402496,-0.2257080227136612,-0.21737374365329742,-0.20903944969177246,-0.2007051706314087,-0.19237089157104492,-0.18403661251068115,-0.17570233345031738,-0.1673680543899536,-0.15903377532958984,-0.15069949626922607,-0.1423652172088623,-0.13403093814849854,-0.12569664418697357,-0.1173623651266098,-0.10902808606624603,-0.10069380700588226,-0.0923595279455185,-0.08402524888515472,-0.07569096982479095,-0.06735667586326599,-0.05902239680290222,-0.05068811774253845,-0.04235383868217468,-0.034019529819488525,-0.025685250759124756,-0.017350971698760986,-0.009016692638397217,-0.0006824135780334473,0.007651880383491516,0.015986159443855286,0.024320438504219055,0.032654717564582825,0.040988996624946594,0.049323275685310364,0.05765755474567413,0.0659918487071991,0.07432612776756287,0.08266040682792664,0.0909946858882904,0.09932896494865417,0.10766324400901794,0.11599752306938171,0.12433180958032608,0.13266608119010925,0.14100036025047302,0.14933465421199799,0.15766893327236176,0.16600321233272552,0.1743374913930893,0.18267177045345306,0.19100606441497803,0.1993403434753418,0.20767462253570557,0.21600890159606934,0.2243431806564331,0.23267745971679688],"_type":"histogram"},"val_loss":0.7704538330435753,"test_accuracy":0.65,"_wandb":{"runtime":24},"parameters/graph_4fc2.weight":{"bins":[-0.4375118911266327,-0.4232310950756073,-0.4089503288269043,-0.3946695327758789,-0.3803887367248535,-0.3661079406738281,-0.35182714462280273,-0.33754637837409973,-0.32326558232307434,-0.30898478627204895,-0.29470402002334595,-0.28042322397232056,-0.26614242792129517,-0.2518616318702698,-0.23758085072040558,-0.22330006957054138,-0.209019273519516,-0.1947384774684906,-0.1804576814174652,-0.1661769151687622,-0.15189611911773682,-0.13761532306671143,-0.12333455681800842,-0.10905376076698303,-0.09477296471595764,-0.08049216866493225,-0.06621137261390686,-0.05193060636520386,-0.03764981031417847,-0.023369014263153076,-0.009088248014450073,0.005192548036575317,0.019473344087600708,0.0337541401386261,0.04803493618965149,0.06231570243835449,0.07659649848937988,0.09087729454040527,0.10515806078910828,0.11943885684013367,0.13371965289115906,0.14800044894218445,0.16228124499320984,0.17656201124191284,0.19084280729293823,0.20512360334396362,0.21940436959266663,0.23368516564369202,0.2479659616947174,0.2622467577457428,0.2765275239944458,0.2908083200454712,0.3050891160964966,0.319369912147522,0.33365070819854736,0.34793147444725037,0.36221227049827576,0.37649306654930115,0.39077383279800415,0.40505462884902954,0.41933542490005493,0.4336162209510803,0.4478970170021057,0.4621777832508087,0.4764585793018341],"_type":"histogram","values":[1,0,1,1,0,1,2,0,3,2,6,5,9,22,15,18,22,31,44,44,60,74,100,99,127,154,177,216,245,230,226,258,246,215,208,180,153,154,122,127,93,93,65,43,45,31,29,22,10,19,12,9,6,6,4,5,0,1,1,0,1,1,1,1]},