{"val_loss":2.6321966101725898,"test_accuracy":0.14847161572052403,"parameters/fc1.bias":{"values":[1,0,1,0,0,1,0,2,1,0,0,0,2,0,0,2,0,1,2,3,1,1,3,0,2,0,2,2,1,2,0,3,1,0,0,3,1,3,4,0,2,3,2,1,1,0,3,0,2,0,2,0,2,0,0,0,0,0,0,0,0,0,0,1],"bins":[-2.3254411220550537,-2.267545461654663,-2.2096498012542725,-2.151754140853882,-2.093858480453491,-2.0359628200531006,-1.97806715965271,-1.9201714992523193,-1.8622758388519287,-1.804380178451538,-1.7464845180511475,-1.6885888576507568,-1.6306931972503662,-1.5727975368499756,-1.514901876449585,-1.4570062160491943,-1.3991105556488037,-1.341214895248413,-1.2833192348480225,-1.2254235744476318,-1.1675279140472412,-1.1096322536468506,-1.05173659324646,-0.9938409328460693,-0.9359452724456787,-0.8780496120452881,-0.8201539516448975,-0.7622582912445068,-0.7043626308441162,-0.6464669704437256,-0.588571310043335,-0.5306756496429443,-0.47277987003326416,-0.41488420963287354,-0.3569885492324829,-0.2990928888320923,-0.24119722843170166,-0.18330156803131104,-0.1254059076309204,-0.06751024723052979,-0.00961458683013916,0.048281073570251465,0.10617673397064209,0.16407239437103271,0.22196805477142334,0.27986371517181396,0.3377593755722046,0.3956550359725952,0.45355069637298584,0.5114463567733765,0.5693420171737671,0.6272376775741577,0.6851333379745483,0.743028998374939,0.8009246587753296,0.8588203191757202,0.9167159795761108,0.9746116399765015,1.032507300376892,1.0904029607772827,1.1482986211776733,1.206194281578064,1.2640899419784546,1.3219856023788452,1.3798812627792358],"_type":"histogram"},"epoch":100,"train_loss":0.37696927332359814,"gradients/fc2.weight":{"values":[1,1,0,0,0,0,1,0,0,0,0,1,0,0,0,0,1,0,1,1,2,4,4,3,4,5,12,8,12,13,14,15,201,18,13,6,5,2,4,8,6,1,2,2,1,4,1,1,1,1,0,0,0,0,1,0,0,0,0,0,1,0,0,2],"bins":[-0.29507169127464294,-0.28586676716804504,-0.27666184306144714,-0.26745691895484924,-0.25825196504592896,-0.24904705584049225,-0.23984211683273315,-0.23063719272613525,-0.22143226861953735,-0.21222734451293945,-0.20302242040634155,-0.19381748139858246,-0.18461255729198456,-0.17540763318538666,-0.16620269417762756,-0.15699777007102966,-0.14779284596443176,-0.13858792185783386,-0.12938299775123596,-0.12017805874347687,-0.11097313463687897,-0.10176821053028107,-0.09256327152252197,-0.08335834741592407,-0.07415342330932617,-0.06494849920272827,-0.05574357509613037,-0.04653863608837128,-0.03733369708061218,-0.028128772974014282,-0.018923848867416382,-0.009718924760818481,-0.0005140304565429688,0.008690893650054932,0.017895817756652832,0.027100741863250732,0.03630566596984863,0.04551060497760773,0.05471554398536682,0.06392046809196472,0.07312539219856262,0.08233031630516052,0.09153524041175842,0.10074017941951752,0.10994510352611542,0.11915002763271332,0.1283549666404724,0.1375598907470703,0.1467648148536682,0.1559697389602661,0.165174663066864,0.1743796020746231,0.183584526181221,0.1927894502878189,0.201994389295578,0.2111993134021759,0.2204042375087738,0.2296091616153717,0.2388140857219696,0.2480190247297287,0.2572239637374878,0.2664288878440857,0.2756338119506836,0.2848387360572815,0.2940436601638794],"_type":"histogram"},"gradients/fc1.weight":{"bins":[-0.24870455265045166,-0.2408657968044281,-0.23302704095840454,-0.22518828511238098,-0.21734951436519623,-0.20951075851917267,-0.2016720026731491,-0.19383324682712555,-0.1859944760799408,-0.17815572023391724,-0.17031696438789368,-0.16247820854187012,-0.15463945269584656,-0.146800696849823,-0.13896194100379944,-0.13112317025661469,-0.12328441441059113,-0.11544565856456757,-0.107606902718544,-0.09976813197135925,-0.0919293761253357,-0.08409062027931213,-0.07625186443328857,-0.06841310858726501,-0.060574352741241455,-0.0527355819940567,-0.04489682614803314,-0.03705807030200958,-0.029219314455986023,-0.021380558609962463,-0.01354178786277771,-0.00570303201675415,0.002135723829269409,0.009974479675292969,0.01781323552131653,0.025652006268501282,0.03349076211452484,0.0413295179605484,0.04916827380657196,0.05700702965259552,0.06484580039978027,0.07268455624580383,0.08052331209182739,0.08836206793785095,0.09620082378387451,0.10403957962989807,0.11187835037708282,0.11971710622310638,0.12755586206912994,0.1353946179151535,0.14323338866233826,0.15107214450836182,0.15891090035438538,0.16674965620040894,0.1745884120464325,0.18242716789245605,0.19026592373847961,0.19810469448566437,0.20594345033168793,0.2137822061777115,0.22162096202373505,0.2294597327709198,0.23729848861694336,0.24513724446296692,0.2529760003089905],"_type":"histogram","values":[1,1,0,0,0,0,0,1,1,0,2,0,1,1,1,2,6,6,5,4,7,8,15,10,13,17,24,32,36,39,40,123,80,51,35,26,16,15,11,13,12,12,6,3,4,3,4,1,2,0,1,3,2,1,0,1,2,0,1,0,1,0,0,2]},"_timestamp":1.7328869007015562e+09,"test_confusion_matrix":[[0,0,2,3,1,0],[0,0,61,34,1,0],[0,0,19,70,10,0],[0,0,1,14,9,2],[0,0,0,1,1,0],[0,0,0,0,0,0]],"_runtime":7.1669462,"_step":100,"train_accuracy":0.8618331053351573,"val_accuracy":0.6174863387978142,"parameters/fc1.weight":{"_type":"histogram","values":[1,0,0,1,0,0,0,1,0,1,0,2,0,2,2,3,3,9,7,7,9,12,10,9,12,13,23,17,16,16,22,20,20,24,28,23,26,19,33,28,28,30,28,20,32,23,20,11,12,15,14,12,14,7,7,1,6,0,2,1,0,1,0,1],"bins":[-2.7020955085754395,-2.6300411224365234,-2.5579864978790283,-2.4859321117401123,-2.413877487182617,-2.341823101043701,-2.269768476486206,-2.19771409034729,-2.125659465789795,-2.053605079650879,-1.9815505743026733,-1.9094960689544678,-1.8374416828155518,-1.7653870582580566,-1.6933326721191406,-1.621278166770935,-1.5492236614227295,-1.477169156074524,-1.4051146507263184,-1.3330601453781128,-1.2610056400299072,-1.1889512538909912,-1.1168967485427856,-1.04484224319458,-0.9727877378463745,-0.900733232498169,-0.8286787271499634,-0.7566242218017578,-0.6845698356628418,-0.6125152111053467,-0.5404608249664307,-0.46840620040893555,-0.39635169506073,-0.32429730892181396,-0.25224268436431885,-0.18018829822540283,-0.10813367366790771,-0.0360792875289917,0.03597521781921387,0.10802972316741943,0.180084228515625,0.25213873386383057,0.32419323921203613,0.3962477445602417,0.4683021306991577,0.5403566360473633,0.6124111413955688,0.6844656467437744,0.75652015209198,0.8285746574401855,0.9006291627883911,0.9726836085319519,1.0447380542755127,1.1167926788330078,1.1888470649719238,1.2609015703201294,1.332956075668335,1.4050105810165405,1.477065086364746,1.549119472503662,1.6211740970611572,1.6932284832000732,1.7652829885482788,1.8373374938964844,1.90939199924469]},"gradients/fc1.bias":{"_type":"histogram","values":[1,0,0,0,0,1,0,0,1,0,1,2,0,1,1,2,2,0,0,2,1,5,3,0,3,3,1,6,0,2,2,2,2,0,2,0,0,0,1,2,1,2,1,1,1,0,0,0,1,0,0,1,0,1,1,0,0,0,0,0,1,2,0,2],"bins":[-0.12004165351390839,-0.11600255221128464,-0.11196345090866089,-0.10792434960603714,-0.10388524830341339,-0.09984615445137024,-0.09580705314874649,-0.09176795184612274,-0.08772885054349899,-0.08368974924087524,-0.0796506479382515,-0.07561154663562775,-0.0715724527835846,-0.06753334403038025,-0.0634942501783371,-0.05945514887571335,-0.0554160475730896,-0.05137694627046585,-0.0473378449678421,-0.04329874366521835,-0.039259642362594604,-0.03522054851055145,-0.031181447207927704,-0.027142345905303955,-0.023103244602680206,-0.019064143300056458,-0.015025041997432709,-0.01098594069480896,-0.006946846842765808,-0.0029077455401420593,0.0011313557624816895,0.005170464515686035,0.00920957326889038,0.013248667120933533,0.01728777587413788,0.021326877176761627,0.025365978479385376,0.029405072331428528,0.03344417363405228,0.037483274936676025,0.041522376239299774,0.04556147754192352,0.04960057884454727,0.05363968014717102,0.05767877399921417,0.06171787530183792,0.06575697660446167,0.06979607790708542,0.07383517920970917,0.07787428051233292,0.08191338181495667,0.08595247566699982,0.08999158442020416,0.09403067827224731,0.09806977957487106,0.10210888087749481,0.10614798218011856,0.11018708348274231,0.11422618478536606,0.11826528608798981,0.12230437994003296,0.1263434886932373,0.13038258254528046,0.1344216912984848,0.13846078515052795]},