{"test_classification_report":"              precision    recall  f1-score   support\n\n           0       1.00      0.00      0.00         6\n           1       1.00      0.00      0.00        96\n           2       0.32      0.35      0.33        99\n           3       0.18      0.69      0.28        26\n           4       0.06      0.50      0.11         2\n\n    accuracy                           0.24       229\n   macro avg       0.51      0.31      0.15       229\nweighted avg       0.60      0.24      0.18       229\n","_step":100,"gradients/fc1.weight":{"bins":[-0.1334604173898697,-0.12839990854263306,-0.12333939224481583,-0.1182788759469986,-0.11321836709976196,-0.10815785080194473,-0.1030973345041275,-0.09803682565689087,-0.09297630935907364,-0.08791579306125641,-0.08285528421401978,-0.07779476791620255,-0.07273425161838531,-0.06767374277114868,-0.06261322647333145,-0.05755271762609482,-0.05249220132827759,-0.04743168503046036,-0.042371176183223724,-0.037310659885406494,-0.03225015103816986,-0.02718963474035263,-0.0221291184425354,-0.017068609595298767,-0.012008093297481537,-0.006947576999664307,-0.0018870681524276733,0.00317344069480896,0.008233964443206787,0.01329447329044342,0.018354982137680054,0.02341550588607788,0.028476014733314514,0.03353652358055115,0.038597047328948975,0.04365755617618561,0.04871806502342224,0.05377858877182007,0.0588390976190567,0.06389960646629333,0.06896012276411057,0.0740206390619278,0.07908114790916443,0.08414166420698166,0.08920218050479889,0.09426268935203552,0.09932320564985275,0.10438371449708939,0.10944423079490662,0.11450474709272385,0.11956525593996048,0.12462577223777771,0.12968628108501434,0.13474678993225098,0.1398073136806488,0.14486782252788544,0.14992833137512207,0.1549888551235199,0.16004936397075653,0.16510987281799316,0.170170396566391,0.17523090541362762,0.18029141426086426,0.18535193800926208,0.19041244685649872],"_type":"histogram","values":[1,0,1,0,0,1,0,1,1,1,6,4,6,1,1,1,4,4,2,2,8,1,7,4,6,8,33,4,7,10,7,8,6,3,5,4,1,2,1,2,2,2,0,2,1,1,1,2,0,0,0,0,0,0,0,0,0,0,0,0,0,0,0,1]},"test_accuracy":0.23580786026200873,"_timestamp":1.7328868107336912e+09,"_runtime":6.3509151,"test_confusion_matrix":[[0,0,4,2,0],[0,0,71,23,2],[0,0,35,58,6],[0,0,1,18,7],[0,0,0,1,1]],"train_accuracy":0.7004103967168263,"epoch":100,"parameters/fc2.bias":{"_type":"histogram","values":[1,0,0,0,0,0,0,0,1,0,0,0,0,0,0,0,0,0,0,0,0,0,0,0,0,1,0,0,0,0,0,0,0,0,0,0,0,0,0,0,0,0,0,0,1,0,1,0,0,0,0,0,0,0,0,0,0,0,0,0,0,0,0,1],"bins":[-1.274497151374817,-1.2438844442367554,-1.2132716178894043,-1.1826589107513428,-1.1520462036132812,-1.1214334964752197,-1.0908207893371582,-1.0602079629898071,-1.0295952558517456,-0.9989825487136841,-0.9683697819709778,-0.9377570152282715,-0.90714430809021,-0.8765316009521484,-0.8459188342094421,-0.8153060674667358,-0.7846933603286743,-0.7540806531906128,-0.7234678864479065,-0.6928551197052002,-0.6622424125671387,-0.6316297054290771,-0.6010169386863708,-0.5704041719436646,-0.539791464805603,-0.5091787576675415,-0.4785659909248352,-0.4479532241821289,-0.4173405170440674,-0.38672780990600586,-0.35611504316329956,-0.32550227642059326,-0.2948896288871765,-0.264276921749115,-0.2336641550064087,-0.2030513882637024,-0.17243868112564087,-0.14182597398757935,-0.11121320724487305,-0.08060044050216675,-0.049987733364105225,-0.0193750262260437,0.011237740516662598,0.041850507259368896,0.07246321439743042,0.10307592153549194,0.13368868827819824,0.16430145502090454,0.19491416215896606,0.22552689909934998,0.2561396360397339,0.2867523729801178,0.3173651099205017,0.3479778468608856,0.37859058380126953,0.40920332074165344,0.43981605768203735,0.47042879462242126,0.5010415315628052,0.5316542387008667,0.562267005443573,0.5928797721862793,0.6234924793243408,0.6541051864624023,0.6847179532051086]},"train_loss":0.7026601569808048,"gradients/fc2.bias":{"_type":"histogram","values":[1,0,0,0,0,0,0,0,0,0,0,0,0,1,0,0,0,0,0,0,0,0,0,0,0,0,0,1,0,0,2,0,0,0,0,0,0,0,0,0,0,0,0,0,0,0,0,0,0,0,0,0,0,0,0,0,0,0,0,0,0,0,0,1],"bins":[-0.11856283247470856,-0.11428358405828476,-0.11000433564186096,-0.10572507977485657,-0.10144583135843277,-0.09716658294200897,-0.09288733452558517,-0.08860808610916138,-0.08432883024215698,-0.08004958927631378,-0.07577033340930939,-0.07149108499288559,-0.06721183657646179,-0.0629325807094574,-0.0586533360183239,-0.0543740838766098,-0.050094835460186005,-0.04581558704376221,-0.04153633862733841,-0.037257082760334015,-0.03297783434391022,-0.02869858592748642,-0.024419337511062622,-0.020140089094638824,-0.015860840678215027,-0.011581584811210632,-0.007302336394786835,-0.003023087978363037,0.0012561604380607605,0.005535408854484558,0.009814664721488953,0.014093905687332153,0.018373161554336548,0.022652417421340942,0.026931658387184143,0.031210914254188538,0.035490162670612335,0.03976941108703613,0.04404865950345993,0.04832790791988373,0.05260716378688812,0.05688641220331192,0.06116566061973572,0.06544490903615952,0.06972415745258331,0.07400340586900711,0.0782826617360115,0.0825619101524353,0.0868411585688591,0.0911204069852829,0.09539966285228729,0.0996789038181305,0.10395815968513489,0.10823740810155869,0.11251665651798248,0.11679591238498688,0.12107515335083008,0.12535440921783447,0.12963366508483887,0.13391290605068207,0.13819216191768646,0.14247140288352966,0.14675065875053406,0.15102989971637726,0.15530915558338165]},"parameters/fc1.weight":{"_type":"histogram","values":[2,0,1,1,0,0,0,0,0,0,1,2,2,1,0,1,1,1,4,2,3,1,2,3,3,5,0,3,5,3,9,7,6,2,7,1,9,6,7,7,5,2,5,2,4,3,8,3,4,5,2,2,3,1,4,3,1,3,1,1,0,2,2,2],"bins":[-1.9724500179290771,-1.9201020002365112,-1.8677541017532349,-1.815406084060669,-1.7630581855773926,-1.7107101678848267,-1.6583621501922607,-1.6060142517089844,-1.553666353225708,-1.501318335533142,-1.4489703178405762,-1.3966224193572998,-1.3442744016647339,-1.291926383972168,-1.2395784854888916,-1.1872305870056152,-1.1348825693130493,-1.0825345516204834,-1.030186653137207,-0.9778386950492859,-0.9254907369613647,-0.8731427192687988,-0.8207948207855225,-0.7684468030929565,-0.7160987854003906,-0.6637508869171143,-0.6114028692245483,-0.559054970741272,-0.506706953048706,-0.4543590545654297,-0.40201103687286377,-0.3496631383895874,-0.2973151206970215,-0.24496710300445557,-0.1926192045211792,-0.14027118682861328,-0.08792328834533691,-0.035575270652770996,0.01677262783050537,0.06912064552307129,0.12146854400634766,0.17381656169891357,0.2261645793914795,0.27851247787475586,0.3308604955673218,0.3832084536552429,0.43555641174316406,0.4879043698310852,0.5402523279190063,0.5926002860069275,0.6449482440948486,0.6972962021827698,0.7496441602706909,0.8019921779632568,0.854340136051178,0.9066880941390991,0.9590360522270203,1.0113840103149414,1.0637319087982178,1.1160799264907837,1.1684279441833496,1.220775842666626,1.273123860359192,1.3254717588424683,1.3778197765350342]},"_wandb":{"runtime":6},"parameters/fc2.weight":{"values":[1,0,0,0,0,0,0,0,1,0,0,0,0,0,0,0,2,0,0,0,1,0,0,2,0,0,1,0,1,1,1,1,1,0,1,1,1,5,3,4,1,1,2,6,4,9,8,8,5,6,5,5,1,3,1,0,1,0,0,0,1,0,0,1],